"province_name","city_name","district_name","jt_province_name","jt_city_name","jt_city_code","jt_district_name","jt_area_code","wc_state_code"
"ACEH","KAB. ACEH BARAT","JOHAN PAHLAWAN","NANGGROE ACEH DARUSSALAM","MEULABOH","MEH","JOHAN PAHLAWAN","MEH001","AC"
"ACEH","KAB. ACEH BARAT","KAWAY XVI","NANGGROE ACEH DARUSSALAM","MEULABOH","MEH","KAWAY XVI","MEH004","AC"
"ACEH","KAB. ACEH BARAT","SUNGAI MAS","NANGGROE ACEH DARUSSALAM","MEULABOH","MEH","SUNGAI MAS","MEH009","AC"
"ACEH","KAB. ACEH BARAT","WOYLA","NANGGROE ACEH DARUSSALAM","MEULABOH","MEH","WOYLA","MEH010","AC"
"ACEH","KAB. ACEH BARAT","SAMATIGA","NANGGROE ACEH DARUSSALAM","MEULABOH","MEH","SAMATIGA","MEH008","AC"
"ACEH","KAB. ACEH BARAT","BUBON","NANGGROE ACEH DARUSSALAM","MEULABOH","MEH","BUBON","MEH003","AC"
"ACEH","KAB. ACEH BARAT","ARONGAN LAMBALEK","NANGGROE ACEH DARUSSALAM","MEULABOH","MEH","ARONGAN LAMBALEK","MEH002","AC"
"ACEH","KAB. ACEH BARAT","PANTE CEUREUMEN","NANGGROE ACEH DARUSSALAM","MEULABOH","MEH","PANTAI CEUREMEN","MEH006","AC"
"ACEH","KAB. ACEH BARAT","MEUREUBO","NANGGROE ACEH DARUSSALAM","MEULABOH","MEH","MEUREUBO","MEH005","AC"
"ACEH","KAB. ACEH BARAT","WOYLA BARAT","NANGGROE ACEH DARUSSALAM","MEULABOH","MEH","WOYLA BARAT","MEH011","AC"
"ACEH","KAB. ACEH BARAT","WOYLA TIMUR","NANGGROE ACEH DARUSSALAM","MEULABOH","MEH","WOYLA TIMUR","MEH012","AC"
"ACEH","KAB. ACEH BARAT","PANTON REU","NANGGROE ACEH DARUSSALAM","MEULABOH","MEH","PANTON REU","MEH007","AC"
"ACEH","KAB. ACEH BARAT DAYA","BLANG PIDIE","NANGGROE ACEH DARUSSALAM","ACEH BARAT DAYA","BLP","BLANG PIDIE","BLP002","AC"
"ACEH","KAB. ACEH BARAT DAYA","TANGAN-TANGAN","NANGGROE ACEH DARUSSALAM","ACEH BARAT DAYA","BLP","TANGAN-TANGAN","BLP009","AC"
"ACEH","KAB. ACEH BARAT DAYA","MANGGENG","NANGGROE ACEH DARUSSALAM","ACEH BARAT DAYA","BLP","MANGGENG","BLP006","AC"
"ACEH","KAB. ACEH BARAT DAYA","SUSOH","NANGGROE ACEH DARUSSALAM","ACEH BARAT DAYA","BLP","SUSOH","BLP008","AC"
"ACEH","KAB. ACEH BARAT DAYA","KUALA BATEE","NANGGROE ACEH DARUSSALAM","ACEH BARAT DAYA","BLP","KUALA BATEE","BLP004","AC"
"ACEH","KAB. ACEH BARAT DAYA","BABAH ROT","NANGGROE ACEH DARUSSALAM","ACEH BARAT DAYA","BLP","BABAH ROT","BLP001","AC"
"ACEH","KAB. ACEH BARAT DAYA","SETIA","NANGGROE ACEH DARUSSALAM","ACEH BARAT DAYA","BLP","SETIA","BLP007","AC"
"ACEH","KAB. ACEH BARAT DAYA","JEUMPA","NANGGROE ACEH DARUSSALAM","ACEH BARAT DAYA","BLP","JEUMPA-BLP","BLP003","AC"
"ACEH","KAB. ACEH BARAT DAYA","LEMBAH SABIL","NANGGROE ACEH DARUSSALAM","ACEH BARAT DAYA","BLP","LEMBAH SABIL","BLP005","AC"
"ACEH","KAB. ACEH BESAR","LHOONG","NANGGROE ACEH DARUSSALAM","JANTHO","JTO","LHOONG","JTO002","AC"
"ACEH","KAB. ACEH BESAR","LHOKNGA","NANGGROE ACEH DARUSSALAM","JANTHO","JTO","LHO NGA","JTO003","AC"
"ACEH","KAB. ACEH BESAR","INDRAPURI","NANGGROE ACEH DARUSSALAM","JANTHO","JTO","INDRAPURI","JTO005","AC"
"ACEH","KAB. ACEH BESAR","SEULIMEUM","NANGGROE ACEH DARUSSALAM","JANTHO","JTO","SEULIMUM","JTO007","AC"
"ACEH","KAB. ACEH BESAR","MONTASIK","NANGGROE ACEH DARUSSALAM","JANTHO","JTO","MONTASIK","JTO009","AC"
"ACEH","KAB. ACEH BESAR","SUKAMAKMUR","NANGGROE ACEH DARUSSALAM","JANTHO","JTO","SUKA MAKMUR","JTO012","AC"
"ACEH","KAB. ACEH BESAR","DARUL IMARAH","NANGGROE ACEH DARUSSALAM","JANTHO","JTO","DARUL IMARAH","JTO015","AC"
"ACEH","KAB. ACEH BESAR","PEUKAN BADA","NANGGROE ACEH DARUSSALAM","JANTHO","JTO","PEUKAN BADA","JTO017","AC"
"ACEH","KAB. ACEH BESAR","MESJID RAYA","NANGGROE ACEH DARUSSALAM","JANTHO","JTO","MESJID RAYA","JTO008","AC"
"ACEH","KAB. ACEH BESAR","INGIN JAYA","NANGGROE ACEH DARUSSALAM","JANTHO","JTO","INGIN JAYA","JTO010","AC"
"ACEH","KAB. ACEH BESAR","KUTA BARO","NANGGROE ACEH DARUSSALAM","JANTHO","JTO","KUTA BARO","JTO021","AC"
"ACEH","KAB. ACEH BESAR","DARUSSALAM","NANGGROE ACEH DARUSSALAM","JANTHO","JTO","DARUSSALAM","JTO019","AC"
"ACEH","KAB. ACEH BESAR","PULO ACEH","NANGGROE ACEH DARUSSALAM","JANTHO","JTO","PULO ACEH","JTO018","AC"
"ACEH","KAB. ACEH BESAR","LEMBAH SEULAWAH","NANGGROE ACEH DARUSSALAM","JANTHO","JTO","LEMBAH SEULAWAH","JTO023","AC"
"ACEH","KAB. ACEH BESAR","KOTA JANTHO","NANGGROE ACEH DARUSSALAM","JANTHO","JTO","JANTHO","JTO001","AC"
"ACEH","KAB. ACEH BESAR","KOTA COT GLIE","NANGGROE ACEH DARUSSALAM","JANTHO","JTO","KUTA COT GLIE","JTO006","AC"
"ACEH","KAB. ACEH BESAR","KUTA MALAKA","NANGGROE ACEH DARUSSALAM","JANTHO","JTO","KUTA MALAKA","JTO013","AC"
"ACEH","KAB. ACEH BESAR","SIMPANG TIGA","NANGGROE ACEH DARUSSALAM","JANTHO","JTO","SIMPANG TIGA-JTO","JTO014","AC"
"ACEH","KAB. ACEH BESAR","DARUL KAMAL","NANGGROE ACEH DARUSSALAM","JANTHO","JTO","DARUL KAMAL","JTO016","AC"
"ACEH","KAB. ACEH BESAR","BAITUSSALAM","NANGGROE ACEH DARUSSALAM","JANTHO","JTO","BAITUSSALAM","JTO020","AC"
"ACEH","KAB. ACEH BESAR","KRUENG BARONA JAYA","NANGGROE ACEH DARUSSALAM","JANTHO","JTO","KRUENG BARONA JAYA","JTO011","AC"
"ACEH","KAB. ACEH BESAR","LEUPUNG","NANGGROE ACEH DARUSSALAM","JANTHO","JTO","LEUPUNG","JTO004","AC"
"ACEH","KAB. ACEH BESAR","BLANG BINTANG","NANGGROE ACEH DARUSSALAM","JANTHO","JTO","BLANG BINTANG","JTO022","AC"
"ACEH","KAB. ACEH JAYA","TEUNOM","NANGGROE ACEH DARUSSALAM","CALANG","CLG","TEUNOM","CLG006","AC"
"ACEH","KAB. ACEH JAYA","KRUENG SABEE","NANGGROE ACEH DARUSSALAM","CALANG","CLG","KRUENG SABEE","CLG003","AC"
"ACEH","KAB. ACEH JAYA","SETIA BHAKTI","NANGGROE ACEH DARUSSALAM","CALANG","CLG","SETIA BAKTI","CLG005","AC"
"ACEH","KAB. ACEH JAYA","SAMPOINIET","NANGGROE ACEH DARUSSALAM","CALANG","CLG","SAMPOINIET","CLG004","AC"
"ACEH","KAB. ACEH JAYA","JAYA","NANGGROE ACEH DARUSSALAM","CALANG","CLG","JAYA","CLG001","AC"
"ACEH","KAB. ACEH JAYA","PANGA","NANGGROE ACEH DARUSSALAM","CALANG","CLG","KEUDE PANGA","CLG002","AC"
"ACEH","KAB. ACEH JAYA","INDRA JAYA","NANGGROE ACEH DARUSSALAM","CALANG","CLG","INDRA JAYA","CLG008","AC"
"ACEH","KAB. ACEH JAYA","DARUL HIKMAH","NANGGROE ACEH DARUSSALAM","CALANG","CLG","DARUL HIKMAH","CLG007","AC"
"ACEH","KAB. ACEH JAYA","PASIE RAYA","NANGGROE ACEH DARUSSALAM","CALANG","CLG","PASIE RAYA","CLG009","AC"
"ACEH","KAB. ACEH SELATAN","BAKONGAN","NANGGROE ACEH DARUSSALAM","ACEH SELATAN","TPK","BAKONGAN","TPK001","AC"
"ACEH","KAB. ACEH SELATAN","KLUET UTARA","NANGGROE ACEH DARUSSALAM","ACEH SELATAN","TPK","KLUET UTARA","TPK006","AC"
"ACEH","KAB. ACEH SELATAN","KLUET SELATAN","NANGGROE ACEH DARUSSALAM","ACEH SELATAN","TPK","KLUET SELATAN","TPK003","AC"
"ACEH","KAB. ACEH SELATAN","LABUHAN HAJI","NANGGROE ACEH DARUSSALAM","ACEH SELATAN","TPK","LABUHAN HAJI-TPK","TPK007","AC"
"ACEH","KAB. ACEH SELATAN","MEUKEK","NANGGROE ACEH DARUSSALAM","ACEH SELATAN","TPK","MEUKEK","TPK010","AC"
"ACEH","KAB. ACEH SELATAN","SAMADUA","NANGGROE ACEH DARUSSALAM","ACEH SELATAN","TPK","SAMA DUA","TPK012","AC"
"ACEH","KAB. ACEH SELATAN","SAWANG","NANGGROE ACEH DARUSSALAM","ACEH SELATAN","TPK","SAWANG-TPK","TPK013","AC"
"ACEH","KAB. ACEH SELATAN","TAPAKTUAN","NANGGROE ACEH DARUSSALAM","ACEH SELATAN","TPK","TAPAK TUAN","TPK014","AC"
"ACEH","KAB. ACEH SELATAN","TRUMON","NANGGROE ACEH DARUSSALAM","ACEH SELATAN","TPK","TRUMON","TPK015","AC"
"ACEH","KAB. ACEH SELATAN","PASI RAJA","NANGGROE ACEH DARUSSALAM","ACEH SELATAN","TPK","PASIE RAJA","TPK011","AC"
"ACEH","KAB. ACEH SELATAN","LABUHAN HAJI TIMUR","NANGGROE ACEH DARUSSALAM","ACEH SELATAN","TPK","LABUHAN HAJI TIMUR","TPK009","AC"
"ACEH","KAB. ACEH SELATAN","LABUHAN HAJI BARAT","NANGGROE ACEH DARUSSALAM","ACEH SELATAN","TPK","LABUHAN HAJI BARAT","TPK008","AC"
"ACEH","KAB. ACEH SELATAN","KLUET TENGAH","NANGGROE ACEH DARUSSALAM","ACEH SELATAN","TPK","KLUET TENGAH","TPK004","AC"
"ACEH","KAB. ACEH SELATAN","KLUET TIMUR","NANGGROE ACEH DARUSSALAM","ACEH SELATAN","TPK","KLUET TIMUR","TPK005","AC"
"ACEH","KAB. ACEH SELATAN","BAKONGAN TIMUR","NANGGROE ACEH DARUSSALAM","ACEH SELATAN","TPK","BAKONGAN TIMUR","TPK002","AC"
"ACEH","KAB. ACEH SELATAN","TRUMON TIMUR","NANGGROE ACEH DARUSSALAM","ACEH SELATAN","TPK","TRUMON TIMUR","TPK016","AC"
"ACEH","KAB. ACEH SELATAN","KOTA BAHAGIA","NANGGROE ACEH DARUSSALAM","ACEH SELATAN","TPK","KOTA BAHAGIA","TPK017","AC"
"ACEH","KAB. ACEH SELATAN","TRUMON TENGAH","NANGGROE ACEH DARUSSALAM","ACEH SELATAN","TPK","TRUMON TENGAH","TPK018","AC"
"ACEH","KAB. ACEH SINGKIL","PULAU BANYAK","NANGGROE ACEH DARUSSALAM","SINGKIL","SNK","PULAU BANYAK","SNK005","AC"
"ACEH","KAB. ACEH SINGKIL","SIMPANG KANAN","NANGGROE ACEH DARUSSALAM","SINGKIL","SNK","SIMPANG KANAN-SNK","SNK006","AC"
"ACEH","KAB. ACEH SINGKIL","SINGKIL","NANGGROE ACEH DARUSSALAM","SINGKIL","SNK","SINGKIL-SNK","SNK007","AC"
"ACEH","KAB. ACEH SINGKIL","GUNUNG MERIAH","NANGGROE ACEH DARUSSALAM","SINGKIL","SNK","GUNUNG MERIAH-SNK","SNK002","AC"
"ACEH","KAB. ACEH SINGKIL","KOTA BAHARU","NANGGROE ACEH DARUSSALAM","SINGKIL","SNK","KOTA BAHARU","SNK003","AC"
"ACEH","KAB. ACEH SINGKIL","SINGKIL UTARA","NANGGROE ACEH DARUSSALAM","SINGKIL","SNK","SINGKIL UTARA","SNK008","AC"
"ACEH","KAB. ACEH SINGKIL","DANAU PARIS","NANGGROE ACEH DARUSSALAM","SINGKIL","SNK","DANAU PARIS","SNK001","AC"
"ACEH","KAB. ACEH SINGKIL","SURO MAKMUR","NANGGROE ACEH DARUSSALAM","SINGKIL","SNK","SURO MAKMUR","SNK010","AC"
"ACEH","KAB. ACEH SINGKIL","SINGKOHOR","NANGGROE ACEH DARUSSALAM","SINGKIL","SNK","SINGKOHOR","SNK009","AC"
"ACEH","KAB. ACEH SINGKIL","KUALA BARU","NANGGROE ACEH DARUSSALAM","SINGKIL","SNK","KUALA BARU","SNK004","AC"
"ACEH","KAB. ACEH SINGKIL","PULAU BANYAK BARAT","NANGGROE ACEH DARUSSALAM","SINGKIL","SNK","PULAU BANYAK BARAT","SNK011","AC"
"ACEH","KAB. ACEH TAMIANG","MANYAK PAYED","NANGGROE ACEH DARUSSALAM","KUALA SIMPANG","KSP","MANYAK PAYED","KSP008","AC"
"ACEH","KAB. ACEH TAMIANG","BENDAHARA","NANGGROE ACEH DARUSSALAM","KUALA SIMPANG","KSP","BENDAHARA","KSP009","AC"
"ACEH","KAB. ACEH TAMIANG","KARANG BARU","NANGGROE ACEH DARUSSALAM","KUALA SIMPANG","KSP","KARANG BARU","KSP002","AC"
"ACEH","KAB. ACEH TAMIANG","SERUWAY","NANGGROE ACEH DARUSSALAM","KUALA SIMPANG","KSP","SERUWAY","KSP011","AC"
"ACEH","KAB. ACEH TAMIANG","KOTA KUALASINPANG","NANGGROE ACEH DARUSSALAM","KUALA SIMPANG","KSP","KUALA SIMPANG","KSP001","AC"
"ACEH","KAB. ACEH TAMIANG","KEJURUAN MUDA","NANGGROE ACEH DARUSSALAM","KUALA SIMPANG","KSP","KEJURUAN MUDA","KSP004","AC"
"ACEH","KAB. ACEH TAMIANG","TAMIANG HULU","NANGGROE ACEH DARUSSALAM","KUALA SIMPANG","KSP","TAMIANG HULU","KSP007","AC"
"ACEH","KAB. ACEH TAMIANG","RANTAU","NANGGROE ACEH DARUSSALAM","KUALA SIMPANG","KSP","RANTAU","KSP012","AC"
"ACEH","KAB. ACEH TAMIANG","BANDA MULIA","NANGGROE ACEH DARUSSALAM","KUALA SIMPANG","KSP","BANDA MULIA","KSP010","AC"
"ACEH","KAB. ACEH TAMIANG","BANDAR PUSAKA","NANGGROE ACEH DARUSSALAM","KUALA SIMPANG","KSP","BANDAR PUSAKA","KSP006","AC"
"ACEH","KAB. ACEH TAMIANG","TENGGULUN","NANGGROE ACEH DARUSSALAM","KUALA SIMPANG","KSP","TENGGULUM","KSP005","AC"
"ACEH","KAB. ACEH TAMIANG","SEKERAK","NANGGROE ACEH DARUSSALAM","KUALA SIMPANG","KSP","SEKERAK","KSP003","AC"
"ACEH","KAB. ACEH TENGAH","LINGE","NANGGROE ACEH DARUSSALAM","TAKENGON","TKO","LINGE","TKO010","AC"
"ACEH","KAB. ACEH TENGAH","SILIH NARA","NANGGROE ACEH DARUSSALAM","TAKENGON","TKO","SILIH NARA","TKO008","AC"
"ACEH","KAB. ACEH TENGAH","BEBESEN","NANGGROE ACEH DARUSSALAM","TAKENGON","TKO","BEBESEN","TKO003","AC"
"ACEH","KAB. ACEH TENGAH","PEGASING","NANGGROE ACEH DARUSSALAM","TAKENGON","TKO","PEGASING","TKO004","AC"
"ACEH","KAB. ACEH TENGAH","BINTANG","NANGGROE ACEH DARUSSALAM","TAKENGON","TKO","BINTANG","TKO014","AC"
"ACEH","KAB. ACEH TENGAH","KETOL","NANGGROE ACEH DARUSSALAM","TAKENGON","TKO","KETOL","TKO009","AC"
"ACEH","KAB. ACEH TENGAH","KEBAYAKAN","NANGGROE ACEH DARUSSALAM","TAKENGON","TKO","KEBAYAKAN","TKO002","AC"
"ACEH","KAB. ACEH TENGAH","KUTE PANANG","NANGGROE ACEH DARUSSALAM","TAKENGON","TKO","KUTE PANANG","TKO013","AC"
"ACEH","KAB. ACEH TENGAH","CELALA","NANGGROE ACEH DARUSSALAM","TAKENGON","TKO","CELALA","TKO006","AC"
"ACEH","KAB. ACEH TENGAH","LAUT TAWAR","NANGGROE ACEH DARUSSALAM","TAKENGON","TKO","LAUT TAWAR","TKO001","AC"
"ACEH","KAB. ACEH TENGAH","ATU LINTANG","NANGGROE ACEH DARUSSALAM","TAKENGON","TKO","ATU LINTANG","TKO011","AC"
"ACEH","KAB. ACEH TENGAH","JAGONG JEGET","NANGGROE ACEH DARUSSALAM","TAKENGON","TKO","JAGONG JEGET","TKO012","AC"
"ACEH","KAB. ACEH TENGAH","BIES","NANGGROE ACEH DARUSSALAM","TAKENGON","TKO","BIES","TKO005","AC"
"ACEH","KAB. ACEH TENGAH","RUSIP ANTARA","NANGGROE ACEH DARUSSALAM","TAKENGON","TKO","RUSIP ANTARA","TKO007","AC"
"ACEH","KAB. ACEH TENGGARA","LAWE ALAS","NANGGROE ACEH DARUSSALAM","KUTACANE","KCA","LAWE ALAS","KCA010","AC"
"ACEH","KAB. ACEH TENGGARA","LAWE SIGALA-GALA","NANGGROE ACEH DARUSSALAM","KUTACANE","KCA","LAWE SIGALA-GALA","KCA012","AC"
"ACEH","KAB. ACEH TENGGARA","BAMBEL","NANGGROE ACEH DARUSSALAM","KUTACANE","KCA","BAMBEL","KCA005","AC"
"ACEH","KAB. ACEH TENGGARA","BABUSSALAM","NANGGROE ACEH DARUSSALAM","KUTACANE","KCA","BABUSSALAM","KCA003","AC"
"ACEH","KAB. ACEH TENGGARA","BADAR","NANGGROE ACEH DARUSSALAM","KUTACANE","KCA","BADAR","KCA004","AC"
"ACEH","KAB. ACEH TENGGARA","BABUL MAKMUR","NANGGROE ACEH DARUSSALAM","KUTACANE","KCA","BABUL MAKMUR","KCA001","AC"
"ACEH","KAB. ACEH TENGGARA","DARUL HASANAH","NANGGROE ACEH DARUSSALAM","KUTACANE","KCA","DARUL HASANAH","KCA007","AC"
"ACEH","KAB. ACEH TENGGARA","LAWE BULAN","NANGGROE ACEH DARUSSALAM","KUTACANE","KCA","LAWE BULAN","KCA011","AC"
"ACEH","KAB. ACEH TENGGARA","BUKIT TUSAM","NANGGROE ACEH DARUSSALAM","KUTACANE","KCA","BUKIT TUSAM","KCA006","AC"
"ACEH","KAB. ACEH TENGGARA","SEMADAM","NANGGROE ACEH DARUSSALAM","KUTACANE","KCA","SEMADAM","KCA015","AC"
"ACEH","KAB. ACEH TENGGARA","BABUL RAHMAH","NANGGROE ACEH DARUSSALAM","KUTACANE","KCA","BABUL RAHMAH","KCA002","AC"
"ACEH","KAB. ACEH TENGGARA","KETAMBE","NANGGROE ACEH DARUSSALAM","KUTACANE","KCA","KETAMBE","KCA009","AC"
"ACEH","KAB. ACEH TENGGARA","DELENG POKHKISEN","NANGGROE ACEH DARUSSALAM","KUTACANE","KCA","DELENG POKHISEN","KCA008","AC"
"ACEH","KAB. ACEH TENGGARA","LAWE SUMUR","NANGGROE ACEH DARUSSALAM","KUTACANE","KCA","LAWE SUMUR","KCA013","AC"
"ACEH","KAB. ACEH TENGGARA","TANOH ALAS","NANGGROE ACEH DARUSSALAM","KUTACANE","KCA","TANAH ALAS","KCA016","AC"
"ACEH","KAB. ACEH TENGGARA","LEUSER","NANGGROE ACEH DARUSSALAM","KUTACANE","KCA","LEUSER","KCA014","AC"
"ACEH","KAB. ACEH TIMUR","DARUL AMAN","NANGGROE ACEH DARUSSALAM","IDI RAYEUK","IDR","DARUL AMAN","IDR012","AC"
"ACEH","KAB. ACEH TIMUR","JULOK","NANGGROE ACEH DARUSSALAM","IDI RAYEUK","IDR","JULOK","IDR016","AC"
"ACEH","KAB. ACEH TIMUR","IDI RAYEUK","NANGGROE ACEH DARUSSALAM","IDI RAYEUK","IDR","IDI RAYEUK","IDR001","AC"
"ACEH","KAB. ACEH TIMUR","BIREM BAYEUN","NANGGROE ACEH DARUSSALAM","IDI RAYEUK","IDR","BIREM BAYEUN","IDR008","AC"
"ACEH","KAB. ACEH TIMUR","SERBAJADI","NANGGROE ACEH DARUSSALAM","IDI RAYEUK","IDR","SERBA JADI-IDR","IDR024","AC"
"ACEH","KAB. ACEH TIMUR","NURUSSALAM","NANGGROE ACEH DARUSSALAM","IDI RAYEUK","IDR","NURUSSALAM","IDR014","AC"
"ACEH","KAB. ACEH TIMUR","PEUREULAK","NANGGROE ACEH DARUSSALAM","IDI RAYEUK","IDR","PEUREULAK","IDR004","AC"
"ACEH","KAB. ACEH TIMUR","RANTAU SELAMAT","NANGGROE ACEH DARUSSALAM","IDI RAYEUK","IDR","RANTAU SELAMAT","IDR007","AC"
"ACEH","KAB. ACEH TIMUR","SIMPANG ULIM","NANGGROE ACEH DARUSSALAM","IDI RAYEUK","IDR","SIMPANG ULIM","IDR020","AC"
"ACEH","KAB. ACEH TIMUR","RANTAU PEUREULAK","NANGGROE ACEH DARUSSALAM","IDI RAYEUK","IDR","RANTO PEUREULAK","IDR009","AC"
"ACEH","KAB. ACEH TIMUR","PANTE BIDARI","NANGGROE ACEH DARUSSALAM","IDI RAYEUK","IDR","PANTE BIDARI","IDR022","AC"
"ACEH","KAB. ACEH TIMUR","MADAT","NANGGROE ACEH DARUSSALAM","IDI RAYEUK","IDR","MADAT","IDR017","AC"
"ACEH","KAB. ACEH TIMUR","INDRA MAKMU","NANGGROE ACEH DARUSSALAM","IDI RAYEUK","IDR","INDRA MAKMUR","IDR015","AC"
"ACEH","KAB. ACEH TIMUR","IDI TUNONG","NANGGROE ACEH DARUSSALAM","IDI RAYEUK","IDR","IDI TUNONG","IDR003","AC"
"ACEH","KAB. ACEH TIMUR","BANDA ALAM","NANGGROE ACEH DARUSSALAM","IDI RAYEUK","IDR","BANDA ALAM","IDR018","AC"
"ACEH","KAB. ACEH TIMUR","PEUDAWA","NANGGROE ACEH DARUSSALAM","IDI RAYEUK","IDR","PEIDAWA","IDR011","AC"
"ACEH","KAB. ACEH TIMUR","PEUREULAK TIMUR","NANGGROE ACEH DARUSSALAM","IDI RAYEUK","IDR","PEUREULAK TIMUR","IDR006","AC"
"ACEH","KAB. ACEH TIMUR","PEUREULAK BARAT","NANGGROE ACEH DARUSSALAM","IDI RAYEUK","IDR","PEUREULAK BARAT","IDR005","AC"
"ACEH","KAB. ACEH TIMUR","SUNGAI RAYA","NANGGROE ACEH DARUSSALAM","IDI RAYEUK","IDR","SUNGAI RAYA-IDR","IDR021","AC"
"ACEH","KAB. ACEH TIMUR","SIMPANG JERNIH","NANGGROE ACEH DARUSSALAM","IDI RAYEUK","IDR","SIMPANG JERNIH","IDR019","AC"
"ACEH","KAB. ACEH TIMUR","DARUL IHSAN","NANGGROE ACEH DARUSSALAM","IDI RAYEUK","IDR","DARUL IHSAN","IDR013","AC"
"ACEH","KAB. ACEH TIMUR","DARUL FALAH","NANGGROE ACEH DARUSSALAM","IDI RAYEUK","IDR","DARUL FALAH","IDR010","AC"
"ACEH","KAB. ACEH TIMUR","IDI TIMUR","NANGGROE ACEH DARUSSALAM","IDI RAYEUK","IDR","IDI TIMUR","IDR002","AC"
"ACEH","KAB. ACEH TIMUR","PEUNARON","NANGGROE ACEH DARUSSALAM","IDI RAYEUK","IDR","PEUNARON","IDR023","AC"
"ACEH","KAB. ACEH UTARA","BAKTIYA","NANGGROE ACEH DARUSSALAM","LHOKSUKON","LSN","BAKTIYA","LSN007","AC"
"ACEH","KAB. ACEH UTARA","DEWANTARA","NANGGROE ACEH DARUSSALAM","LHOKSUKON","LSN","DEWANTARA","LSN002","AC"
"ACEH","KAB. ACEH UTARA","KUTA MAKMUR","NANGGROE ACEH DARUSSALAM","LHOKSUKON","LSN","KUTA MAKMUR","LSN012","AC"
"ACEH","KAB. ACEH UTARA","LHOKSUKON","NANGGROE ACEH DARUSSALAM","LHOKSUKON","LSN","LHOKSUKON","LSN001","AC"
"ACEH","KAB. ACEH UTARA","MATANGKULI","NANGGROE ACEH DARUSSALAM","LHOKSUKON","LSN","MATANGKULI","LSN015","AC"
"ACEH","KAB. ACEH UTARA","MUARA BATU","NANGGROE ACEH DARUSSALAM","LHOKSUKON","LSN","MUARA BATU","LSN003","AC"
"ACEH","KAB. ACEH UTARA","MEURAH MULIA","NANGGROE ACEH DARUSSALAM","LHOKSUKON","LSN","MEURAH MULIA","LSN016","AC"
"ACEH","KAB. ACEH UTARA","SAMUDERA","NANGGROE ACEH DARUSSALAM","LHOKSUKON","LSN","SAMUDERA","LSN004","AC"
"ACEH","KAB. ACEH UTARA","SEUNUDDON","NANGGROE ACEH DARUSSALAM","LHOKSUKON","LSN","SEUNUDDON","LSN023","AC"
"ACEH","KAB. ACEH UTARA","SYAMTALIRA ARON","NANGGROE ACEH DARUSSALAM","LHOKSUKON","LSN","SYAMTALIRA ARON","LSN025","AC"
"ACEH","KAB. ACEH UTARA","SYAMTALIRA BAYU","NANGGROE ACEH DARUSSALAM","LHOKSUKON","LSN","SYAMTALIRA BAYU","LSN006","AC"
"ACEH","KAB. ACEH UTARA","TANAH LUAS","NANGGROE ACEH DARUSSALAM","LHOKSUKON","LSN","TANAH LUAS","LSN026","AC"
"ACEH","KAB. ACEH UTARA","TANAH PASIR","NANGGROE ACEH DARUSSALAM","LHOKSUKON","LSN","TANAH PASIR","LSN027","AC"
"ACEH","KAB. ACEH UTARA","T. JAMBO AYE","NANGGROE ACEH DARUSSALAM","LHOKSUKON","LSN","TANAH JAMBO AYE","LSN005","AC"
"ACEH","KAB. ACEH UTARA","SAWANG","NANGGROE ACEH DARUSSALAM","LHOKSUKON","LSN","SAWANG-LSN","LSN022","AC"
"ACEH","KAB. ACEH UTARA","NISAM","NANGGROE ACEH DARUSSALAM","LHOKSUKON","LSN","NISAM","LSN018","AC"
"ACEH","KAB. ACEH UTARA","COT GIREK","NANGGROE ACEH DARUSSALAM","LHOKSUKON","LSN","COT GIREK","LSN010","AC"
"ACEH","KAB. ACEH UTARA","LANGKAHAN","NANGGROE ACEH DARUSSALAM","LHOKSUKON","LSN","LANGKAHAN","LSN013","AC"
"ACEH","KAB. ACEH UTARA","BAKTIYA BARAT","NANGGROE ACEH DARUSSALAM","LHOKSUKON","LSN","BAKTIYA BARAT","LSN008","AC"
"ACEH","KAB. ACEH UTARA","PAYA BAKONG","NANGGROE ACEH DARUSSALAM","LHOKSUKON","LSN","PAYA BAKONG","LSN020","AC"
"ACEH","KAB. ACEH UTARA","NIBONG","NANGGROE ACEH DARUSSALAM","LHOKSUKON","LSN","NIBONG","LSN017","AC"
"ACEH","KAB. ACEH UTARA","SIMPANG KRAMAT","NANGGROE ACEH DARUSSALAM","LHOKSUKON","LSN","SIMPANG KRAMAT","LSN024","AC"
"ACEH","KAB. ACEH UTARA","LAPANG","NANGGROE ACEH DARUSSALAM","LHOKSUKON","LSN","LAPANG","LSN014","AC"
"ACEH","KAB. ACEH UTARA","PIRAK TIMUR","NANGGROE ACEH DARUSSALAM","LHOKSUKON","LSN","PIRAK TIMUR","LSN021","AC"
"ACEH","KAB. ACEH UTARA","GEUREDONG PASE","NANGGROE ACEH DARUSSALAM","LHOKSUKON","LSN","GEUREDONG PASE","LSN011","AC"
"ACEH","KAB. ACEH UTARA","BANDA BARO","NANGGROE ACEH DARUSSALAM","LHOKSUKON","LSN","BANDA BARU","LSN009","AC"
"ACEH","KAB. ACEH UTARA","NISAM ANTARA","NANGGROE ACEH DARUSSALAM","LHOKSUKON","LSN","NISAM ANTARA","LSN019","AC"
"ACEH","KAB. BENER MERIAH","PINTU RIME GAYO","NANGGROE ACEH DARUSSALAM","SIMPANG TIGA REDELONG","STR","PINTU RIME GAYO","STR001","AC"
"ACEH","KAB. BENER MERIAH","PERMATA","NANGGROE ACEH DARUSSALAM","SIMPANG TIGA REDELONG","STR","PERMATA","STR006","AC"
"ACEH","KAB. BENER MERIAH","SYIAH UTAMA","NANGGROE ACEH DARUSSALAM","SIMPANG TIGA REDELONG","STR","SYIAH UTAMA","STR007","AC"
"ACEH","KAB. BENER MERIAH","BANDAR","NANGGROE ACEH DARUSSALAM","SIMPANG TIGA REDELONG","STR","BANDAR-STR","STR005","AC"
"ACEH","KAB. BENER MERIAH","BUKIT","NANGGROE ACEH DARUSSALAM","SIMPANG TIGA REDELONG","STR","BUKIT","STR003","AC"
"ACEH","KAB. BENER MERIAH","WIH PESAM","NANGGROE ACEH DARUSSALAM","SIMPANG TIGA REDELONG","STR","WIH PESAM","STR004","AC"
"ACEH","KAB. BENER MERIAH","TIMANG GAJAH","NANGGROE ACEH DARUSSALAM","SIMPANG TIGA REDELONG","STR","TIMANG GAJAH","STR002","AC"
"ACEH","KAB. BENER MERIAH","BENER KELIPAH","NANGGROE ACEH DARUSSALAM","SIMPANG TIGA REDELONG","STR","BENER KELIPAH","STR010","AC"
"ACEH","KAB. BENER MERIAH","MESIDAH","NANGGROE ACEH DARUSSALAM","SIMPANG TIGA REDELONG","STR","MESIDAH","STR008","AC"
"ACEH","KAB. BENER MERIAH","GAJAH PUTIH","NANGGROE ACEH DARUSSALAM","SIMPANG TIGA REDELONG","STR","GAJAH PUTIH","STR009","AC"
"ACEH","KAB. BIREUEN","SAMALANGA","NANGGROE ACEH DARUSSALAM","BIREUEN","BRW","SAMALANGA","BRW001","AC"
"ACEH","KAB. BIREUEN","JEUNIEB","NANGGROE ACEH DARUSSALAM","BIREUEN","BRW","JEUNIEB","BRW004","AC"
"ACEH","KAB. BIREUEN","PEUDADA","NANGGROE ACEH DARUSSALAM","BIREUEN","BRW","PEUDADA","BRW006","AC"
"ACEH","KAB. BIREUEN","JEUMPA","NANGGROE ACEH DARUSSALAM","BIREUEN","BRW","JEUMPA-BRW","BRW008","AC"
"ACEH","KAB. BIREUEN","PEUSANGAN","NANGGROE ACEH DARUSSALAM","BIREUEN","BRW","PEUSANGAN","BRW012","AC"
"ACEH","KAB. BIREUEN","MAKMUR","NANGGROE ACEH DARUSSALAM","BIREUEN","BRW","MAKMUR","BRW015","AC"
"ACEH","KAB. BIREUEN","GANDAPURA","NANGGROE ACEH DARUSSALAM","BIREUEN","BRW","GANDA PURA","BRW016","AC"
"ACEH","KAB. BIREUEN","PANDRAH","NANGGROE ACEH DARUSSALAM","BIREUEN","BRW","PANDRAH","BRW003","AC"
"ACEH","KAB. BIREUEN","JULI","NANGGROE ACEH DARUSSALAM","BIREUEN","BRW","JULI","BRW007","AC"
"ACEH","KAB. BIREUEN","JANGKA","NANGGROE ACEH DARUSSALAM","BIREUEN","BRW","JANGKA","BRW011","AC"
"ACEH","KAB. BIREUEN","SIMPANG MAMPLAM","NANGGROE ACEH DARUSSALAM","BIREUEN","BRW","SIMPANG MAMPLAM","BRW002","AC"
"ACEH","KAB. BIREUEN","PEULIMBANG","NANGGROE ACEH DARUSSALAM","BIREUEN","BRW","PLIMBANG","BRW005","AC"
"ACEH","KAB. BIREUEN","KOTA JUANG","NANGGROE ACEH DARUSSALAM","BIREUEN","BRW","KOTA JUANG","BRW009","AC"
"ACEH","KAB. BIREUEN","KUALA","NANGGROE ACEH DARUSSALAM","BIREUEN","BRW","KUALA-BRW","BRW010","AC"
"ACEH","KAB. BIREUEN","PEUSANGAN SIBLAH KRUENG","NANGGROE ACEH DARUSSALAM","BIREUEN","BRW","PEUSANGAN SIBLAH KRUENG","BRW014","AC"
"ACEH","KAB. BIREUEN","PEUSANGAN SELATAN","NANGGROE ACEH DARUSSALAM","BIREUEN","BRW","PEUSANGAN SELATAN","BRW013","AC"
"ACEH","KAB. BIREUEN","KUTA BLANG","NANGGROE ACEH DARUSSALAM","BIREUEN","BRW","KUTA BLANG","BRW017","AC"
"ACEH","KAB. GAYO LUES","BLANGKEJEREN","NANGGROE ACEH DARUSSALAM","GAYO LUES","BLK","BLANG KEJEREN","BLK001","AC"
"ACEH","KAB. GAYO LUES","KUTAPANJANG","NANGGROE ACEH DARUSSALAM","GAYO LUES","BLK","KUTA PANJANG","BLK004","AC"
"ACEH","KAB. GAYO LUES","RIKIT GAIB","NANGGROE ACEH DARUSSALAM","GAYO LUES","BLK","RIKIT GAIB","BLK008","AC"
"ACEH","KAB. GAYO LUES","TERANGUN","NANGGROE ACEH DARUSSALAM","GAYO LUES","BLK","TERANGUN","BLK009","AC"
"ACEH","KAB. GAYO LUES","PINING","NANGGROE ACEH DARUSSALAM","GAYO LUES","BLK","PINING","BLK006","AC"
"ACEH","KAB. GAYO LUES","BLANGPEGAYON","NANGGROE ACEH DARUSSALAM","GAYO LUES","BLK","BLANG PEGAYON","BLK002","AC"
"ACEH","KAB. GAYO LUES","PUTERI BETUNG","NANGGROE ACEH DARUSSALAM","GAYO LUES","BLK","PUTRI BETUNG","BLK007","AC"
"ACEH","KAB. GAYO LUES","DABUN GELANG","NANGGROE ACEH DARUSSALAM","GAYO LUES","BLK","DABUN GELANG","BLK003","AC"
"ACEH","KAB. GAYO LUES","BLANGJERANGO","NANGGROE ACEH DARUSSALAM","GAYO LUES","BLK","BLANG JERANGO","BLK011","AC"
"ACEH","KAB. GAYO LUES","TERIPE JAYA","NANGGROE ACEH DARUSSALAM","GAYO LUES","BLK","TERIPE JAYA","BLK010","AC"
"ACEH","KAB. GAYO LUES","PANTAN CUACA","NANGGROE ACEH DARUSSALAM","GAYO LUES","BLK","PANTAN CUACA","BLK005","AC"
"ACEH","KAB. NAGAN RAYA","KUALA","NANGGROE ACEH DARUSSALAM","NAGAN RAYA","SBS","KUALA-SBS","SBS003","AC"
"ACEH","KAB. NAGAN RAYA","SEUNAGAN","NANGGROE ACEH DARUSSALAM","NAGAN RAYA","SBS","SEUNAGAN","SBS005","AC"
"ACEH","KAB. NAGAN RAYA","SEUNAGAN TIMUR","NANGGROE ACEH DARUSSALAM","NAGAN RAYA","SBS","SEUNAGAN TIMUR","SBS006","AC"
"ACEH","KAB. NAGAN RAYA","BEUTONG","NANGGROE ACEH DARUSSALAM","NAGAN RAYA","SBS","BEUTONG","SBS001","AC"
"ACEH","KAB. NAGAN RAYA","DARUL MAKMUR","NANGGROE ACEH DARUSSALAM","NAGAN RAYA","SBS","DARUL MAKMUR","SBS002","AC"
"ACEH","KAB. NAGAN RAYA","SUKA MAKMUE","NANGGROE ACEH DARUSSALAM","NAGAN RAYA","SBS","SUKA MAKMUE","SBS007","AC"
"ACEH","KAB. NAGAN RAYA","KUALA PESISIR","NANGGROE ACEH DARUSSALAM","NAGAN RAYA","SBS","KUALA PESISIR","SBS004","AC"
"ACEH","KAB. NAGAN RAYA","TADU RAYA","NANGGROE ACEH DARUSSALAM","NAGAN RAYA","SBS","TADU RAYA","SBS008","AC"
"ACEH","KAB. NAGAN RAYA","TRIPA MAKMUR","NANGGROE ACEH DARUSSALAM","NAGAN RAYA","SBS","TRIPA MAKMUR","SBS011","AC"
"ACEH","KAB. NAGAN RAYA","BEUTONG ATEUH BANGGALANG","NANGGROE ACEH DARUSSALAM","NAGAN RAYA","SBS","BEUTONG ATEUH BANGGALANG","SBS009","AC"
"ACEH","KAB. PIDIE","BATEE","NANGGROE ACEH DARUSSALAM","SIGLI","SGL","BATEE","SGL003","AC"
"ACEH","KAB. PIDIE","DELIMA","NANGGROE ACEH DARUSSALAM","SIGLI","SGL","DELIMA","SGL007","AC"
"ACEH","KAB. PIDIE","GEUMPANG","NANGGROE ACEH DARUSSALAM","SIGLI","SGL","GEUMPANG","SGL013","AC"
"ACEH","KAB. PIDIE","GEULUMPANG TIGA","NANGGROE ACEH DARUSSALAM","SIGLI","SGL","GLUMPANG TIGA","SGL022","AC"
"ACEH","KAB. PIDIE","INDRA JAYA","NANGGROE ACEH DARUSSALAM","SIGLI","SGL","INDRAJAYA","SGL014","AC"
"ACEH","KAB. PIDIE","KEMBANG TANJONG","NANGGROE ACEH DARUSSALAM","SIGLI","SGL","KEMBANG TANJONG","SGL023","AC"
"ACEH","KAB. PIDIE","KOTA SIGLI","NANGGROE ACEH DARUSSALAM","SIGLI","SGL","SIGLI","SGL001","AC"
"ACEH","KAB. PIDIE","MILA","NANGGROE ACEH DARUSSALAM","SIGLI","SGL","MILA","SGL008","AC"
"ACEH","KAB. PIDIE","MUARA TIGA","NANGGROE ACEH DARUSSALAM","SIGLI","SGL","MUARA TIGA","SGL005","AC"
"ACEH","KAB. PIDIE","MUTIARA","NANGGROE ACEH DARUSSALAM","SIGLI","SGL","MUTIARA","SGL016","AC"
"ACEH","KAB. PIDIE","PADANG TIJI","NANGGROE ACEH DARUSSALAM","SIGLI","SGL","PADANG TIJI","SGL006","AC"
"ACEH","KAB. PIDIE","PEUKAN BARO","NANGGROE ACEH DARUSSALAM","SIGLI","SGL","PEUKAN BARO","SGL015","AC"
"ACEH","KAB. PIDIE","PIDIE","NANGGROE ACEH DARUSSALAM","SIGLI","SGL","PIDIE","SGL002","AC"
"ACEH","KAB. PIDIE","SAKTI","NANGGROE ACEH DARUSSALAM","SIGLI","SGL","SAKTI","SGL009","AC"
"ACEH","KAB. PIDIE","SIMPANG TIGA","NANGGROE ACEH DARUSSALAM","SIGLI","SGL","SIMPANG TIGA-SGL","SGL019","AC"
"ACEH","KAB. PIDIE","TANGSE","NANGGROE ACEH DARUSSALAM","SIGLI","SGL","TANGSE","SGL012","AC"
"ACEH","KAB. PIDIE","TIRO/TRUSEB","NANGGROE ACEH DARUSSALAM","SIGLI","SGL","TIRO","SGL018","AC"
"ACEH","KAB. PIDIE","KEUMALA","NANGGROE ACEH DARUSSALAM","SIGLI","SGL","KEUMALA","SGL010","AC"
"ACEH","KAB. PIDIE","MUTIARA TIMUR","NANGGROE ACEH DARUSSALAM","SIGLI","SGL","MUTIARA TIMUR","SGL017","AC"
"ACEH","KAB. PIDIE","GRONG-GRONG","NANGGROE ACEH DARUSSALAM","SIGLI","SGL","GRONG GRONG","SGL004","AC"
"ACEH","KAB. PIDIE","MANE","NANGGROE ACEH DARUSSALAM","SIGLI","SGL","MANE","SGL020","AC"
"ACEH","KAB. PIDIE","GLUMPANG BARO","NANGGROE ACEH DARUSSALAM","SIGLI","SGL","GLUMPANG BARO","SGL021","AC"
"ACEH","KAB. PIDIE","TITEUE","NANGGROE ACEH DARUSSALAM","SIGLI","SGL","TITUE","SGL011","AC"
"ACEH","KAB. PIDIE JAYA","MEUREUDU","NANGGROE ACEH DARUSSALAM","MEUREUDU","MRD","MEUREUDU","MRD001","AC"
"ACEH","KAB. PIDIE JAYA","ULIM","NANGGROE ACEH DARUSSALAM","MEUREUDU","MRD","ULIM","MRD007","AC"
"ACEH","KAB. PIDIE JAYA","JANGKA BUAYA","NANGGROE ACEH DARUSSALAM","MEUREUDU","MRD","JANGKA BUYA","MRD006","AC"
"ACEH","KAB. PIDIE JAYA","BANDAR DUA","NANGGROE ACEH DARUSSALAM","MEUREUDU","MRD","BANDAR DUA","MRD008","AC"
"ACEH","KAB. PIDIE JAYA","MEURAH DUA","NANGGROE ACEH DARUSSALAM","MEUREUDU","MRD","MEURAH DUA","MRD002","AC"
"ACEH","KAB. PIDIE JAYA","BANDAR BARU","NANGGROE ACEH DARUSSALAM","MEUREUDU","MRD","BANDAR BARU","MRD003","AC"
"ACEH","KAB. PIDIE JAYA","PANTERAJA","NANGGROE ACEH DARUSSALAM","MEUREUDU","MRD","PANTE RAJA","MRD004","AC"
"ACEH","KAB. PIDIE JAYA","TRIENGGADENG","NANGGROE ACEH DARUSSALAM","MEUREUDU","MRD","TRIENGGADENG","MRD005","AC"
"ACEH","KAB. SIMEULUE","SIMEULUE TENGAH","NANGGROE ACEH DARUSSALAM","SINABANG","SNB","SIMEULUE TENGAH","SNB004","AC"
"ACEH","KAB. SIMEULUE","SALANG","NANGGROE ACEH DARUSSALAM","SINABANG","SNB","SALANG","SNB002","AC"
"ACEH","KAB. SIMEULUE","TEUPAH BARAT","NANGGROE ACEH DARUSSALAM","SINABANG","SNB","TEUPAH BARAT","SNB007","AC"
"ACEH","KAB. SIMEULUE","SIMEULUE TIMUR","NANGGROE ACEH DARUSSALAM","SINABANG","SNB","SIMEULUE TIMUR","SNB005","AC"
"ACEH","KAB. SIMEULUE","TELUK DALAM","NANGGROE ACEH DARUSSALAM","SINABANG","SNB","TELUK DALAM-SNB","SNB006","AC"
"ACEH","KAB. SIMEULUE","SIMEULUE BARAT","NANGGROE ACEH DARUSSALAM","SINABANG","SNB","SIMEULUE BARAT","SNB003","AC"
"ACEH","KAB. SIMEULUE","TEUPAH SELATAN","NANGGROE ACEH DARUSSALAM","SINABANG","SNB","TEUPAH SELATAN","SNB008","AC"
"ACEH","KAB. SIMEULUE","ALAPAN","NANGGROE ACEH DARUSSALAM","SINABANG","SNB","ALAPAN","SNB001","AC"
"ACEH","KAB. SIMEULUE","TEUPAH TENGAH","NANGGROE ACEH DARUSSALAM","SINABANG","SNB","TEUPAH TENGAH","SNB010","AC"
"ACEH","KAB. SIMEULUE","SIMEULUE CUT","NANGGROE ACEH DARUSSALAM","SINABANG","SNB","SIMEULUE CUT","SNB009","AC"
"ACEH","KOTA BANDA ACEH","BAITURRAHMAN","NANGGROE ACEH DARUSSALAM","BANDA ACEH","BTJ","BAITURRAHMAN","BTJ004","AC"
"ACEH","KOTA BANDA ACEH","KUTA ALAM","NANGGROE ACEH DARUSSALAM","BANDA ACEH","BTJ","KUTA ALAM","BTJ006","AC"
"ACEH","KOTA BANDA ACEH","MEURAXA","NANGGROE ACEH DARUSSALAM","BANDA ACEH","BTJ","MEURAKSA","BTJ001","AC"
"ACEH","KOTA BANDA ACEH","SYIAH KUALA","NANGGROE ACEH DARUSSALAM","BANDA ACEH","BTJ","SYIAH KUALA","BTJ008","AC"
"ACEH","KOTA BANDA ACEH","LUENG BATA","NANGGROE ACEH DARUSSALAM","BANDA ACEH","BTJ","LUENG BATA","BTJ005","AC"
"ACEH","KOTA BANDA ACEH","KUTA RAJA","NANGGROE ACEH DARUSSALAM","BANDA ACEH","BTJ","KUTA RAJA","BTJ007","AC"
"ACEH","KOTA BANDA ACEH","BANDA RAYA","NANGGROE ACEH DARUSSALAM","BANDA ACEH","BTJ","BANDA RAYA","BTJ003","AC"
"ACEH","KOTA BANDA ACEH","JAYA BARU","NANGGROE ACEH DARUSSALAM","BANDA ACEH","BTJ","JAYA BARU","BTJ002","AC"
"ACEH","KOTA BANDA ACEH","ULEE KARENG","NANGGROE ACEH DARUSSALAM","BANDA ACEH","BTJ","ULEE KARENG","BTJ009","AC"
"ACEH","KOTA LANGSA","LANGSA TIMUR","NANGGROE ACEH DARUSSALAM","LANGSA","LNX","LANGSA TIMUR","LNX005","AC"
"ACEH","KOTA LANGSA","LANGSA BARAT","NANGGROE ACEH DARUSSALAM","LANGSA","LNX","LANGSA BARAT","LNX001","AC"
"ACEH","KOTA LANGSA","LANGSA KOTA","NANGGROE ACEH DARUSSALAM","LANGSA","LNX","LANGSA KOTA","LNX002","AC"
"ACEH","KOTA LANGSA","LANGSA LAMA","NANGGROE ACEH DARUSSALAM","LANGSA","LNX","LANGSA LAMA","LNX003","AC"
"ACEH","KOTA LANGSA","LANGSA BARO","NANGGROE ACEH DARUSSALAM","LANGSA","LNX","LANGSA BARO","LNX004","AC"
"ACEH","KOTA LHOKSEUMAWE","MUARA DUA","NANGGROE ACEH DARUSSALAM","LHOKSEUMAWE","LSW","MUARA DUA","LSW002","AC"
"ACEH","KOTA LHOKSEUMAWE","BANDA SAKTI","NANGGROE ACEH DARUSSALAM","LHOKSEUMAWE","LSW","BANDA SAKTI","LSW001","AC"
"ACEH","KOTA LHOKSEUMAWE","BLANG MANGAT","NANGGROE ACEH DARUSSALAM","LHOKSEUMAWE","LSW","BLANG MANGAT","LSW003","AC"
"ACEH","KOTA LHOKSEUMAWE","MUARA SATU","NANGGROE ACEH DARUSSALAM","LHOKSEUMAWE","LSW","MUARA SATU","LSW004","AC"
"ACEH","KOTA SABANG","SUKAKARYA","NANGGROE ACEH DARUSSALAM","SABANG","SAB","SUKAKARYA-SAB","SAB003","AC"
"ACEH","KOTA SABANG","SUKAJAYA","NANGGROE ACEH DARUSSALAM","SABANG","SAB","SUKAJAYA-SAB","SAB002","AC"
"ACEH","KOTA SUBULUSSALAM","SIMPANG KIRI","NANGGROE ACEH DARUSSALAM","SUBULUSSALAM","SBM","SIMPANG KIRI","SBM004","AC"
"ACEH","KOTA SUBULUSSALAM","PENANGGALAN","NANGGROE ACEH DARUSSALAM","SUBULUSSALAM","SBM","PENANGGALAN","SBM002","AC"
"ACEH","KOTA SUBULUSSALAM","RUNDENG","NANGGROE ACEH DARUSSALAM","SUBULUSSALAM","SBM","RUDENG","SBM003","AC"
"ACEH","KOTA SUBULUSSALAM","SULTAN DAULAT","NANGGROE ACEH DARUSSALAM","SUBULUSSALAM","SBM","SULTAN DAULAT","SBM005","AC"
"ACEH","KOTA SUBULUSSALAM","LONGKIB","NANGGROE ACEH DARUSSALAM","SUBULUSSALAM","SBM","LONGKIP","SBM001","AC"
"BALI","KAB. BADUNG","KUTA","BALI","BADUNG","MGW","KUTA","MGW005","BA"
"BALI","KAB. BADUNG","MENGWI","BALI","BADUNG","MGW","MENGWI","MGW001","BA"
"BALI","KAB. BADUNG","ABIANSEMAL","BALI","BADUNG","MGW","ABIANSEMAL","MGW002","BA"
"BALI","KAB. BADUNG","PETANG","BALI","BADUNG","MGW","PETANG","MGW003","BA"
"BALI","KAB. BADUNG","KUTA SELATAN","BALI","BADUNG","MGW","KUTA SELATAN","MGW006","BA"
"BALI","KAB. BADUNG","KUTA UTARA","BALI","BADUNG","MGW","KUTA UTARA","MGW004","BA"
"BALI","KAB. BANGLI","SUSUT","BALI","BANGLI","BNL","SUSUT","BNL003","BA"
"BALI","KAB. BANGLI","BANGLI","BALI","BANGLI","BNL","BANGLI","BNL001","BA"
"BALI","KAB. BANGLI","TEMBUKU","BALI","BANGLI","BNL","TEMBUKU","BNL004","BA"
"BALI","KAB. BANGLI","KINTAMANI","BALI","BANGLI","BNL","KINTAMANI","BNL002","BA"
"BALI","KAB. BULELENG","GEROKGAK","BALI","BULELENG","SGA","GEROKGAK","SGA005","BA"
"BALI","KAB. BULELENG","SERIRIT","BALI","BULELENG","SGA","SERIRIT","SGA010","BA"
"BALI","KAB. BULELENG","BUSUNG BIU","BALI","BULELENG","SGA","BUSUNG BIU","SGA004","BA"
"BALI","KAB. BULELENG","BANJAR","BALI","BULELENG","SGA","BANJAR-SGA","SGA002","BA"
"BALI","KAB. BULELENG","SUKASADA","BALI","BULELENG","SGA","SUKASADA","SGA008","BA"
"BALI","KAB. BULELENG","BULELENG","BALI","BULELENG","SGA","BULELENG","SGA003","BA"
"BALI","KAB. BULELENG","SAWAN","BALI","BULELENG","SGA","SAWAN","SGA007","BA"
"BALI","KAB. BULELENG","KUBUTAMBAHAN","BALI","BULELENG","SGA","KUBUTAMBAHAN","SGA006","BA"
"BALI","KAB. BULELENG","TEJAKULA","BALI","BULELENG","SGA","TEJAKULA","SGA009","BA"
"BALI","KAB. GIANYAR","SUKAWATI","BALI","GIANYAR","GIA","SUKAWATI","GIA006","BA"
"BALI","KAB. GIANYAR","BLAHBATUH","BALI","GIANYAR","GIA","BELAH BATUH","GIA001","BA"
"BALI","KAB. GIANYAR","GIANYAR","BALI","GIANYAR","GIA","GIANYAR","GIA007","BA"
"BALI","KAB. GIANYAR","TAMPAKSIRING","BALI","GIANYAR","GIA","TAMPAK SIRING","GIA003","BA"
"BALI","KAB. GIANYAR","UBUD","BALI","GIANYAR","GIA","UBUD","GIA005","BA"
"BALI","KAB. GIANYAR","TEGALLALANG","BALI","GIANYAR","GIA","TEGALLALANG","GIA004","BA"
"BALI","KAB. GIANYAR","PAYANGAN","BALI","GIANYAR","GIA","PAYANGAN","GIA002","BA"
"BALI","KAB. JEMBRANA","NEGARA","BALI","JEMBRANA","NRG","NEGARA","NRG001","BA"
"BALI","KAB. JEMBRANA","MENDOYO","BALI","JEMBRANA","NRG","MENDOYO","NRG004","BA"
"BALI","KAB. JEMBRANA","PEKUTATAN","BALI","JEMBRANA","NRG","PEKUTATAN","NRG005","BA"
"BALI","KAB. JEMBRANA","MELAYA","BALI","JEMBRANA","NRG","MELAYA","NRG002","BA"
"BALI","KAB. JEMBRANA","JEMBRANA","BALI","JEMBRANA","NRG","JEMBRANA","NRG003","BA"
"BALI","KAB. KARANGASEM","RENDANG","BALI","KARANG ASEM","APU","RENDANG","APU007","BA"
"BALI","KAB. KARANGASEM","SIDEMEN","BALI","KARANG ASEM","APU","SIDEMEN","APU009","BA"
"BALI","KAB. KARANGASEM","MANGGIS","BALI","KARANG ASEM","APU","MANGGIS","APU006","BA"
"BALI","KAB. KARANGASEM","KARANGASEM","BALI","KARANG ASEM","APU","KARANG ASEM","APU004","BA"
"BALI","KAB. KARANGASEM","ABANG","BALI","KARANG ASEM","APU","ABANG","APU002","BA"
"BALI","KAB. KARANGASEM","BEBANDEM","BALI","KARANG ASEM","APU","BEBANDEM","APU003","BA"
"BALI","KAB. KARANGASEM","SELAT","BALI","KARANG ASEM","APU","SELAT-APU","APU008","BA"
"BALI","KAB. KARANGASEM","KUBU","BALI","KARANG ASEM","APU","KUBU-APU","APU005","BA"
"BALI","KAB. KLUNGKUNG","NUSA PENIDA","BALI","KLUNGKUNG","KKL","NUSAPEDINA","KKL004","BA"
"BALI","KAB. KLUNGKUNG","BANJARANGKAN","BALI","KLUNGKUNG","KKL","BANJARANGKAN","KKL002","BA"
"BALI","KAB. KLUNGKUNG","KLUNGKUNG","BALI","KLUNGKUNG","KKL","KLUNGKUNG","KKL001","BA"
"BALI","KAB. KLUNGKUNG","DAWAN","BALI","KLUNGKUNG","KKL","DAWAN","KKL003","BA"
"BALI","KAB. TABANAN","SELEMADEG","BALI","TABANAN","TNW","SELEMADEG","TNW009","BA"
"BALI","KAB. TABANAN","SALAMADEG TIMUR","BALI","TABANAN","TNW","SELEMADEG TIMUR","TNW008","BA"
"BALI","KAB. TABANAN","SALEMADEG BARAT","BALI","TABANAN","TNW","SELEMADEG BARAT","TNW007","BA"
"BALI","KAB. TABANAN","KERAMBITAN","BALI","TABANAN","TNW","KERAMBITAN","TNW005","BA"
"BALI","KAB. TABANAN","TABANAN","BALI","TABANAN","TNW","TABANAN","TNW001","BA"
"BALI","KAB. TABANAN","KEDIRI","BALI","TABANAN","TNW","KEDIRI-TNW","TNW002","BA"
"BALI","KAB. TABANAN","MARGA","BALI","TABANAN","TNW","MARGA","TNW003","BA"
"BALI","KAB. TABANAN","PENEBEL","BALI","TABANAN","TNW","PENEBEL","TNW004","BA"
"BALI","KAB. TABANAN","BATURITI","BALI","TABANAN","TNW","BATURITI","TNW010","BA"
"BALI","KAB. TABANAN","PUPUAN","BALI","TABANAN","TNW","PUPUAN","TNW006","BA"
"BALI","KOTA DENPASAR","DENPASAR SELATAN","BALI","DENPASAR","DPS","DENPASAR SELATAN","DPS005","BA"
"BALI","KOTA DENPASAR","DENPASAR TIMUR","BALI","DENPASAR","DPS","DENPASAR TIMUR","DPS007","BA"
"BALI","KOTA DENPASAR","DENPASAR BARAT","BALI","DENPASAR","DPS","DENPASAR BARAT","DPS001","BA"
"BALI","KOTA DENPASAR","DENPASAR UTARA","BALI","DENPASAR","DPS","DENPASAR UTARA","DPS006","BA"
"BANTEN","KAB. LEBAK","MALINGPING","BANTEN","LEBAK","RKS","MALINGPING","RKS020","BT"
"BANTEN","KAB. LEBAK","PANGGARANGAN","BANTEN","LEBAK","RKS","PANGGARANGAN","RKS019","BT"
"BANTEN","KAB. LEBAK","BAYAH","BANTEN","LEBAK","RKS","BAYAH","RKS027","BT"
"BANTEN","KAB. LEBAK","CIPANAS","BANTEN","LEBAK","RKS","CIPANAS-RKS","RKS011","BT"
"BANTEN","KAB. LEBAK","MUNCANG","BANTEN","LEBAK","RKS","MUNCANG","RKS007","BT"
"BANTEN","KAB. LEBAK","LEUWIDAMAR","BANTEN","LEBAK","RKS","LEUWI DAMAR","RKS006","BT"
"BANTEN","KAB. LEBAK","BOJONGMANIK","BANTEN","LEBAK","RKS","BOJONGMANIK","RKS012","BT"
"BANTEN","KAB. LEBAK","GUNUNGKENCANA","BANTEN","LEBAK","RKS","GUNUNG KENCANA","RKS021","BT"
"BANTEN","KAB. LEBAK","BANJARSARI","BANTEN","LEBAK","RKS","BANJARSARI-RKS","RKS026","BT"
"BANTEN","KAB. LEBAK","CILELES","BANTEN","LEBAK","RKS","CILELES","RKS003","BT"
"BANTEN","KAB. LEBAK","CIMARGA","BANTEN","LEBAK","RKS","CIMARGA","RKS004","BT"
"BANTEN","KAB. LEBAK","SAJIRA","BANTEN","LEBAK","RKS","SAJIRA","RKS009","BT"
"BANTEN","KAB. LEBAK","MAJA","BANTEN","LEBAK","RKS","MAJA-RKS","RKS016","BT"
"BANTEN","KAB. LEBAK","RANGKASBITUNG","BANTEN","LEBAK","RKS","RANGKAS BITUNG","RKS008","BT"
"BANTEN","KAB. LEBAK","WARUNGGUNUNG","BANTEN","LEBAK","RKS","WARUNG GUNUNG","RKS010","BT"
"BANTEN","KAB. LEBAK","CIJAKU","BANTEN","LEBAK","RKS","CIJAKU","RKS025","BT"
"BANTEN","KAB. LEBAK","CIKULUR","BANTEN","LEBAK","RKS","CIKULUR","RKS002","BT"
"BANTEN","KAB. LEBAK","CIBADAK","BANTEN","LEBAK","RKS","CIBADAK-RKS","RKS001","BT"
"BANTEN","KAB. LEBAK","CIBEBER","BANTEN","LEBAK","RKS","CIBEBER-RKS","RKS022","BT"
"BANTEN","KAB. LEBAK","CILOGRANG","BANTEN","LEBAK","RKS","CILOGRANG","RKS028","BT"
"BANTEN","KAB. LEBAK","WANASALAM","BANTEN","LEBAK","RKS","WANASALAM","RKS018","BT"
"BANTEN","KAB. LEBAK","SOBANG","BANTEN","LEBAK","RKS","SOBANG-RKS","RKS017","BT"
"BANTEN","KAB. LEBAK","CURUG BITUNG","BANTEN","LEBAK","RKS","CURUGBITUNG","RKS014","BT"
"BANTEN","KAB. LEBAK","KALANGANYAR","BANTEN","LEBAK","RKS","KALANG ANYAR","RKS005","BT"
"BANTEN","KAB. LEBAK","LEBAKGEDONG","BANTEN","LEBAK","RKS","LEBAK GEDONG","RKS015","BT"
"BANTEN","KAB. LEBAK","CIHARA","BANTEN","LEBAK","RKS","CIHARA","RKS024","BT"
"BANTEN","KAB. LEBAK","CIRINTEN","BANTEN","LEBAK","RKS","CIRINTEN","RKS013","BT"
"BANTEN","KAB. LEBAK","CIGEMLONG","BANTEN","LEBAK","RKS","CIGEMBLONG","RKS023","BT"
"BANTEN","KAB. PANDEGLANG","SUMUR","BANTEN","PANDEGLANG","PGL","SUMUR","PGL035","BT"
"BANTEN","KAB. PANDEGLANG","CIMANGGU","BANTEN","PANDEGLANG","PGL","CIMANGGU-PGL","PGL031","BT"
"BANTEN","KAB. PANDEGLANG","CIBALIUNG","BANTEN","PANDEGLANG","PGL","CIBALIUNG","PGL032","BT"
"BANTEN","KAB. PANDEGLANG","CIKEUSIK","BANTEN","PANDEGLANG","PGL","CIKEUSIK","PGL030","BT"
"BANTEN","KAB. PANDEGLANG","CIGEULIS","BANTEN","PANDEGLANG","PGL","CIGEULIS","PGL034","BT"
"BANTEN","KAB. PANDEGLANG","PANIMBANG","BANTEN","PANDEGLANG","PGL","PANIMBANG","PGL026","BT"
"BANTEN","KAB. PANDEGLANG","ANGSANA","BANTEN","PANDEGLANG","PGL","ANGSANA-PGL","PGL025","BT"
"BANTEN","KAB. PANDEGLANG","MUNJUL","BANTEN","PANDEGLANG","PGL","MUNJUL","PGL028","BT"
"BANTEN","KAB. PANDEGLANG","PAGELARAN","BANTEN","PANDEGLANG","PGL","PAGELARAN-PGL","PGL022","BT"
"BANTEN","KAB. PANDEGLANG","BOJONG","BANTEN","PANDEGLANG","PGL","BOJONG-PGL","PGL014","BT"
"BANTEN","KAB. PANDEGLANG","PICUNG","BANTEN","PANDEGLANG","PGL","PICUNG","PGL017","BT"
"BANTEN","KAB. PANDEGLANG","LABUAN","BANTEN","PANDEGLANG","PGL","LABUAN-PGL","PGL024","BT"
"BANTEN","KAB. PANDEGLANG","MENES","BANTEN","PANDEGLANG","PGL","MENES","PGL021","BT"
"BANTEN","KAB. PANDEGLANG","SAKETI","BANTEN","PANDEGLANG","PGL","SAKETI","PGL013","BT"
"BANTEN","KAB. PANDEGLANG","CIPEUCANG","BANTEN","PANDEGLANG","PGL","CIPEUCANG","PGL008","BT"
"BANTEN","KAB. PANDEGLANG","JIPUT","BANTEN","PANDEGLANG","PGL","JIPUT","PGL004","BT"
"BANTEN","KAB. PANDEGLANG","MANDALAWANGI","BANTEN","PANDEGLANG","PGL","MANDALA WANGI","PGL010","BT"
"BANTEN","KAB. PANDEGLANG","CIMANUK","BANTEN","PANDEGLANG","PGL","CIMANUK","PGL003","BT"
"BANTEN","KAB. PANDEGLANG","KADUHEJO","BANTEN","PANDEGLANG","PGL","KADU HEJO","PGL005","BT"
"BANTEN","KAB. PANDEGLANG","BANJAR","BANTEN","PANDEGLANG","PGL","BANJAR-PGL","PGL001","BT"
"BANTEN","KAB. PANDEGLANG","PANDEGLANG","BANTEN","PANDEGLANG","PGL","PANDEGLANG","PGL011","BT"
"BANTEN","KAB. PANDEGLANG","CADASARI","BANTEN","PANDEGLANG","PGL","CADASARI","PGL002","BT"
"BANTEN","KAB. PANDEGLANG","CISATA","BANTEN","PANDEGLANG","PGL","CISATA","PGL023","BT"
"BANTEN","KAB. PANDEGLANG","PATIA","BANTEN","PANDEGLANG","PGL","PATIA","PGL016","BT"
"BANTEN","KAB. PANDEGLANG","KARANG TANJUNG","BANTEN","PANDEGLANG","PGL","KARANG TANJUNG","PGL006","BT"
"BANTEN","KAB. PANDEGLANG","CIKEDAL","BANTEN","PANDEGLANG","PGL","CIKEDAL","PGL019","BT"
"BANTEN","KAB. PANDEGLANG","CIBITUNG","BANTEN","PANDEGLANG","PGL","CIBITUNG-PGL","PGL033","BT"
"BANTEN","KAB. PANDEGLANG","CARITA","BANTEN","PANDEGLANG","PGL","CARITA","PGL018","BT"
"BANTEN","KAB. PANDEGLANG","SUKARESMI","BANTEN","PANDEGLANG","PGL","SUKARESMI-PGL","PGL029","BT"
"BANTEN","KAB. PANDEGLANG","MEKARJAYA","BANTEN","PANDEGLANG","PGL","MEKARJAYA","PGL015","BT"
"BANTEN","KAB. PANDEGLANG","SINDANGRESMI","BANTEN","PANDEGLANG","PGL","SINDANG RESMI","PGL020","BT"
"BANTEN","KAB. PANDEGLANG","PULOSARI","BANTEN","PANDEGLANG","PGL","PULOSARI-PGL","PGL012","BT"
"BANTEN","KAB. PANDEGLANG","KORONCONG","BANTEN","PANDEGLANG","PGL","KORONCONG","PGL007","BT"
"BANTEN","KAB. PANDEGLANG","MAJASARI","BANTEN","PANDEGLANG","PGL","MAJASARI","PGL009","BT"
"BANTEN","KAB. PANDEGLANG","SOBANG","BANTEN","PANDEGLANG","PGL","SOBANG-PGL","PGL027","BT"
"BANTEN","KAB. SERANG","KRAMATWATU","BANTEN","KAB.SERANG","SNG","KRAMATWATU","SNG028","BT"
"BANTEN","KAB. SERANG","WARINGINKURUNG","BANTEN","KAB.SERANG","SNG","WARINGIN KURUNG","SNG027","BT"
"BANTEN","KAB. SERANG","BOJONEGARA","BANTEN","KAB.SERANG","SNG","BOJONEGARA","SNG026","BT"
"BANTEN","KAB. SERANG","PULO AMPEL","BANTEN","KAB.SERANG","SNG","PULO AMPEL","SNG013","BT"
"BANTEN","KAB. SERANG","CIRUAS","BANTEN","KAB.SERANG","SNG","CIRUAS","SNG018","BT"
"BANTEN","KAB. SERANG","KRAGILAN","BANTEN","KAB.SERANG","SNG","KRAGILAN","SNG014","BT"
"BANTEN","KAB. SERANG","PONTANG","BANTEN","KAB.SERANG","SNG","PONTANG","SNG015","BT"
"BANTEN","KAB. SERANG","TIRTAYASA","BANTEN","KAB.SERANG","SNG","TIRTAYASA","SNG017","BT"
"BANTEN","KAB. SERANG","TANARA","BANTEN","KAB.SERANG","SNG","TANARA","SNG016","BT"
"BANTEN","KAB. SERANG","CIKANDE","BANTEN","KAB.SERANG","SNG","CIKANDE","SNG001","BT"
"BANTEN","KAB. SERANG","KIBIN","BANTEN","KAB.SERANG","SNG","KIBIN","SNG006","BT"
"BANTEN","KAB. SERANG","CARENANG","BANTEN","KAB.SERANG","SNG","CARENANG","SNG004","BT"
"BANTEN","KAB. SERANG","BINUANG","BANTEN","KAB.SERANG","SNG","BINUANG-SNG","SNG003","BT"
"BANTEN","KAB. SERANG","PETIR","BANTEN","KAB.SERANG","SNG","PETIR","SNG021","BT"
"BANTEN","KAB. SERANG","TUNJUNG TEJA","BANTEN","KAB.SERANG","SNG","TUNJUNG TEJA","SNG019","BT"
"BANTEN","KAB. SERANG","BAROS","BANTEN","KAB.SERANG","SNG","BAROS-SNG","SNG008","BT"
"BANTEN","KAB. SERANG","CIKEUSAL","BANTEN","KAB.SERANG","SNG","CIKEUSAL","SNG022","BT"
"BANTEN","KAB. SERANG","PAMARAYAN","BANTEN","KAB.SERANG","SNG","PAMARAYAN","SNG020","BT"
"BANTEN","KAB. SERANG","KOPO","BANTEN","KAB.SERANG","SNG","KOPO","SNG007","BT"
"BANTEN","KAB. SERANG","JAWILAN","BANTEN","KAB.SERANG","SNG","JAWILAN","SNG005","BT"
"BANTEN","KAB. SERANG","CIOMAS","BANTEN","KAB.SERANG","SNG","CIOMAS-SNG","SNG009","BT"
"BANTEN","KAB. SERANG","PABUARAN","BANTEN","KAB.SERANG","SNG","PABUARAN-SNG","SNG011","BT"
"BANTEN","KAB. SERANG","PADARINCANG","BANTEN","KAB.SERANG","SNG","PADARINCANG","SNG012","BT"
"BANTEN","KAB. SERANG","ANYAR","BANTEN","KAB.SERANG","SNG","ANYAR","SNG025","BT"
"BANTEN","KAB. SERANG","CINANGKA","BANTEN","KAB.SERANG","SNG","CINANGKA","SNG024","BT"
"BANTEN","KAB. SERANG","MANCAK","BANTEN","KAB.SERANG","SNG","MANCAK","SNG023","BT"
"BANTEN","KAB. SERANG","GUNUNG SARI","BANTEN","KAB.SERANG","SNG","GUNUNG SARI","SNG010","BT"
"BANTEN","KAB. SERANG","BANDUNG","BANTEN","KAB.SERANG","SNG","BANDUNG-SNG","SNG002","BT"
"BANTEN","KAB. SERANG","LEBAK WANGI","BANTEN","KAB.SERANG","SNG","LEBAK WANGI","SNG029","BT"
"BANTEN","KAB. TANGERANG","BALARAJA","BANTEN","BALARAJA","BAL","BALARAJA","BAL013","BT"
"BANTEN","KAB. TANGERANG","JAYANTI","BANTEN","BALARAJA","BAL","JAYANTI","BAL014","BT"
"BANTEN","KAB. TANGERANG","TIGARAKSA","BANTEN","BALARAJA","BAL","TIGARAKSA","BAL005","BT"
"BANTEN","KAB. TANGERANG","JAMBE","BANTEN","BALARAJA","BAL","JAMBE","BAL002","BT"
"BANTEN","KAB. TANGERANG","CISOKA","BANTEN","BALARAJA","BAL","CISOKA","BAL028","BT"
"BANTEN","KAB. TANGERANG","KRESEK","BANTEN","BALARAJA","BAL","KRESEK","BAL017","BT"
"BANTEN","KAB. TANGERANG","KRONJO","BANTEN","BALARAJA","BAL","KRONJO","BAL015","BT"
"BANTEN","KAB. TANGERANG","MAUK","BANTEN","BALARAJA","BAL","MAUK","BAL022","BT"
"BANTEN","KAB. TANGERANG","KEMIRI","BANTEN","BALARAJA","BAL","KEMIRI-BAL","BAL021","BT"
"BANTEN","KAB. TANGERANG","SUKADIRI","BANTEN","BALARAJA","BAL","SUKA DIRI","BAL025","BT"
"BANTEN","KAB. TANGERANG","RAJEG","BANTEN","BALARAJA","BAL","RAJEG","BAL009","BT"
"BANTEN","KAB. TANGERANG","PASAR KEMIS","BANTEN","BALARAJA","BAL","PASAR KEMIS","BAL008","BT"
"BANTEN","KAB. TANGERANG","TELUKNAGA","BANTEN","BALARAJA","BAL","TELUK NAGA","BAL010","BT"
"BANTEN","KAB. TANGERANG","KOSAMBI","BANTEN","BALARAJA","BAL","KOSAMBI","BAL026","BT"
"BANTEN","KAB. TANGERANG","PAKUHAJI","BANTEN","BALARAJA","BAL","PAKUHAJI","BAL023","BT"
"BANTEN","KAB. TANGERANG","SEPATAN","BANTEN","BALARAJA","BAL","SEPATAN","BAL024","BT"
"BANTEN","KAB. TANGERANG","CURUG","BANTEN","BALARAJA","BAL","CURUG-BAL","BAL020","BT"
"BANTEN","KAB. TANGERANG","CIKUPA","BANTEN","BALARAJA","BAL","CIKUPA","BAL004","BT"
"BANTEN","KAB. TANGERANG","PANONGAN","BANTEN","BALARAJA","BAL","PANONGAN","BAL003","BT"
"BANTEN","KAB. TANGERANG","LEGOK","BANTEN","BALARAJA","BAL","LEGOK","BAL019","BT"
"BANTEN","KAB. TANGERANG","PAGEDANGAN","BANTEN","BALARAJA","BAL","PAGEDANGAN","BAL018","BT"
"BANTEN","KAB. TANGERANG","CISAUK","BANTEN","BALARAJA","BAL","CISAUK","BAL012","BT"
"BANTEN","KAB. TANGERANG","SUKAMULYA","BANTEN","BALARAJA","BAL","SUKAMULYA","BAL029","BT"
"BANTEN","KAB. TANGERANG","KELAPA DUA","BANTEN","BALARAJA","BAL","KELAPA DUA","BAL001","BT"
"BANTEN","KAB. TANGERANG","SINDANG JAYA","BANTEN","BALARAJA","BAL","SINDANG JAYA","BAL007","BT"
"BANTEN","KAB. TANGERANG","SEPATAN TIMUR","BANTEN","BALARAJA","BAL","SEPATAN TIMUR","BAL011","BT"
"BANTEN","KAB. TANGERANG","SOLEAR","BANTEN","BALARAJA","BAL","SOLEAR","BAL027","BT"
"BANTEN","KAB. TANGERANG","GUNUNG KALER","BANTEN","BALARAJA","BAL","GUNUNG KALER","BAL016","BT"
"BANTEN","KAB. TANGERANG","MEKAR BARU","BANTEN","BALARAJA","BAL","MEKAR BARU","BAL006","BT"
"BANTEN","KOTA CILEGON","CIBEBER","BANTEN","CILEGON","CIL","CIBEBER-CIL","CIL001","BT"
"BANTEN","KOTA CILEGON","CILEGON","BANTEN","CILEGON","CIL","CILEGON","CIL002","BT"
"BANTEN","KOTA CILEGON","PULOMERAK","BANTEN","CILEGON","CIL","PULO MERAK","CIL008","BT"
"BANTEN","KOTA CILEGON","CIWANDAN","BANTEN","CILEGON","CIL","CIWANDAN","CIL004","BT"
"BANTEN","KOTA CILEGON","JOMBANG","BANTEN","CILEGON","CIL","JOMBANG-CIL","CIL005","BT"
"BANTEN","KOTA CILEGON","GEROGOL","BANTEN","CILEGON","CIL","GEROGOL","CIL007","BT"
"BANTEN","KOTA CILEGON","PURWAKARTA","BANTEN","CILEGON","CIL","PURWAKARTA-CIL","CIL006","BT"
"BANTEN","KOTA CILEGON","CITANGKIL","BANTEN","CILEGON","CIL","CITANGKIL","CIL003","BT"
"BANTEN","KOTA SERANG","SERANG","BANTEN","SERANG","SEG","SERANG","SEG003","BT"
"BANTEN","KOTA SERANG","KASEMEN","BANTEN","SERANG","SEG","KASEMEN","SEG002","BT"
"BANTEN","KOTA SERANG","WALANTAKA","BANTEN","SERANG","SEG","WALANTAKA","SEG005","BT"
"BANTEN","KOTA SERANG","CURUG","BANTEN","SERANG","SEG","CURUG-SEG","SEG001","BT"
"BANTEN","KOTA SERANG","CIPOCOK JAYA","BANTEN","SERANG","SEG","CIPOCOK JAYA","SEG006","BT"
"BANTEN","KOTA SERANG","TAKTAKAN","BANTEN","SERANG","SEG","TAKTAKAN","SEG004","BT"
"BANTEN","KOTA TANGERANG","TANGERANG","BANTEN","TANGERANG","TGR","TANGERANG","TGR001","BT"
"BANTEN","KOTA TANGERANG","JATIUWUNG","BANTEN","TANGERANG","TGR","JATIUWUNG","TGR006","BT"
"BANTEN","KOTA TANGERANG","BATUCEPER","BANTEN","TANGERANG","TGR","BATU CEPER","TGR008","BT"
"BANTEN","KOTA TANGERANG","BENDA","BANTEN","TANGERANG","TGR","BENDA","TGR004","BT"
"BANTEN","KOTA TANGERANG","CIPONDOH","BANTEN","TANGERANG","TGR","CIPONDOH","TGR009","BT"
"BANTEN","KOTA TANGERANG","CILEDUG","BANTEN","TANGERANG","TGR","CILEDUG-TGR","TGR002","BT"
"BANTEN","KOTA TANGERANG","KARAWACI","BANTEN","TANGERANG","TGR","KARAWACI","TGR007","BT"
"BANTEN","KOTA TANGERANG","PERIUK","BANTEN","TANGERANG","TGR","PERIUK","TGR011","BT"
"BANTEN","KOTA TANGERANG","CIBODAS","BANTEN","TANGERANG","TGR","CIBODAS","TGR003","BT"
"BANTEN","KOTA TANGERANG","NEGLASARI","BANTEN","TANGERANG","TGR","NEGLASARI","TGR005","BT"
"BANTEN","KOTA TANGERANG","PINANG","BANTEN","TANGERANG","TGR","PINANG","TGR012","BT"
"BANTEN","KOTA TANGERANG","KARANG TENGAH","BANTEN","TANGERANG","TGR","KARANG TENGAH-TGR","TGR010","BT"
"BANTEN","KOTA TANGERANG","LARANGAN","BANTEN","TANGERANG","TGR","LARANGAN-TGR","TGR013","BT"
"BANTEN","KOTA TANGERANG SELATAN","SERPONG","BANTEN","CIPUTAT","CIP","SERPONG","CIP002","BT"
"BANTEN","KOTA TANGERANG SELATAN","SERPONG UTARA","BANTEN","CIPUTAT","CIP","SERPONG UTARA","CIP004","BT"
"BANTEN","KOTA TANGERANG SELATAN","PONDOK AREN","BANTEN","CIPUTAT","CIP","PONDOK AREN","CIP005","BT"
"BANTEN","KOTA TANGERANG SELATAN","CIPUTAT","BANTEN","CIPUTAT","CIP","CIPUTAT","CIP001","BT"
"BANTEN","KOTA TANGERANG SELATAN","CIPUTAT TIMUR","BANTEN","CIPUTAT","CIP","CIPUTAT TIMUR","CIP006","BT"
"BANTEN","KOTA TANGERANG SELATAN","PAMULANG","BANTEN","CIPUTAT","CIP","PAMULANG","CIP003","BT"
"BANTEN","KOTA TANGERANG SELATAN","SETU","BANTEN","CIPUTAT","CIP","SETU-CIP","CIP007","BT"
"BENGKULU","KAB. BENGKULU SELATAN","KEDURANG","BENGKULU","MANNA","MNN","KEDURANG","MNN003","BE"
"BENGKULU","KAB. BENGKULU SELATAN","SEGINIM","BENGKULU","MANNA","MNN","SEGINIM","MNN010","BE"
"BENGKULU","KAB. BENGKULU SELATAN","PINO","BENGKULU","MANNA","MNN","PINO","MNN008","BE"
"BENGKULU","KAB. BENGKULU SELATAN","MANNA","BENGKULU","MANNA","MNN","MANNA","MNN006","BE"
"BENGKULU","KAB. BENGKULU SELATAN","KOTA MANNA","BENGKULU","MANNA","MNN","KOTA MANNA","MNN005","BE"
"BENGKULU","KAB. BENGKULU SELATAN","PINO RAYA","BENGKULU","MANNA","MNN","PINO RAYA","MNN009","BE"
"BENGKULU","KAB. BENGKULU SELATAN","KEDURANG ILIR","BENGKULU","MANNA","MNN","KEDURANG ILIR","MNN004","BE"
"BENGKULU","KAB. BENGKULU SELATAN","AIR NIPIS","BENGKULU","MANNA","MNN","AIR NIPIS","MNN001","BE"
"BENGKULU","KAB. BENGKULU SELATAN","ULU MANNA","BENGKULU","MANNA","MNN","ULU MANNA","MNN011","BE"
"BENGKULU","KAB. BENGKULU SELATAN","BUNGA MAS","BENGKULU","MANNA","MNN","BUNGA MASS","MNN002","BE"
"BENGKULU","KAB. BENGKULU SELATAN","PASAR MANNA","BENGKULU","MANNA","MNN","PASAR MANNA","MNN007","BE"
"BENGKULU","KAB. BENGKULU TENGAH","KARANG TINGGI","BENGKULU","BENGKULU TENGAH","KRT","KARANG TINGGI","KRT001","BE"
"BENGKULU","KAB. BENGKULU TENGAH","TALANG EMPAT","BENGKULU","BENGKULU TENGAH","KRT","TALANG EMPAT","KRT006","BE"
"BENGKULU","KAB. BENGKULU TENGAH","PONDOK KELAPA","BENGKULU","BENGKULU TENGAH","KRT","PONDOK KELAPA","KRT004","BE"
"BENGKULU","KAB. BENGKULU TENGAH","PEMATANG TIGA","BENGKULU","BENGKULU TENGAH","KRT","PEMATANG TIGA","KRT003","BE"
"BENGKULU","KAB. BENGKULU TENGAH","PAGAR JATI","BENGKULU","BENGKULU TENGAH","KRT","PAGAR JATI","KRT002","BE"
"BENGKULU","KAB. BENGKULU TENGAH","TABA PENANJUNG","BENGKULU","BENGKULU TENGAH","KRT","TABA PENANJUNG","KRT005","BE"
"BENGKULU","KAB. BENGKULU TENGAH","MERIGI KELINDANG","BENGKULU","BENGKULU TENGAH","KRT","MERIGI KELINDANG","KRT008","BE"
"BENGKULU","KAB. BENGKULU TENGAH","MERIGI SAKTI","BENGKULU","BENGKULU TENGAH","KRT","MERIGI SAKTI","KRT009","BE"
"BENGKULU","KAB. BENGKULU TENGAH","PONDOK KUBANG","BENGKULU","BENGKULU TENGAH","KRT","PONDOK KUBANG","KRT010","BE"
"BENGKULU","KAB. BENGKULU TENGAH","BANG HAJI","BENGKULU","BENGKULU TENGAH","KRT","BANG HAJI","KRT007","BE"
"BENGKULU","KAB. BENGKULU UTARA","ENGGANO","BENGKULU","ARGAMAKMUR","ARG","ENGGANO","ARG014","BE"
"BENGKULU","KAB. BENGKULU UTARA","KERKAP","BENGKULU","ARGAMAKMUR","ARG","KERKAP","ARG006","BE"
"BENGKULU","KAB. BENGKULU UTARA","KOTA ARGA MAKMUR","BENGKULU","ARGAMAKMUR","ARG","ARGA MAKMUR","ARG003","BE"
"BENGKULU","KAB. BENGKULU UTARA","GIRI MULYA","BENGKULU","ARGAMAKMUR","ARG","GIRI MULIA","ARG005","BE"
"BENGKULU","KAB. BENGKULU UTARA","PADANG JAYA","BENGKULU","ARGAMAKMUR","ARG","PADANG JAYA","ARG010","BE"
"BENGKULU","KAB. BENGKULU UTARA","LAIS","BENGKULU","ARGAMAKMUR","ARG","LAIS-ARG","ARG008","BE"
"BENGKULU","KAB. BENGKULU UTARA","BATIK NAU","BENGKULU","ARGAMAKMUR","ARG","BATIK NAU","ARG004","BE"
"BENGKULU","KAB. BENGKULU UTARA","KETAHUN","BENGKULU","ARGAMAKMUR","ARG","KETAHUN","ARG007","BE"
"BENGKULU","KAB. BENGKULU UTARA","NAPAL PUTIH","BENGKULU","ARGAMAKMUR","ARG","NAPAL PUTIH","ARG009","BE"
"BENGKULU","KAB. BENGKULU UTARA","PUTRI HIJAU","BENGKULU","ARGAMAKMUR","ARG","PUTRI HIJAU","ARG011","BE"
"BENGKULU","KAB. BENGKULU UTARA","AIR BESI","BENGKULU","ARGAMAKMUR","ARG","AIR BESI","ARG001","BE"
"BENGKULU","KAB. BENGKULU UTARA","AIR NAPAL","BENGKULU","ARGAMAKMUR","ARG","AIR NAPAL","ARG002","BE"
"BENGKULU","KAB. BENGKULU UTARA","HULU PALIK","BENGKULU","ARGAMAKMUR","ARG","HULU PALIK","ARG015","BE"
"BENGKULU","KAB. BENGKULU UTARA","AIR PADANG","BENGKULU","ARGAMAKMUR","ARG","AIR PADANG","ARG012","BE"
"BENGKULU","KAB. BENGKULU UTARA","ARMA JAYA","BENGKULU","ARGAMAKMUR","ARG","ARMA JAYA","ARG013","BE"
"BENGKULU","KAB. BENGKULU UTARA","TANJUNG AGUNG PALIK","BENGKULU","ARGAMAKMUR","ARG","TANJUNG AGUNG PALIK","ARG016","BE"
"BENGKULU","KAB. BENGKULU UTARA","ULOK KUPAI","BENGKULU","ARGAMAKMUR","ARG","ULOK KUPAI","ARG017","BE"
"BENGKULU","KAB. BENGKULU UTARA","PINANG RAYA","BENGKULU","ARGAMAKMUR","ARG","PINANG RAYA","ARG019","BE"
"BENGKULU","KAB. BENGKULU UTARA","MARGA SAKTI SEBELAT","BENGKULU","ARGAMAKMUR","ARG","MARGA SAKTI SEBELAT","ARG018","BE"
"BENGKULU","KAB. KAUR","KINAL","BENGKULU","KAUR","KAW","KINAL","KAW005","BE"
"BENGKULU","KAB. KAUR","TANJUNG KEMUNING","BENGKULU","KAUR","KAW","TANJUNG KEMUNING","KAW014","BE"
"BENGKULU","KAB. KAUR","KAUR UTARA","BENGKULU","KAUR","KAW","KAUR UTARA","KAW003","BE"
"BENGKULU","KAB. KAUR","KAUR TENGAH","BENGKULU","KAUR","KAW","KAUR TENGAH","KAW002","BE"
"BENGKULU","KAB. KAUR","KAUR SELATAN","BENGKULU","KAUR","KAW","KAUR SELATAN","KAW001","BE"
"BENGKULU","KAB. KAUR","MAJE","BENGKULU","KAUR","KAW","MAJE","KAW008","BE"
"BENGKULU","KAB. KAUR","NASAL","BENGKULU","KAUR","KAW","NASAL","KAW010","BE"
"BENGKULU","KAB. KAUR","SEMIDANG GUMAY","BENGKULU","KAUR","KAW","SEMIDANG GUMAI","KAW013","BE"
"BENGKULU","KAB. KAUR","KELAM TENGAH","BENGKULU","KAUR","KAW","KELAM TENGAH","KAW004","BE"
"BENGKULU","KAB. KAUR","LUAS","BENGKULU","KAUR","KAW","LUAS","KAW006","BE"
"BENGKULU","KAB. KAUR","MUARA SAHUNG","BENGKULU","KAUR","KAW","MUARA SAHUNG","KAW009","BE"
"BENGKULU","KAB. KAUR","TETAP","BENGKULU","KAUR","KAW","MUATA TETAP","KAW015","BE"
"BENGKULU","KAB. KAUR","LUNGKANG KULE","BENGKULU","KAUR","KAW","LUNGKANG KULE","KAW007","BE"
"BENGKULU","KAB. KAUR","PADANG GUCI HILIR","BENGKULU","KAUR","KAW","PADANG GUCI ILIR","KAW011","BE"
"BENGKULU","KAB. KAUR","PADANG GUCI HULU","BENGKULU","KAUR","KAW","PADANG GUCI HULU","KAW012","BE"
"BENGKULU","KAB. KEPAHIANG","BERMANI ILIR","BENGKULU","KEPAHIANG","KPA","BERMANI ILIR","KPA001","BE"
"BENGKULU","KAB. KEPAHIANG","UJAN MAS","BENGKULU","KEPAHIANG","KPA","UJAN MAS-KPA","KPA008","BE"
"BENGKULU","KAB. KEPAHIANG","TEBAT KARAI","BENGKULU","KEPAHIANG","KPA","TEBAT KARAI","KPA007","BE"
"BENGKULU","KAB. KEPAHIANG","KEPAHIANG","BENGKULU","KEPAHIANG","KPA","KEPAHIANG","KPA003","BE"
"BENGKULU","KAB. KEPAHIANG","MERIGI","BENGKULU","KEPAHIANG","KPA","MERIGI","KPA004","BE"
"BENGKULU","KAB. KEPAHIANG","KEBAWETAN","BENGKULU","KEPAHIANG","KPA","KABAWETAN","KPA002","BE"
"BENGKULU","KAB. KEPAHIANG","SEBERANG MUSI","BENGKULU","KEPAHIANG","KPA","SEBERANG MUSI","KPA006","BE"
"BENGKULU","KAB. KEPAHIANG","MUARA KEMUMU","BENGKULU","KEPAHIANG","KPA","KEMUMU","KPA005","BE"
"BENGKULU","KAB. LEBONG","LEBONG UTARA","BENGKULU","LEBONG","LBG","LEBONG UTARA","LBG004","BE"
"BENGKULU","KAB. LEBONG","LEBONG ATAS","BENGKULU","LEBONG","LBG","LEBONG ATAS","LBG001","BE"
"BENGKULU","KAB. LEBONG","LEBONG TENGAH","BENGKULU","LEBONG","LBG","LEBONG TENGAH","LBG003","BE"
"BENGKULU","KAB. LEBONG","LEBONG SELATAN","BENGKULU","LEBONG","LBG","LEBONG SELATAN","LBG002","BE"
"BENGKULU","KAB. LEBONG","RIMBO PENGADANG","BENGKULU","LEBONG","LBG","RIMBO PENGADANG","LBG005","BE"
"BENGKULU","KAB. LEBONG","TOPOS","BENGKULU","LEBONG","LBG","TOPOS","LBG012","BE"
"BENGKULU","KAB. LEBONG","BINGIN KUNING","BENGKULU","LEBONG","LBG","BINGIN KUNING","LBG007","BE"
"BENGKULU","KAB. LEBONG","LEBONG SAKTI","BENGKULU","LEBONG","LBG","LEBONG SAKTI","LBG008","BE"
"BENGKULU","KAB. LEBONG","PELABAI","BENGKULU","LEBONG","LBG","PELABAI","LBG010","BE"
"BENGKULU","KAB. LEBONG","AMEN","BENGKULU","LEBONG","LBG","AMEN","LBG006","BE"
"BENGKULU","KAB. LEBONG","URAM JAYA","BENGKULU","LEBONG","LBG","URAM JAYA","LBG013","BE"
"BENGKULU","KAB. LEBONG","PINANG BELAPIS","BENGKULU","LEBONG","LBG","PINANG BELAPIS","LBG011","BE"
"BENGKULU","KAB. MUKO MUKO","LUBUK PINANG","BENGKULU","MUKO-MUKO","MWO","LUBUK PINANG","MWO004","BE"
"BENGKULU","KAB. MUKO MUKO","KOTA MUKOMUKO","BENGKULU","MUKO-MUKO","MWO","MUKO MUKO UTARA","MWO007","BE"
"BENGKULU","KAB. MUKO MUKO","TERAS TERUNJAM","BENGKULU","MUKO-MUKO","MWO","TERAS TERUNJAM","MWO013","BE"
"BENGKULU","KAB. MUKO MUKO","PONDOK SUGUH","BENGKULU","MUKO-MUKO","MWO","PONDOK SUGUH","MWO009","BE"
"BENGKULU","KAB. MUKO MUKO","IPUH","BENGKULU","MUKO-MUKO","MWO","MUKO MUKO SELATAN _ IPUH","MWO006","BE"
"BENGKULU","KAB. MUKO MUKO","MALIN DEMAN","BENGKULU","MUKO-MUKO","MWO","MALIN DEMAN","MWO005","BE"
"BENGKULU","KAB. MUKO MUKO","AIR RAMI","BENGKULU","MUKO-MUKO","MWO","AIR RAMI","MWO003","BE"
"BENGKULU","KAB. MUKO MUKO","TERAMANG JAYA","BENGKULU","MUKO-MUKO","MWO","TERAMANG JAYA","MWO012","BE"
"BENGKULU","KAB. MUKO MUKO","SELAGAN RAYA","BENGKULU","MUKO-MUKO","MWO","SELAGAN RAYA","MWO010","BE"
"BENGKULU","KAB. MUKO MUKO","PENARIK","BENGKULU","MUKO-MUKO","MWO","PENARIK","MWO008","BE"
"BENGKULU","KAB. MUKO MUKO","XIV KOTO","BENGKULU","MUKO-MUKO","MWO","XIV KOTO","MWO015","BE"
"BENGKULU","KAB. MUKO MUKO","V KOTO","BENGKULU","MUKO-MUKO","MWO","V KOTO","MWO014","BE"
"BENGKULU","KAB. MUKO MUKO","AIR MAJUNTO","BENGKULU","MUKO-MUKO","MWO","AIR MAJUNTO","MWO002","BE"
"BENGKULU","KAB. MUKO MUKO","AIR DIKIT","BENGKULU","MUKO-MUKO","MWO","AIR DIKIT","MWO001","BE"
"BENGKULU","KAB. MUKO MUKO","SUNGAI RUMBAI","BENGKULU","MUKO-MUKO","MWO","SUNGAI RUMBAI-MUKO","MWO011","BE"
"BENGKULU","KAB. REJANG LEBONG","KOTA PADANG","BENGKULU","REJANG LEBONG","CRP","KOTA PADANG","CRP010","BE"
"BENGKULU","KAB. REJANG LEBONG","PADANG ULAK TANDING","BENGKULU","REJANG LEBONG","CRP","PADANG ULAK TANDING","CRP011","BE"
"BENGKULU","KAB. REJANG LEBONG","SINDANG KELINGI","BENGKULU","REJANG LEBONG","CRP","SINDANG KELINGI","CRP016","BE"
"BENGKULU","KAB. REJANG LEBONG","CURUP","BENGKULU","REJANG LEBONG","CRP","CURUP","CRP001","BE"
"BENGKULU","KAB. REJANG LEBONG","BERMANI ULU","BENGKULU","REJANG LEBONG","CRP","BERMANI ULU","CRP007","BE"
"BENGKULU","KAB. REJANG LEBONG","SELUPU REJANG","BENGKULU","REJANG LEBONG","CRP","SELUPU REJANG","CRP006","BE"
"BENGKULU","KAB. REJANG LEBONG","CURUP UTARA","BENGKULU","REJANG LEBONG","CRP","CURUP UTARA","CRP005","BE"
"BENGKULU","KAB. REJANG LEBONG","CURUP TIMUR","BENGKULU","REJANG LEBONG","CRP","CURUP TIMUR","CRP004","BE"
"BENGKULU","KAB. REJANG LEBONG","CURUP SELATAN","BENGKULU","REJANG LEBONG","CRP","CURUP SELATAN","CRP002","BE"
"BENGKULU","KAB. REJANG LEBONG","CURUP TENGAH","BENGKULU","REJANG LEBONG","CRP","CURUP TENGAH","CRP003","BE"
"BENGKULU","KAB. REJANG LEBONG","BINDURIANG","BENGKULU","REJANG LEBONG","CRP","BINDURIANG","CRP009","BE"
"BENGKULU","KAB. REJANG LEBONG","SINDANG BELITI ULU","BENGKULU","REJANG LEBONG","CRP","SINDANG BELITI ULU","CRP014","BE"
"BENGKULU","KAB. REJANG LEBONG","SINDANG DATARAN","BENGKULU","REJANG LEBONG","CRP","SINDANG DARATAN","CRP015","BE"
"BENGKULU","KAB. REJANG LEBONG","SINDANG BELITI ILIR","BENGKULU","REJANG LEBONG","CRP","SINDANG BELITI ILIR","CRP013","BE"
"BENGKULU","KAB. REJANG LEBONG","BERMANI ULU RAYA","BENGKULU","REJANG LEBONG","CRP","BERMANI ULU RAYA","CRP008","BE"
"BENGKULU","KAB. SELUMA","SUKARAJA","BENGKULU","SELUMA","TAS","SUKARAJA-TAS","TAS011","BE"
"BENGKULU","KAB. SELUMA","SELUMA","BENGKULU","SELUMA","TAS","SELUMA","TAS004","BE"
"BENGKULU","KAB. SELUMA","TALO","BENGKULU","SELUMA","TAS","TALO","TAS012","BE"
"BENGKULU","KAB. SELUMA","SEMIDANG ALAS","BENGKULU","SELUMA","TAS","SEMIDANG ALAS","TAS009","BE"
"BENGKULU","KAB. SELUMA","SEMIDANG ALAS MARAS","BENGKULU","SELUMA","TAS","SEMIDANG ALAS MARAS","TAS010","BE"
"BENGKULU","KAB. SELUMA","AIR PERIUKAN","BENGKULU","SELUMA","TAS","AIR PERIUKAN","TAS001","BE"
"BENGKULU","KAB. SELUMA","LUBUK SANDI","BENGKULU","SELUMA","TAS","LUBUK SANDI","TAS003","BE"
"BENGKULU","KAB. SELUMA","SELUMA BARAT","BENGKULU","SELUMA","TAS","SELUMA BARAT","TAS005","BE"
"BENGKULU","KAB. SELUMA","SELUMA TIMUR","BENGKULU","SELUMA","TAS","SELUMA TIMUR","TAS007","BE"
"BENGKULU","KAB. SELUMA","SELUMA UTARA","BENGKULU","SELUMA","TAS","SELUMA UTARA","TAS008","BE"
"BENGKULU","KAB. SELUMA","SELUMA SELATAN","BENGKULU","SELUMA","TAS","SELUMA SELATAN","TAS006","BE"
"BENGKULU","KAB. SELUMA","TALO KECIL","BENGKULU","SELUMA","TAS","TALO KECIL","TAS013","BE"
"BENGKULU","KAB. SELUMA","ULU TALO","BENGKULU","SELUMA","TAS","ULU TALO","TAS014","BE"
"BENGKULU","KAB. SELUMA","ILIR TALO","BENGKULU","SELUMA","TAS","ILIR TALO","TAS002","BE"
"BENGKULU","KOTA BENGKULU","SELEBAR","BENGKULU","BENGKULU","BKS","SELEBAR","BKS006","BE"
"BENGKULU","KOTA BENGKULU","GADING CEMPAKA","BENGKULU","BENGKULU","BKS","GADING CEMPAKA","BKS001","BE"
"BENGKULU","KOTA BENGKULU","TELUK SEGARA","BENGKULU","BENGKULU","BKS","TELUK SEGARA","BKS008","BE"
"BENGKULU","KOTA BENGKULU","MUARA BANGKA HULU","BENGKULU","BENGKULU","BKS","MUARA BANGKAHULU","BKS003","BE"
"BENGKULU","KOTA BENGKULU","KAMPUNG MELAYU","BENGKULU","BENGKULU","BKS","KAMPUNG MELAYU","BKS002","BE"
"BENGKULU","KOTA BENGKULU","RATU AGUNG","BENGKULU","BENGKULU","BKS","RATU AGUNG","BKS004","BE"
"BENGKULU","KOTA BENGKULU","RATU SAMBAN","BENGKULU","BENGKULU","BKS","RATU SAMBAN","BKS005","BE"
"BENGKULU","KOTA BENGKULU","SUNGAI SERUT","BENGKULU","BENGKULU","BKS","SUNGAI SERUT","BKS007","BE"
"BENGKULU","KOTA BENGKULU","SINGARAN PATI","BENGKULU","BENGKULU","BKS","SINGARAN PATI","BKS009","BE"
"DIY","KAB. BANTUL","SRANDAKAN","D.I. YOGYAKARTA","BANTUL","BTL","SRANDAKAN","BTL001","YO"
"DIY","KAB. BANTUL","SANDEN","D.I. YOGYAKARTA","BANTUL","BTL","SANDEN","BTL007","YO"
"DIY","KAB. BANTUL","KRETEK","D.I. YOGYAKARTA","BANTUL","BTL","KRETEK","BTL008","YO"
"DIY","KAB. BANTUL","PUNDONG","D.I. YOGYAKARTA","BANTUL","BTL","PUNDONG","BTL004","YO"
"DIY","KAB. BANTUL","BAMBANGLIPURO","D.I. YOGYAKARTA","BANTUL","BTL","BAMBANGLIPURO","BTL003","YO"
"DIY","KAB. BANTUL","PANDAK","D.I. YOGYAKARTA","BANTUL","BTL","PANDAK","BTL006","YO"
"DIY","KAB. BANTUL","PAJANGAN","D.I. YOGYAKARTA","BANTUL","BTL","PAJANGAN","BTL015","YO"
"DIY","KAB. BANTUL","BANTUL","D.I. YOGYAKARTA","BANTUL","BTL","BANTUL","BTL010","YO"
"DIY","KAB. BANTUL","JETIS","D.I. YOGYAKARTA","BANTUL","BTL","JETIS-BTL","BTL002","YO"
"DIY","KAB. BANTUL","IMOGIRI","D.I. YOGYAKARTA","BANTUL","BTL","IMOGIRI","BTL005","YO"
"DIY","KAB. BANTUL","DLINGO","D.I. YOGYAKARTA","BANTUL","BTL","DLINGO","BTL009","YO"
"DIY","KAB. BANTUL","BANGUNTAPAN","D.I. YOGYAKARTA","BANTUL","BTL","BANGUNTAPAN","BTL011","YO"
"DIY","KAB. BANTUL","PLERET","D.I. YOGYAKARTA","BANTUL","BTL","PLERET","BTL013","YO"
"DIY","KAB. BANTUL","PIYUNGAN","D.I. YOGYAKARTA","BANTUL","BTL","PIYUNGAN","BTL012","YO"
"DIY","KAB. BANTUL","SEWON","D.I. YOGYAKARTA","BANTUL","BTL","SEWON","BTL017","YO"
"DIY","KAB. BANTUL","KASIHAN","D.I. YOGYAKARTA","BANTUL","BTL","KASIHAN","BTL016","YO"
"DIY","KAB. BANTUL","SEDAYU","D.I. YOGYAKARTA","BANTUL","BTL","SEDAYU","BTL014","YO"
"DIY","KAB. GUNUNGKIDUL","WONOSARI","D.I. YOGYAKARTA","WONOSARI","WNO","WONOSARI-WNO","WNO001","YO"
"DIY","KAB. GUNUNGKIDUL","NGLIPAR","D.I. YOGYAKARTA","WONOSARI","WNO","NGLIPAR","WNO002","YO"
"DIY","KAB. GUNUNGKIDUL","PLAYEN","D.I. YOGYAKARTA","WONOSARI","WNO","PLAYEN","WNO003","YO"
"DIY","KAB. GUNUNGKIDUL","PATUK","D.I. YOGYAKARTA","WONOSARI","WNO","PATUK","WNO004","YO"
"DIY","KAB. GUNUNGKIDUL","PALIYAN","D.I. YOGYAKARTA","WONOSARI","WNO","PALIYAN","WNO005","YO"
"DIY","KAB. GUNUNGKIDUL","PANGGANG","D.I. YOGYAKARTA","WONOSARI","WNO","PANGGANG","WNO006","YO"
"DIY","KAB. GUNUNGKIDUL","TEPUS","D.I. YOGYAKARTA","WONOSARI","WNO","TEPUS","WNO007","YO"
"DIY","KAB. GUNUNGKIDUL","SEMANU","D.I. YOGYAKARTA","WONOSARI","WNO","SEMANU","WNO008","YO"
"DIY","KAB. GUNUNGKIDUL","KARANGMOJO","D.I. YOGYAKARTA","WONOSARI","WNO","KARANGMOJO","WNO009","YO"
"DIY","KAB. GUNUNGKIDUL","PONJONG","D.I. YOGYAKARTA","WONOSARI","WNO","PONJONG","WNO010","YO"
"DIY","KAB. GUNUNGKIDUL","RONGKOP","D.I. YOGYAKARTA","WONOSARI","WNO","RONGKOP","WNO011","YO"
"DIY","KAB. GUNUNGKIDUL","SEMIN","D.I. YOGYAKARTA","WONOSARI","WNO","SEMIN","WNO012","YO"
"DIY","KAB. GUNUNGKIDUL","NGAWEN","D.I. YOGYAKARTA","WONOSARI","WNO","NGAWEN-WNO","WNO013","YO"
"DIY","KAB. GUNUNGKIDUL","GEDANGSARI","D.I. YOGYAKARTA","WONOSARI","WNO","GEDANGSARI","WNO014","YO"
"DIY","KAB. GUNUNGKIDUL","SAPTOSARI","D.I. YOGYAKARTA","WONOSARI","WNO","SAPTOSARI","WNO015","YO"
"DIY","KAB. GUNUNGKIDUL","GIRISUBO","D.I. YOGYAKARTA","WONOSARI","WNO","GIRISUBO","WNO016","YO"
"DIY","KAB. GUNUNGKIDUL","TANJUNGSARI","D.I. YOGYAKARTA","WONOSARI","WNO","TANJUNGSARI-WNO","WNO017","YO"
"DIY","KAB. GUNUNGKIDUL","PURWOSARI","D.I. YOGYAKARTA","WONOSARI","WNO","PURWOSARI-WNO","WNO018","YO"
"DIY","KAB. KULON PROGO","TEMON","D.I. YOGYAKARTA","KULON PROGO","KLP","TEMON","KLP011","YO"
"DIY","KAB. KULON PROGO","WATES","D.I. YOGYAKARTA","KULON PROGO","KLP","WATES-KLP","KLP012","YO"
"DIY","KAB. KULON PROGO","PANJATAN","D.I. YOGYAKARTA","KULON PROGO","KLP","PANJATAN","KLP007","YO"
"DIY","KAB. KULON PROGO","GALUR","D.I. YOGYAKARTA","KULON PROGO","KLP","GALUR","KLP001","YO"
"DIY","KAB. KULON PROGO","LENDAH","D.I. YOGYAKARTA","KULON PROGO","KLP","LENDAH","KLP005","YO"
"DIY","KAB. KULON PROGO","SENTOLO","D.I. YOGYAKARTA","KULON PROGO","KLP","SENTOLO","KLP010","YO"
"DIY","KAB. KULON PROGO","PENGASIH","D.I. YOGYAKARTA","KULON PROGO","KLP","PENGASIH","KLP008","YO"
"DIY","KAB. KULON PROGO","KOKAP","D.I. YOGYAKARTA","KULON PROGO","KLP","KOKAP","KLP004","YO"
"DIY","KAB. KULON PROGO","GIRIMULYO","D.I. YOGYAKARTA","KULON PROGO","KLP","GIRIMULYO","KLP002","YO"
"DIY","KAB. KULON PROGO","NANGGULAN","D.I. YOGYAKARTA","KULON PROGO","KLP","NANGGULAN","KLP006","YO"
"DIY","KAB. KULON PROGO","SAMIGALUH","D.I. YOGYAKARTA","KULON PROGO","KLP","SAMIGALUH","KLP009","YO"
"DIY","KAB. KULON PROGO","KALIBAWANG","D.I. YOGYAKARTA","KULON PROGO","KLP","KALIBAWANG-KLP","KLP003","YO"
"DIY","KAB. SLEMAN","GAMPING","D.I. YOGYAKARTA","SLEMAN","SLM","GAMPING","SLM003","YO"
"DIY","KAB. SLEMAN","GODEAN","D.I. YOGYAKARTA","SLEMAN","SLM","GODEAN","SLM004","YO"
"DIY","KAB. SLEMAN","MOYUDAN","D.I. YOGYAKARTA","SLEMAN","SLM","MOYUDAN","SLM006","YO"
"DIY","KAB. SLEMAN","MINGGIR","D.I. YOGYAKARTA","SLEMAN","SLM","MINGGIR","SLM005","YO"
"DIY","KAB. SLEMAN","SEYEGAN","D.I. YOGYAKARTA","SLEMAN","SLM","SEYEGAN","SLM002","YO"
"DIY","KAB. SLEMAN","MLATI","D.I. YOGYAKARTA","SLEMAN","SLM","MLATI","SLM010","YO"
"DIY","KAB. SLEMAN","DEPOK","D.I. YOGYAKARTA","SLEMAN","SLM","DEPOK-SLM","SLM014","YO"
"DIY","KAB. SLEMAN","BERBAH","D.I. YOGYAKARTA","SLEMAN","SLM","BERBAH","SLM015","YO"
"DIY","KAB. SLEMAN","PRAMBANAN","D.I. YOGYAKARTA","SLEMAN","SLM","PRAMBANAN-SLM","SLM017","YO"
"DIY","KAB. SLEMAN","KALASAN","D.I. YOGYAKARTA","SLEMAN","SLM","KALASAN","SLM016","YO"
"DIY","KAB. SLEMAN","NGEMPLAK","D.I. YOGYAKARTA","SLEMAN","SLM","NGEMPLAK-SLM","SLM001","YO"
"DIY","KAB. SLEMAN","NGAGLIK","D.I. YOGYAKARTA","SLEMAN","SLM","NGAGLIK","SLM007","YO"
"DIY","KAB. SLEMAN","SLEMAN","D.I. YOGYAKARTA","SLEMAN","SLM","SLEMAN","SLM011","YO"
"DIY","KAB. SLEMAN","TEMPEL","D.I. YOGYAKARTA","SLEMAN","SLM","TEMPEL","SLM012","YO"
"DIY","KAB. SLEMAN","TURI","D.I. YOGYAKARTA","SLEMAN","SLM","TURI-SLM","SLM013","YO"
"DIY","KAB. SLEMAN","PAKEM","D.I. YOGYAKARTA","SLEMAN","SLM","PAKEM-SLM","SLM008","YO"
"DIY","KAB. SLEMAN","CANGKRINGAN","D.I. YOGYAKARTA","SLEMAN","SLM","CANGKRINGAN","SLM009","YO"
"DIY","KOTA YOGYAKARTA","TEGALREJO","D.I. YOGYAKARTA","YOGYAKARTA","JOG","TEGALREJO-JOG","JOG002","YO"
"DIY","KOTA YOGYAKARTA","JETIS","D.I. YOGYAKARTA","YOGYAKARTA","JOG","JETIS-JOG","JOG004","YO"
"DIY","KOTA YOGYAKARTA","GONDOKUSUMAN","D.I. YOGYAKARTA","YOGYAKARTA","JOG","GONDOKUSUMAN","JOG005","YO"
"DIY","KOTA YOGYAKARTA","DANUREJAN","D.I. YOGYAKARTA","YOGYAKARTA","JOG","DANUREJAN","JOG007","YO"
"DIY","KOTA YOGYAKARTA","GEDONGTENGEN","D.I. YOGYAKARTA","YOGYAKARTA","JOG","GEDONG TENGEN","JOG006","YO"
"DIY","KOTA YOGYAKARTA","NGAMPILAN","D.I. YOGYAKARTA","YOGYAKARTA","JOG","NGAMPILAN","JOG003","YO"
"DIY","KOTA YOGYAKARTA","WIROBRAJAN","D.I. YOGYAKARTA","YOGYAKARTA","JOG","WIROBRAJAN","JOG001","YO"
"DIY","KOTA YOGYAKARTA","MANTRIJERON","D.I. YOGYAKARTA","YOGYAKARTA","JOG","MANTRIJERON","JOG011","YO"
"DIY","KOTA YOGYAKARTA","KRATON","D.I. YOGYAKARTA","YOGYAKARTA","JOG","KRATON-JOG","JOG012","YO"
"DIY","KOTA YOGYAKARTA","GONDOMANAN","D.I. YOGYAKARTA","YOGYAKARTA","JOG","GONDOMANAN","JOG014","YO"
"DIY","KOTA YOGYAKARTA","PAKUALAMAN","D.I. YOGYAKARTA","YOGYAKARTA","JOG","PAKUALAMAN","JOG009","YO"
"DIY","KOTA YOGYAKARTA","MERGANGSAN","D.I. YOGYAKARTA","YOGYAKARTA","JOG","MERGANGSAN","JOG010","YO"
"DIY","KOTA YOGYAKARTA","UMBULHARJO","D.I. YOGYAKARTA","YOGYAKARTA","JOG","UMBULHARJO","JOG008","YO"
"DIY","KOTA YOGYAKARTA","KOTAGEDE","D.I. YOGYAKARTA","YOGYAKARTA","JOG","KOTAGEDE","JOG013","YO"
"DKI JAKARTA","KAB. ADM. KEP. SERIBU","KEPULAUAN SERIBU UTARA","DKI JAKARTA","JAKARTA","JKT","KEPULAUAN SERIBU UTARA","JKT045","JK"
"DKI JAKARTA","KAB. ADM. KEP. SERIBU","KEPULAUAN SERIBU SELATAN","DKI JAKARTA","JAKARTA","JKT","KEPULAUAN SERIBU SELATAN","JKT014","JK"
"DKI JAKARTA","KOTA ADM. JAKARTA BARAT","CENGKARENG","DKI JAKARTA","JAKARTA","JKT","CENGKARENG","JKT001","JK"
"DKI JAKARTA","KOTA ADM. JAKARTA BARAT","GROGOL PETAMBURAN","DKI JAKARTA","JAKARTA","JKT","GROGOL PETAMBURAN","JKT008","JK"
"DKI JAKARTA","KOTA ADM. JAKARTA BARAT","TAMAN SARI","DKI JAKARTA","JAKARTA","JKT","TAMAN SARI-JKT","JKT007","JK"
"DKI JAKARTA","KOTA ADM. JAKARTA BARAT","TAMBORA","DKI JAKARTA","JAKARTA","JKT","TAMBORA","JKT006","JK"
"DKI JAKARTA","KOTA ADM. JAKARTA BARAT","KEBON JERUK","DKI JAKARTA","JAKARTA","JKT","KEBON JERUK","JKT004","JK"
"DKI JAKARTA","KOTA ADM. JAKARTA BARAT","KALIDERES","DKI JAKARTA","JAKARTA","JKT","KALIDERES","JKT002","JK"
"DKI JAKARTA","KOTA ADM. JAKARTA BARAT","PAL MERAH","DKI JAKARTA","JAKARTA","JKT","PALMERAH","JKT005","JK"
"DKI JAKARTA","KOTA ADM. JAKARTA BARAT","KEMBANGAN","DKI JAKARTA","JAKARTA","JKT","KEMBANGAN","JKT003","JK"
"DKI JAKARTA","KOTA ADM. JAKARTA PUSAT","GAMBIR","DKI JAKARTA","JAKARTA","JKT","GAMBIR","JKT024","JK"
"DKI JAKARTA","KOTA ADM. JAKARTA PUSAT","SAWAH BESAR","DKI JAKARTA","JAKARTA","JKT","SAWAH BESAR","JKT022","JK"
"DKI JAKARTA","KOTA ADM. JAKARTA PUSAT","KEMAYORAN","DKI JAKARTA","JAKARTA","JKT","KEMAYORAN","JKT023","JK"
"DKI JAKARTA","KOTA ADM. JAKARTA PUSAT","SENEN","DKI JAKARTA","JAKARTA","JKT","SENEN","JKT019","JK"
"DKI JAKARTA","KOTA ADM. JAKARTA PUSAT","CEMPAKA PUTIH","DKI JAKARTA","JAKARTA","JKT","CEMPAKA PUTIH","JKT021","JK"
"DKI JAKARTA","KOTA ADM. JAKARTA PUSAT","MENTENG","DKI JAKARTA","JAKARTA","JKT","MENTENG","JKT018","JK"
"DKI JAKARTA","KOTA ADM. JAKARTA PUSAT","TANAH ABANG","DKI JAKARTA","JAKARTA","JKT","TANAH ABANG-JKT","JKT017","JK"
"DKI JAKARTA","KOTA ADM. JAKARTA PUSAT","JOHAR BARU","DKI JAKARTA","JAKARTA","JKT","JOHAR BARU","JKT020","JK"
"DKI JAKARTA","KOTA ADM. JAKARTA SELATAN","TEBET","DKI JAKARTA","JAKARTA","JKT","TEBET","JKT043","JK"
"DKI JAKARTA","KOTA ADM. JAKARTA SELATAN","SETIABUDI","DKI JAKARTA","JAKARTA","JKT","SETIABUDI","JKT044","JK"
"DKI JAKARTA","KOTA ADM. JAKARTA SELATAN","MAMPANG PRAPATAN","DKI JAKARTA","JAKARTA","JKT","MAMPANG PRAPATAN","JKT041","JK"
"DKI JAKARTA","KOTA ADM. JAKARTA SELATAN","PASAR MINGGU","DKI JAKARTA","JAKARTA","JKT","PASAR MINGGU","JKT039","JK"
"DKI JAKARTA","KOTA ADM. JAKARTA SELATAN","KEBAYORAN LAMA","DKI JAKARTA","JAKARTA","JKT","KEBAYORAN LAMA","JKT036","JK"
"DKI JAKARTA","KOTA ADM. JAKARTA SELATAN","CILANDAK","DKI JAKARTA","JAKARTA","JKT","CILANDAK","JKT038","JK"
"DKI JAKARTA","KOTA ADM. JAKARTA SELATAN","KEBAYORAN BARU","DKI JAKARTA","JAKARTA","JKT","KEBAYORAN BARU","JKT035","JK"
"DKI JAKARTA","KOTA ADM. JAKARTA SELATAN","PANCORAN","DKI JAKARTA","JAKARTA","JKT","PANCORAN","JKT042","JK"
"DKI JAKARTA","KOTA ADM. JAKARTA SELATAN","JAGAKARSA","DKI JAKARTA","JAKARTA","JKT","JAGAKARSA","JKT040","JK"
"DKI JAKARTA","KOTA ADM. JAKARTA SELATAN","PESANGGRAHAN","DKI JAKARTA","JAKARTA","JKT","PESANGGRAHAN-JKT","JKT037","JK"
"DKI JAKARTA","KOTA ADM. JAKARTA TIMUR","MATRAMAN","DKI JAKARTA","JAKARTA","JKT","MATRAMAN","JKT028","JK"
"DKI JAKARTA","KOTA ADM. JAKARTA TIMUR","PULOGADUNG","DKI JAKARTA","JAKARTA","JKT","PULO GADUNG","JKT026","JK"
"DKI JAKARTA","KOTA ADM. JAKARTA TIMUR","JATINEGARA","DKI JAKARTA","JAKARTA","JKT","JATINEGARA-JKT","JKT027","JK"
"DKI JAKARTA","KOTA ADM. JAKARTA TIMUR","KRAMATJATI","DKI JAKARTA","JAKARTA","JKT","KRAMAT JATI","JKT030","JK"
"DKI JAKARTA","KOTA ADM. JAKARTA TIMUR","PASAR REBO","DKI JAKARTA","JAKARTA","JKT","PASAR REBO","JKT029","JK"
"DKI JAKARTA","KOTA ADM. JAKARTA TIMUR","CAKUNG","DKI JAKARTA","JAKARTA","JKT","CAKUNG","JKT025","JK"
"DKI JAKARTA","KOTA ADM. JAKARTA TIMUR","DUREN SAWIT","DKI JAKARTA","JAKARTA","JKT","DUREN SAWIT","JKT034","JK"
"DKI JAKARTA","KOTA ADM. JAKARTA TIMUR","MAKASAR","DKI JAKARTA","JAKARTA","JKT","MAKASAR","JKT033","JK"
"DKI JAKARTA","KOTA ADM. JAKARTA TIMUR","CIRACAS","DKI JAKARTA","JAKARTA","JKT","CIRACAS","JKT031","JK"
"DKI JAKARTA","KOTA ADM. JAKARTA TIMUR","CIPAYUNG","DKI JAKARTA","JAKARTA","JKT","CIPAYUNG-JKT","JKT032","JK"
"DKI JAKARTA","KOTA ADM. JAKARTA UTARA","PENJARINGAN","DKI JAKARTA","JAKARTA","JKT","PENJARINGAN","JKT012","JK"
"DKI JAKARTA","KOTA ADM. JAKARTA UTARA","TANJUNG PRIOK","DKI JAKARTA","JAKARTA","JKT","TANJUNG PRIOK","JKT011","JK"
"DKI JAKARTA","KOTA ADM. JAKARTA UTARA","KOJA","DKI JAKARTA","JAKARTA","JKT","KOJA","JKT009","JK"
"DKI JAKARTA","KOTA ADM. JAKARTA UTARA","CILINCING","DKI JAKARTA","JAKARTA","JKT","CILINCING","JKT016","JK"
"DKI JAKARTA","KOTA ADM. JAKARTA UTARA","PADEMANGAN","DKI JAKARTA","JAKARTA","JKT","PADEMANGAN","JKT015","JK"
"DKI JAKARTA","KOTA ADM. JAKARTA UTARA","KELAPA GADING","DKI JAKARTA","JAKARTA","JKT","KELAPA GADING","JKT010","JK"
"GORONTALO","KAB. BOALEMO","PAGUYAMAN","GORONTALO","TILAMUTA","TIT","PAGUYAMAN","TIT005","GO"
"GORONTALO","KAB. BOALEMO","WONOSARI","GORONTALO","TILAMUTA","TIT","WONOSARI","TIT007","GO"
"GORONTALO","KAB. BOALEMO","DULUPI","GORONTALO","TILAMUTA","TIT","DULUPI","TIT003","GO"
"GORONTALO","KAB. BOALEMO","TILAMUTA","GORONTALO","TILAMUTA","TIT","TILAMUTA","TIT001","GO"
"GORONTALO","KAB. BOALEMO","MANANGGU","GORONTALO","TILAMUTA","TIT","MANANGGU","TIT004","GO"
"GORONTALO","KAB. BOALEMO","BOTUMOITA","GORONTALO","TILAMUTA","TIT","BOTUMOITA","TIT002","GO"
"GORONTALO","KAB. BOALEMO","PAGUYAMAN PANTAI","GORONTALO","TILAMUTA","TIT","PAGUYAMAN PANTAI","TIT006","GO"
"GORONTALO","KAB. BONE BOLANGO","TAPA","GORONTALO","SUWAWA","SUW","TAPA","SUW013","GO"
"GORONTALO","KAB. BONE BOLANGO","KABILA","GORONTALO","SUWAWA","SUW","KABILA","SUW011","GO"
"GORONTALO","KAB. BONE BOLANGO","SUWAWA","GORONTALO","SUWAWA","SUW","SUWAWA","SUW001","GO"
"GORONTALO","KAB. BONE BOLANGO","BONEPANTAI","GORONTALO","SUWAWA","SUW","BONEPANTAI","SUW004","GO"
"GORONTALO","KAB. BONE BOLANGO","BULANGO UTARA","GORONTALO","SUWAWA","SUW","BULANGO UTARA","SUW009","GO"
"GORONTALO","KAB. BONE BOLANGO","TILONGKABILA","GORONTALO","SUWAWA","SUW","TILONGKABILA","SUW014","GO"
"GORONTALO","KAB. BONE BOLANGO","BOTUPINGGE","GORONTALO","SUWAWA","SUW","BOTU PINGGE","SUW005","GO"
"GORONTALO","KAB. BONE BOLANGO","KABILA BONE","GORONTALO","SUWAWA","SUW","KABILA BONE","SUW012","GO"
"GORONTALO","KAB. BONE BOLANGO","BONE","GORONTALO","SUWAWA","SUW","BONE-SUW","SUW002","GO"
"GORONTALO","KAB. BONE BOLANGO","BONE RAYA","GORONTALO","SUWAWA","SUW","BONE RAYA","SUW003","GO"
"GORONTALO","KAB. BONE BOLANGO","SUWAWA TIMUR","GORONTALO","SUWAWA","SUW","SUWAWA TIMUR","SUW017","GO"
"GORONTALO","KAB. BONE BOLANGO","SUWAWA SELATAN","GORONTALO","SUWAWA","SUW","SUWAWA SELATAN","SUW015","GO"
"GORONTALO","KAB. BONE BOLANGO","SUWAWA TENGAH","GORONTALO","SUWAWA","SUW","SUWAWA TENGAH","SUW016","GO"
"GORONTALO","KAB. BONE BOLANGO","BULANGO ULU","GORONTALO","SUWAWA","SUW","BULANGO ULU","SUW008","GO"
"GORONTALO","KAB. BONE BOLANGO","BULANGO SELATAN","GORONTALO","SUWAWA","SUW","BULANGO SELATAN","SUW006","GO"
"GORONTALO","KAB. BONE BOLANGO","BULANGO TIMUR","GORONTALO","SUWAWA","SUW","BULANGO TIMUR","SUW007","GO"
"GORONTALO","KAB. BONE BOLANGO","BULAWA","GORONTALO","SUWAWA","SUW","BULAWA","SUW010","GO"
"GORONTALO","KAB. BONE BOLANGO","PINOGU","GORONTALO","SUWAWA","SUW","PINOGU","SUW018","GO"
"GORONTALO","KAB. GORONTALO","LIMBOTO","GORONTALO","KAB.GORONTALO","LBO","LIMBOTO","LBO001","GO"
"GORONTALO","KAB. GORONTALO","TELAGA","GORONTALO","KAB.GORONTALO","LBO","TELAGA","LBO020","GO"
"GORONTALO","KAB. GORONTALO","BATUDAA","GORONTALO","KAB.GORONTALO","LBO","BATUDAA-LBO","LBO004","GO"
"GORONTALO","KAB. GORONTALO","TIBAWA","GORONTALO","KAB.GORONTALO","LBO","TIBAWA-LBO","LBO015","GO"
"GORONTALO","KAB. GORONTALO","BATUDAA PANTAI","GORONTALO","KAB.GORONTALO","LBO","BATUDAA PANTAI-LBO","LBO005","GO"
"GORONTALO","KAB. GORONTALO","BOLIYOHUTO","GORONTALO","KAB.GORONTALO","LBO","BOLIOHUTO","LBO007","GO"
"GORONTALO","KAB. GORONTALO","TELAGA BIRU","GORONTALO","KAB.GORONTALO","LBO","TELAGA BIRU-LBO","LBO013","GO"
"GORONTALO","KAB. GORONTALO","BONGOMEME","GORONTALO","KAB.GORONTALO","LBO","BONGOMEME-LBO","LBO008","GO"
"GORONTALO","KAB. GORONTALO","TOLANGOHULA","GORONTALO","KAB.GORONTALO","LBO","TOLANGOHULA-LBO","LBO017","GO"
"GORONTALO","KAB. GORONTALO","MOOTILANGO","GORONTALO","KAB.GORONTALO","LBO","MOOTILANGO-LBO","LBO009","GO"
"GORONTALO","KAB. GORONTALO","PULUBALA","GORONTALO","KAB.GORONTALO","LBO","PULUBALA-LBO","LBO010","GO"
"GORONTALO","KAB. GORONTALO","LIMBOTO BARAT","GORONTALO","KAB.GORONTALO","LBO","LIMBOTO BARAT-LBO","LBO002","GO"
"GORONTALO","KAB. GORONTALO","TILANGO","GORONTALO","KAB.GORONTALO","LBO","TILANGO-LBO","LBO016","GO"
"GORONTALO","KAB. GORONTALO","TABONGO","GORONTALO","KAB.GORONTALO","LBO","TABONGO-LBO","LBO011","GO"
"GORONTALO","KAB. GORONTALO","BILUHU","GORONTALO","KAB.GORONTALO","LBO","BILUHU","LBO006","GO"
"GORONTALO","KAB. GORONTALO","ASPARAGA","GORONTALO","KAB.GORONTALO","LBO","ASPARAGA-LBO","LBO003","GO"
"GORONTALO","KAB. GORONTALO","TALAGA JAYA","GORONTALO","KAB.GORONTALO","LBO","TELAGA JAYA-LBO","LBO014","GO"
"GORONTALO","KAB. GORONTALO","BILATO","GORONTALO","KAB.GORONTALO","LBO","BILATO","LBO018","GO"
"GORONTALO","KAB. GORONTALO","DUNGALIYO","GORONTALO","KAB.GORONTALO","LBO","DUNGALIYO","LBO019","GO"
"GORONTALO","KAB. GORONTALO UTARA","ATINGGOLA","GORONTALO","GORONTALO UTARA","KWD","ATINGGOLA","KWD003","GO"
"GORONTALO","KAB. GORONTALO UTARA","KWANDANG","GORONTALO","GORONTALO UTARA","KWD","KWANDANG","KWD001","GO"
"GORONTALO","KAB. GORONTALO UTARA","ANGGREK","GORONTALO","GORONTALO UTARA","KWD","ANGGREK","KWD002","GO"
"GORONTALO","KAB. GORONTALO UTARA","SUMALATA","GORONTALO","GORONTALO UTARA","KWD","SUMALATA","KWD004","GO"
"GORONTALO","KAB. GORONTALO UTARA","TOLINGGULA","GORONTALO","GORONTALO UTARA","KWD","TOLINGGULA","KWD005","GO"
"GORONTALO","KAB. GORONTALO UTARA","GENTUMA RAYA","GORONTALO","GORONTALO UTARA","KWD","GENTUMA RAYA","KWD006","GO"
"GORONTALO","KAB. GORONTALO UTARA","TOMOLITO","GORONTALO","GORONTALO UTARA","KWD","TOMOLITO","KWD011","GO"
"GORONTALO","KAB. GORONTALO UTARA","PONELO KEPULAUAN","GORONTALO","GORONTALO UTARA","KWD","PONELO KEPULAUAN","KWD010","GO"
"GORONTALO","KAB. GORONTALO UTARA","MONANO","GORONTALO","GORONTALO UTARA","KWD","MONANO","KWD008","GO"
"GORONTALO","KAB. GORONTALO UTARA","BIAU","GORONTALO","GORONTALO UTARA","KWD","BIAU-KWD","KWD009","GO"
"GORONTALO","KAB. GORONTALO UTARA","SUMALATA TIMUR","GORONTALO","GORONTALO UTARA","KWD","SUMALATA TIMUR","KWD007","GO"
"GORONTALO","KAB. PAHUWATO","POPAYATO","GORONTALO","MARISA","MRS","POPAYATO","MRS008","GO"
"GORONTALO","KAB. PAHUWATO","LEMITO","GORONTALO","MARISA","MRS","LEMITO","MRS005","GO"
"GORONTALO","KAB. PAHUWATO","RANDANGAN","GORONTALO","MARISA","MRS","RANDANGAN","MRS011","GO"
"GORONTALO","KAB. PAHUWATO","MARISA","GORONTALO","MARISA","MRS","MARISA","MRS001","GO"
"GORONTALO","KAB. PAHUWATO","PAGUAT","GORONTALO","MARISA","MRS","PAGUAT","MRS006","GO"
"GORONTALO","KAB. PAHUWATO","PATILANGGIO","GORONTALO","MARISA","MRS","PATILANGGIO","MRS007","GO"
"GORONTALO","KAB. PAHUWATO","TALUDITI","GORONTALO","MARISA","MRS","TALUDUTI","MRS012","GO"
"GORONTALO","KAB. PAHUWATO","DENGILO","GORONTALO","MARISA","MRS","DENGILO","MRS003","GO"
"GORONTALO","KAB. PAHUWATO","BUNTULIA","GORONTALO","MARISA","MRS","BUNTULIA","MRS002","GO"
"GORONTALO","KAB. PAHUWATO","DUHIADAA","GORONTALO","MARISA","MRS","DUHIADAA","MRS004","GO"
"GORONTALO","KAB. PAHUWATO","WANGGARASI","GORONTALO","MARISA","MRS","WANGGARASI","MRS013","GO"
"GORONTALO","KAB. PAHUWATO","POPAYATO TIMUR","GORONTALO","MARISA","MRS","POPAYATO TIMUR","MRS010","GO"
"GORONTALO","KAB. PAHUWATO","POPAYATO BARAT","GORONTALO","MARISA","MRS","POPAYATO BARAT","MRS009","GO"
"GORONTALO","KOTA GORONTALO","KOTA BARAT","GORONTALO","GORONTALO","GTO","KOTA BARAT","GTO001","GO"
"GORONTALO","KOTA GORONTALO","KOTA SELATAN","GORONTALO","GORONTALO","GTO","KOTA SELATAN","GTO002","GO"
"GORONTALO","KOTA GORONTALO","KOTA UTARA","GORONTALO","GORONTALO","GTO","KOTA UTARA","GTO024","GO"
"GORONTALO","KOTA GORONTALO","DUNGINGI","GORONTALO","GORONTALO","GTO","DUNGINGI","GTO026","GO"
"GORONTALO","KOTA GORONTALO","KOTA TIMUR","GORONTALO","GORONTALO","GTO","KOTA TIMUR","GTO003","GO"
"GORONTALO","KOTA GORONTALO","KOTA TENGAH","GORONTALO","GORONTALO","GTO","KOTA TENGAH","GTO025","GO"
"GORONTALO","KOTA GORONTALO","SIPATANA","GORONTALO","GORONTALO","GTO","SIPATANA","GTO023","GO"
"GORONTALO","KOTA GORONTALO","DUMBO RAYA","GORONTALO","GORONTALO","GTO","DUMBO RAYA","GTO021","GO"
"GORONTALO","KOTA GORONTALO","HULONTHALANGI","GORONTALO","GORONTALO","GTO","HULONTHALANGI","GTO022","GO"
"JAMBI","KAB. BATANGHARI","MERSAM","JAMBI","BATANG HARI","MBN","MERSAM","MBN005","JA"
"JAMBI","KAB. BATANGHARI","MUARA TEMBESI","JAMBI","BATANG HARI","MBN","MUARA TEMBESI","MBN007","JA"
"JAMBI","KAB. BATANGHARI","MUARA BULIAN","JAMBI","BATANG HARI","MBN","MUARA BULIAN","MBN006","JA"
"JAMBI","KAB. BATANGHARI","BATIN XXIV","JAMBI","BATANG HARI","MBN","BATIN XXIV","MBN002","JA"
"JAMBI","KAB. BATANGHARI","PEMAYUNG","JAMBI","BATANG HARI","MBN","PEMAYUNG","MBN008","JA"
"JAMBI","KAB. BATANGHARI","MARO SEBO ULU","JAMBI","BATANG HARI","MBN","MARO SEBO ULU","MBN004","JA"
"JAMBI","KAB. BATANGHARI","BAJUBANG","JAMBI","BATANG HARI","MBN","BAJUBANG","MBN001","JA"
"JAMBI","KAB. BATANGHARI","MARO SEBO ILIR","JAMBI","BATANG HARI","MBN","MARO SEBO ILIR","MBN003","JA"
"JAMBI","KAB. BUNGO","TANAH TUMBUH","JAMBI","MUARA BUNGO","MRB","TANAH TUMBUH","MRB016","JA"
"JAMBI","KAB. BUNGO","RANTAU PANDAN","JAMBI","MUARA BUNGO","MRB","RANTAU PANDAN","MRB012","JA"
"JAMBI","KAB. BUNGO","PASAR MUARO BUNGO","JAMBI","MUARA BUNGO","MRB","PASAR MA.BUNGO","MRB009","JA"
"JAMBI","KAB. BUNGO","JUJUHAN","JAMBI","MUARA BUNGO","MRB","JUJUHAN","MRB005","JA"
"JAMBI","KAB. BUNGO","TANAH SEPENGGAL","JAMBI","MUARA BUNGO","MRB","TANAH SEPENGGAL","MRB014","JA"
"JAMBI","KAB. BUNGO","PELEPAT","JAMBI","MUARA BUNGO","MRB","PELEPAT","MRB010","JA"
"JAMBI","KAB. BUNGO","LIMBUR LUBUK MENGKUANG","JAMBI","MUARA BUNGO","MRB","LIMBUR LUBUK MENGKUANG","MRB007","JA"
"JAMBI","KAB. BUNGO","MUKO-MUKO BATHIN VII","JAMBI","MUARA BUNGO","MRB","MUKO-MUKO","MRB008","JA"
"JAMBI","KAB. BUNGO","PELEPAT ILIR","JAMBI","MUARA BUNGO","MRB","PLEPAT ILIR","MRB011","JA"
"JAMBI","KAB. BUNGO","BATIN II BABEKO","JAMBI","MUARA BUNGO","MRB","BATHIN II BABEKO","MRB017","JA"
"JAMBI","KAB. BUNGO","BATHIN III","JAMBI","MUARA BUNGO","MRB","BATHIN III","MRB002","JA"
"JAMBI","KAB. BUNGO","BUNGO DANI","JAMBI","MUARA BUNGO","MRB","BUNGO DANI","MRB004","JA"
"JAMBI","KAB. BUNGO","RIMBO TENGAH","JAMBI","MUARA BUNGO","MRB","RIMBO TENGAH","MRB013","JA"
"JAMBI","KAB. BUNGO","BATHIN III ULU","JAMBI","MUARA BUNGO","MRB","BATHIN III ULU","MRB003","JA"
"JAMBI","KAB. BUNGO","BATHIN II PELAYANG","JAMBI","MUARA BUNGO","MRB","BATHIN II PELAYANG","MRB001","JA"
"JAMBI","KAB. BUNGO","JUJUHAN ILIR","JAMBI","MUARA BUNGO","MRB","JUJUHAN ILIR","MRB006","JA"
"JAMBI","KAB. BUNGO","TANAH SEPENGGAL LINTAS","JAMBI","MUARA BUNGO","MRB","TANAH SEPENGGAL LINTAS","MRB015","JA"
"JAMBI","KAB. KERINCI","GUNUNG RAYA","JAMBI","KERINCI","SIU","GUNUNG RAYA","SIU007","JA"
"JAMBI","KAB. KERINCI","DANAU KERINCI","JAMBI","KERINCI","SIU","DAUN KERINCI","SIU004","JA"
"JAMBI","KAB. KERINCI","SITINJAU LAUT","JAMBI","KERINCI","SIU","SITINJAU LAUT","SIU011","JA"
"JAMBI","KAB. KERINCI","AIR HANGAT","JAMBI","KERINCI","SIU","AIR HANGAT","SIU001","JA"
"JAMBI","KAB. KERINCI","GUNUNG KERINCI","JAMBI","KERINCI","SIU","GUNUNG KERINCI","SIU006","JA"
"JAMBI","KAB. KERINCI","BATANG MERANGIN","JAMBI","KERINCI","SIU","BATANG MERANGIN","SIU003","JA"
"JAMBI","KAB. KERINCI","KELILING DANAU","JAMBI","KERINCI","SIU","KELILING DANAU","SIU010","JA"
"JAMBI","KAB. KERINCI","KAYU ARO","JAMBI","KERINCI","SIU","KAYU ARO","SIU009","JA"
"JAMBI","KAB. KERINCI","AIR HANGAT TIMUR","JAMBI","KERINCI","SIU","AIR HANGAT TIMUR","SIU002","JA"
"JAMBI","KAB. KERINCI","GUNUNG TUJUH","JAMBI","KERINCI","SIU","GUNUNG TUJUH","SIU008","JA"
"JAMBI","KAB. KERINCI","SIULAK","JAMBI","KERINCI","SIU","SIULAK","SIU012","JA"
"JAMBI","KAB. KERINCI","DEPATI TUJUH","JAMBI","KERINCI","SIU","DEPATI TUJUH","SIU005","JA"
"JAMBI","KAB. KERINCI","SIULAK MUKAI","JAMBI","KERINCI","SIU","SIULAK MUKAI","SIU016","JA"
"JAMBI","KAB. KERINCI","KAYU ARO BARAT","JAMBI","KERINCI","SIU","KAYU ARO BARAT","SIU015","JA"
"JAMBI","KAB. KERINCI","BUKITKERMAN","JAMBI","KERINCI","SIU","BUKIT KERMAN","SIU014","JA"
"JAMBI","KAB. KERINCI","AIR HANGAT BARAT","JAMBI","KERINCI","SIU","AIR HANGAT BARAT","SIU013","JA"
"JAMBI","KAB. MERANGIN","JANGKAT","JAMBI","BANGKO","BAO","JANGKAT","BAO001","JA"
"JAMBI","KAB. MERANGIN","BANGKO","JAMBI","BANGKO","BAO","BANGKO-BAO","BAO002","JA"
"JAMBI","KAB. MERANGIN","MUARA SIAU","JAMBI","BANGKO","BAO","MUARA SIAU","BAO003","JA"
"JAMBI","KAB. MERANGIN","SUNGAI MANAU","JAMBI","BANGKO","BAO","SUNGAI MANAU","BAO004","JA"
"JAMBI","KAB. MERANGIN","TABIR","JAMBI","BANGKO","BAO","TABIR","BAO007","JA"
"JAMBI","KAB. MERANGIN","PAMENANG","JAMBI","BANGKO","BAO","PAMENANG","BAO005","JA"
"JAMBI","KAB. MERANGIN","TABIR ULU","JAMBI","BANGKO","BAO","TABIR ULU","BAO006","JA"
"JAMBI","KAB. MERANGIN","TABIR SELATAN","JAMBI","BANGKO","BAO","TABIR SELATAN","BAO022","JA"
"JAMBI","KAB. MERANGIN","LEMBAH MASURAI","JAMBI","BANGKO","BAO","LEMBAH MASURAI","BAO010","JA"
"JAMBI","KAB. MERANGIN","BANGKO BARAT","JAMBI","BANGKO","BAO","BANGKO BARAT","BAO008","JA"
"JAMBI","KAB. MERANGIN","NALO TATAN","JAMBI","BANGKO","BAO","NALO TANTANG","BAO012","JA"
"JAMBI","KAB. MERANGIN","BATANG MASUMAI","JAMBI","BANGKO","BAO","BATANG MASUMAI","BAO009","JA"
"JAMBI","KAB. MERANGIN","PAMENANG BARAT","JAMBI","BANGKO","BAO","PAMENANG BARAT","BAO013","JA"
"JAMBI","KAB. MERANGIN","TABIR ILIR","JAMBI","BANGKO","BAO","TABIR ILIR","BAO019","JA"
"JAMBI","KAB. MERANGIN","TABIR TIMUR","JAMBI","BANGKO","BAO","TABIR TIMUR","BAO023","JA"
"JAMBI","KAB. MERANGIN","RENAH PEMBARAP","JAMBI","BANGKO","BAO","RENAH PEMBARAP","BAO017","JA"
"JAMBI","KAB. MERANGIN","PANGKALAN JAMBU","JAMBI","BANGKO","BAO","PANGKALAN JAMBU","BAO015","JA"
"JAMBI","KAB. MERANGIN","RENAH PAMENANG","JAMBI","BANGKO","BAO","RENAH PEMENANG","BAO016","JA"
"JAMBI","KAB. MERANGIN","PAMENANG SELATAN","JAMBI","BANGKO","BAO","PAMENANG SELATAN","BAO014","JA"
"JAMBI","KAB. MERANGIN","MARGO TABIR","JAMBI","BANGKO","BAO","MARGO TABIR","BAO011","JA"
"JAMBI","KAB. MERANGIN","TABIR LINTAS","JAMBI","BANGKO","BAO","TABIR LINTAS","BAO020","JA"
"JAMBI","KAB. MERANGIN","TABIR BARAT","JAMBI","BANGKO","BAO","TABIR BARAT","BAO018","JA"
"JAMBI","KAB. MERANGIN","TIANG PUMPUNG","JAMBI","BANGKO","BAO","TIANG PUMPUNG","BAO024","JA"
"JAMBI","KAB. MUARO JAMBI","JAMBI LUAR KOTA","JAMBI","MUARO JAMBI","SNT","JAMBI LUAR KOTA","SNT001","JA"
"JAMBI","KAB. MUARO JAMBI","SEKERNAN","JAMBI","MUARO JAMBI","SNT","SEKERNAN","SNT006","JA"
"JAMBI","KAB. MUARO JAMBI","KUMPEH","JAMBI","MUARO JAMBI","SNT","KUMPEH","SNT002","JA"
"JAMBI","KAB. MUARO JAMBI","MARO SEBO","JAMBI","MUARO JAMBI","SNT","MARO SEBO","SNT004","JA"
"JAMBI","KAB. MUARO JAMBI","MESTONG","JAMBI","MUARO JAMBI","SNT","MESTONG","SNT005","JA"
"JAMBI","KAB. MUARO JAMBI","KUMPEH ULU","JAMBI","MUARO JAMBI","SNT","KUMPEH ULU","SNT003","JA"
"JAMBI","KAB. MUARO JAMBI","SUNGAI BAHAR","JAMBI","MUARO JAMBI","SNT","SUNGAI BAHAR","SNT007","JA"
"JAMBI","KAB. MUARO JAMBI","SUNGAI GELAM","JAMBI","MUARO JAMBI","SNT","SUNGAI GELAM","SNT008","JA"
"JAMBI","KAB. MUARO JAMBI","BAHAR UTARA","JAMBI","MUARO JAMBI","SNT","BAHAR UTARA","SNT010","JA"
"JAMBI","KAB. MUARO JAMBI","BAHAR SELATAN","JAMBI","MUARO JAMBI","SNT","BAHAR SELATAN","SNT009","JA"
"JAMBI","KAB. MUARO JAMBI","TAMAN RAJO","JAMBI","MUARO JAMBI","SNT","TAMAN RAJO","SNT011","JA"
"JAMBI","KAB. SAROLANGUN","BATANG ASAI","JAMBI","SAROLANGUN","SLN","BATANG ASAI","SLN011","JA"
"JAMBI","KAB. SAROLANGUN","LIMUN","JAMBI","SAROLANGUN","SLN","LIMUN","SLN012","JA"
"JAMBI","KAB. SAROLANGUN","SAROLANGUN","JAMBI","SAROLANGUN","SLN","SAROLANGUN","SLN013","JA"
"JAMBI","KAB. SAROLANGUN","PAUH","JAMBI","SAROLANGUN","SLN","PAUH-SLN","SLN004","JA"
"JAMBI","KAB. SAROLANGUN","PELAWAN","JAMBI","SAROLANGUN","SLN","PELAWAN","SLN005","JA"
"JAMBI","KAB. SAROLANGUN","MANDIANGIN","JAMBI","SAROLANGUN","SLN","MANDIANGIN","SLN006","JA"
"JAMBI","KAB. SAROLANGUN","AIR HITAM","JAMBI","SAROLANGUN","SLN","AIR HITAM-SLN","SLN007","JA"
"JAMBI","KAB. SAROLANGUN","BATHIN VIII","JAMBI","SAROLANGUN","SLN","BATHIN VIII","SLN008","JA"
"JAMBI","KAB. SAROLANGUN","SINGKUT","JAMBI","SAROLANGUN","SLN","SINGKUT","SLN009","JA"
"JAMBI","KAB. SAROLANGUN","CERMIN NAN GEDANG","JAMBI","SAROLANGUN","SLN","CERMIN NAN GADANG","SLN010","JA"
"JAMBI","KAB. TANJUNG JABUNG BARAT","TUNGKAL ULU","JAMBI","TANJUNG JABUNG BARAT","KTL","TUNGKAL ULU","KTL011","JA"
"JAMBI","KAB. TANJUNG JABUNG BARAT","TUNGKAL ILIR","JAMBI","TANJUNG JABUNG BARAT","KTL","TUNGKAL ILIR-KTL","KTL012","JA"
"JAMBI","KAB. TANJUNG JABUNG BARAT","PENGABUAN","JAMBI","TANJUNG JABUNG BARAT","KTL","PENGABUAN","KTL006","JA"
"JAMBI","KAB. TANJUNG JABUNG BARAT","BETARA","JAMBI","TANJUNG JABUNG BARAT","KTL","BETARA","KTL002","JA"
"JAMBI","KAB. TANJUNG JABUNG BARAT","MERLUNG","JAMBI","TANJUNG JABUNG BARAT","KTL","MERLUNG","KTL013","JA"
"JAMBI","KAB. TANJUNG JABUNG BARAT","TEBING TINGGI","JAMBI","TANJUNG JABUNG BARAT","KTL","TEBING TINGGI-KTL","KTL010","JA"
"JAMBI","KAB. TANJUNG JABUNG BARAT","BATANG ASAM","JAMBI","TANJUNG JABUNG BARAT","KTL","BATANG ASEM","KTL001","JA"
"JAMBI","KAB. TANJUNG JABUNG BARAT","RENAH MENDALUH","JAMBI","TANJUNG JABUNG BARAT","KTL","RENAH MENDALUH","KTL007","JA"
"JAMBI","KAB. TANJUNG JABUNG BARAT","MUARA PAPALIK","JAMBI","TANJUNG JABUNG BARAT","KTL","MUARA PAPALIK","KTL005","JA"
"JAMBI","KAB. TANJUNG JABUNG BARAT","SEBERANG KOTA","JAMBI","TANJUNG JABUNG BARAT","KTL","SEBERANG KOTA","KTL008","JA"
"JAMBI","KAB. TANJUNG JABUNG BARAT","BRAM ITAM","JAMBI","TANJUNG JABUNG BARAT","KTL","BRAM ITAM","KTL003","JA"
"JAMBI","KAB. TANJUNG JABUNG BARAT","KUALA BETARA","JAMBI","TANJUNG JABUNG BARAT","KTL","KUALA BETARA","KTL004","JA"
"JAMBI","KAB. TANJUNG JABUNG BARAT","SENYERANG","JAMBI","TANJUNG JABUNG BARAT","KTL","SENYERANG","KTL009","JA"
"JAMBI","KAB. TANJUNG JABUNG TIMUR","MUARA SABAK TIMUR","JAMBI","TANJUNG JABUNG TIMUR","MUS","MUARA SABAK TIMUR","MUS008","JA"
"JAMBI","KAB. TANJUNG JABUNG TIMUR","NIPAH PANJANG","JAMBI","TANJUNG JABUNG TIMUR","MUS","NIPAH PANJANG","MUS009","JA"
"JAMBI","KAB. TANJUNG JABUNG TIMUR","MENDAHARA","JAMBI","TANJUNG JABUNG TIMUR","MUS","MENDAHARA","MUS005","JA"
"JAMBI","KAB. TANJUNG JABUNG TIMUR","RANTAU RASAU","JAMBI","TANJUNG JABUNG TIMUR","MUS","RANTAU RASAU","MUS010","JA"
"JAMBI","KAB. TANJUNG JABUNG TIMUR","SADU","JAMBI","TANJUNG JABUNG TIMUR","MUS","SADU","MUS011","JA"
"JAMBI","KAB. TANJUNG JABUNG TIMUR","DENDANG","JAMBI","TANJUNG JABUNG TIMUR","MUS","DENDANG-MUS","MUS002","JA"
"JAMBI","KAB. TANJUNG JABUNG TIMUR","MUARA SABAK BARAT","JAMBI","TANJUNG JABUNG TIMUR","MUS","MUARA SABAK BARAT","MUS007","JA"
"JAMBI","KAB. TANJUNG JABUNG TIMUR","KUALA JAMBI","JAMBI","TANJUNG JABUNG TIMUR","MUS","KUALA JAMBI","MUS004","JA"
"JAMBI","KAB. TANJUNG JABUNG TIMUR","MENDAHARA ULU","JAMBI","TANJUNG JABUNG TIMUR","MUS","MENDAHARA ULU","MUS006","JA"
"JAMBI","KAB. TANJUNG JABUNG TIMUR","GERAGAI","JAMBI","TANJUNG JABUNG TIMUR","MUS","GERAGAI","MUS003","JA"
"JAMBI","KAB. TANJUNG JABUNG TIMUR","BERBAK","JAMBI","TANJUNG JABUNG TIMUR","MUS","BERBAK","MUS001","JA"
"JAMBI","KAB. TEBO","TEBO TENGAH","JAMBI","TEBO","MUT","TEBO TENGAH","MUT008","JA"
"JAMBI","KAB. TEBO","TEBO ILIR","JAMBI","TEBO","MUT","TEBO ILIR","MUT007","JA"
"JAMBI","KAB. TEBO","TEBO ULU","JAMBI","TEBO","MUT","TEBO ULU","MUT009","JA"
"JAMBI","KAB. TEBO","RIMBO BUJANG","JAMBI","TEBO","MUT","RIMBO BUJANG","MUT002","JA"
"JAMBI","KAB. TEBO","SUMAY","JAMBI","TEBO","MUT","SUMAY","MUT006","JA"
"JAMBI","KAB. TEBO","VII KOTO","JAMBI","TEBO","MUT","VII KOTO","MUT011","JA"
"JAMBI","KAB. TEBO","RIMBO ULU","JAMBI","TEBO","MUT","RIMBO ULU","MUT004","JA"
"JAMBI","KAB. TEBO","RIMBO ILIR","JAMBI","TEBO","MUT","RIMBO ILIR","MUT003","JA"
"JAMBI","KAB. TEBO","TENGAH ILIR","JAMBI","TEBO","MUT","TENGAH ILIR","MUT010","JA"
"JAMBI","KAB. TEBO","SERAI SERUMPUN","JAMBI","TEBO","MUT","SERAI SERUMPUN","MUT005","JA"
"JAMBI","KAB. TEBO","VII KOTO ILIR","JAMBI","TEBO","MUT","VII KOTO ILIR","MUT012","JA"
"JAMBI","KAB. TEBO","MUARA TABIR","JAMBI","TEBO","MUT","MUARA TABIR","MUT001","JA"
"JAMBI","KOTA JAMBI","TELANAIPURA","JAMBI","JAMBI","DJB","TELANAIPURA","DJB007","JA"
"JAMBI","KOTA JAMBI","JAMBI SELATAN","JAMBI","JAMBI","DJB","JAMBI SELATAN","DJB003","JA"
"JAMBI","KOTA JAMBI","JAMBI TIMUR","JAMBI","JAMBI","DJB","JAMBI TIMUR","DJB004","JA"
"JAMBI","KOTA JAMBI","PASAR JAMBI","JAMBI","JAMBI","DJB","PASAR JAMBI","DJB001","JA"
"JAMBI","KOTA JAMBI","PELAYANGAN","JAMBI","JAMBI","DJB","PELAYANGAN","DJB002","JA"
"JAMBI","KOTA JAMBI","DANAU TELUK","JAMBI","JAMBI","DJB","DANAU TELUK","DJB006","JA"
"JAMBI","KOTA JAMBI","KOTA BARU","JAMBI","JAMBI","DJB","KOTA BARU-DJB","DJB005","JA"
"JAMBI","KOTA JAMBI","JELUTUNG","JAMBI","JAMBI","DJB","JELUTUNG","DJB008","JA"
"JAMBI","KOTA JAMBI","ALAM BARAJO","JAMBI","JAMBI","DJB","ALAM BARAJO","DJB009","JA"
"JAMBI","KOTA JAMBI","DANAU SIPIN","JAMBI","JAMBI","DJB","DANAU SIPIN","DJB010","JA"
"JAMBI","KOTA JAMBI","PAAL MERAH","JAMBI","JAMBI","DJB","PAAL MERAH","DJB011","JA"
"JAMBI","KOTA SUNGAI PENUH","SUNGAI PENUH","JAMBI","SUNGAI PENUH","SUP","SUNGAI PENUH","SUP004","JA"
"JAMBI","KOTA SUNGAI PENUH","PESISIR BUKIT","JAMBI","SUNGAI PENUH","SUP","PESISIR BUKIT","SUP003","JA"
"JAMBI","KOTA SUNGAI PENUH","HAMPARAN RAWANG","JAMBI","SUNGAI PENUH","SUP","HAMPARAN RAWANG","SUP001","JA"
"JAMBI","KOTA SUNGAI PENUH","TANAH KAMPUNG","JAMBI","SUNGAI PENUH","SUP","TANAH KAMPUNG","SUP005","JA"
"JAMBI","KOTA SUNGAI PENUH","KUMUN DEBAI","JAMBI","SUNGAI PENUH","SUP","KUMUN DEBAI","SUP002","JA"
"JAMBI","KOTA SUNGAI PENUH","PONDOK TINGGI","JAMBI","SUNGAI PENUH","SUP","PONDOK TINGGI","SUP008","JA"
"JAMBI","KOTA SUNGAI PENUH","KOTO BARU","JAMBI","SUNGAI PENUH","SUP","KOTO BARU-SUP","SUP007","JA"
"JAMBI","KOTA SUNGAI PENUH","SUNGAI BUNGKAL","JAMBI","SUNGAI PENUH","SUP","SUNGAI BUNGKAL","SUP006","JA"
"JAWA BARAT","KAB. BANDUNG","CILEUNYI","JAWA BARAT","SOREANG","SOG","CILEUNYI","SOG011","JB"
"JAWA BARAT","KAB. BANDUNG","CIMENYAN","JAWA BARAT","SOREANG","SOG","CIMEUNYAN","SOG018","JB"
"JAWA BARAT","KAB. BANDUNG","CILENGKRANG","JAWA BARAT","SOREANG","SOG","CILENGKRANG","SOG009","JB"
"JAWA BARAT","KAB. BANDUNG","BOJONGSOANG","JAWA BARAT","SOREANG","SOG","BOJONGSOANG","SOG010","JB"
"JAWA BARAT","KAB. BANDUNG","MARGAHAYU","JAWA BARAT","SOREANG","SOG","MARGAHAYU","SOG032","JB"
"JAWA BARAT","KAB. BANDUNG","MARGAASIH","JAWA BARAT","SOREANG","SOG","MARGA ASIH","SOG031","JB"
"JAWA BARAT","KAB. BANDUNG","KATAPANG","JAWA BARAT","SOREANG","SOG","KATAPANG","SOG023","JB"
"JAWA BARAT","KAB. BANDUNG","DAYEUHKOLOT","JAWA BARAT","SOREANG","SOG","DAYEUHKOLOT","SOG015","JB"
"JAWA BARAT","KAB. BANDUNG","BANJARAN","JAWA BARAT","SOREANG","SOG","BANJARAN-SOG","SOG029","JB"
"JAWA BARAT","KAB. BANDUNG","PAMEUNGPEUK","JAWA BARAT","SOREANG","SOG","PAMEUNGPEUK-SOG","SOG016","JB"
"JAWA BARAT","KAB. BANDUNG","PANGALENGAN","JAWA BARAT","SOREANG","SOG","PANGALENGAN","SOG028","JB"
"JAWA BARAT","KAB. BANDUNG","ARJASARI","JAWA BARAT","SOREANG","SOG","ARJASARI","SOG030","JB"
"JAWA BARAT","KAB. BANDUNG","CIMAUNG","JAWA BARAT","SOREANG","SOG","CIMAUNG","SOG027","JB"
"JAWA BARAT","KAB. BANDUNG","CICALENGKA","JAWA BARAT","SOREANG","SOG","CICALENGKA","SOG014","JB"
"JAWA BARAT","KAB. BANDUNG","NAGREG","JAWA BARAT","SOREANG","SOG","NAGREG","SOG013","JB"
"JAWA BARAT","KAB. BANDUNG","CIKANCUNG","JAWA BARAT","SOREANG","SOG","CIKANCUNG","SOG002","JB"
"JAWA BARAT","KAB. BANDUNG","RANCAEKEK","JAWA BARAT","SOREANG","SOG","RANCAEKEK","SOG012","JB"
"JAWA BARAT","KAB. BANDUNG","CIPARAY","JAWA BARAT","SOREANG","SOG","CIPARAY","SOG003","JB"
"JAWA BARAT","KAB. BANDUNG","PACET","JAWA BARAT","SOREANG","SOG","PACET-SOG","SOG006","JB"
"JAWA BARAT","KAB. BANDUNG","KERTASARI","JAWA BARAT","SOREANG","SOG","KERTASARI","SOG005","JB"
"JAWA BARAT","KAB. BANDUNG","BALEENDAH","JAWA BARAT","SOREANG","SOG","BALEENDAH","SOG017","JB"
"JAWA BARAT","KAB. BANDUNG","MAJALAYA","JAWA BARAT","SOREANG","SOG","MAJALAYA-SOG","SOG001","JB"
"JAWA BARAT","KAB. BANDUNG","SOLOKANJERUK","JAWA BARAT","SOREANG","SOG","SOLOKAN JERUK","SOG008","JB"
"JAWA BARAT","KAB. BANDUNG","PASEH","JAWA BARAT","SOREANG","SOG","PASEH-SOG","SOG007","JB"
"JAWA BARAT","KAB. BANDUNG","IBUN","JAWA BARAT","SOREANG","SOG","IBUN","SOG004","JB"
"JAWA BARAT","KAB. BANDUNG","SOREANG","JAWA BARAT","SOREANG","SOG","SOREANG-SOG","SOG020","JB"
"JAWA BARAT","KAB. BANDUNG","PASIRJAMBU","JAWA BARAT","SOREANG","SOG","PASIRJAMBU","SOG025","JB"
"JAWA BARAT","KAB. BANDUNG","CIWIDEY","JAWA BARAT","SOREANG","SOG","CIWIDEY","SOG022","JB"
"JAWA BARAT","KAB. BANDUNG","RANCABALI","JAWA BARAT","SOREANG","SOG","RANCABALI","SOG026","JB"
"JAWA BARAT","KAB. BANDUNG","CANGKUANG","JAWA BARAT","SOREANG","SOG","CANGKUANG","SOG021","JB"
"JAWA BARAT","KAB. BANDUNG","KUTAWARINGIN","JAWA BARAT","SOREANG","SOG","KUTAWARINGIN","SOG024","JB"
"JAWA BARAT","KAB. BANDUNG BARAT","LEMBANG","JAWA BARAT","NGAMPRAH","NGP","LEMBANG-NGP","NGP008","JB"
"JAWA BARAT","KAB. BANDUNG BARAT","PARONGPONG","JAWA BARAT","NGAMPRAH","NGP","PARONGPONG","NGP001","JB"
"JAWA BARAT","KAB. BANDUNG BARAT","CISARUA","JAWA BARAT","NGAMPRAH","NGP","CISARUA-NGP","NGP004","JB"
"JAWA BARAT","KAB. BANDUNG BARAT","CIKALONGWETAN","JAWA BARAT","NGAMPRAH","NGP","CIKALONG WETAN","NGP003","JB"
"JAWA BARAT","KAB. BANDUNG BARAT","CIPEUNDEUY","JAWA BARAT","NGAMPRAH","NGP","CIPEUNDEUY-NGP","NGP007","JB"
"JAWA BARAT","KAB. BANDUNG BARAT","NGAMPRAH","JAWA BARAT","NGAMPRAH","NGP","NGAMPRAH","NGP005","JB"
"JAWA BARAT","KAB. BANDUNG BARAT","CIPATAT","JAWA BARAT","NGAMPRAH","NGP","CIPATAT","NGP006","JB"
"JAWA BARAT","KAB. BANDUNG BARAT","PADALARANG","JAWA BARAT","NGAMPRAH","NGP","PADALARANG","NGP002","JB"
"JAWA BARAT","KAB. BANDUNG BARAT","BATUJAJAR","JAWA BARAT","NGAMPRAH","NGP","BATUJAJAR","NGP016","JB"
"JAWA BARAT","KAB. BANDUNG BARAT","CIHAMPELAS","JAWA BARAT","NGAMPRAH","NGP","CIHAMPELAS","NGP011","JB"
"JAWA BARAT","KAB. BANDUNG BARAT","CILILIN","JAWA BARAT","NGAMPRAH","NGP","CILILIN","NGP013","JB"
"JAWA BARAT","KAB. BANDUNG BARAT","CIPONGKOR","JAWA BARAT","NGAMPRAH","NGP","CIPONGKOR","NGP014","JB"
"JAWA BARAT","KAB. BANDUNG BARAT","RONGGA","JAWA BARAT","NGAMPRAH","NGP","RONGGA","NGP015","JB"
"JAWA BARAT","KAB. BANDUNG BARAT","SINDANGKERTA","JAWA BARAT","NGAMPRAH","NGP","SINDANGKERTA","NGP012","JB"
"JAWA BARAT","KAB. BANDUNG BARAT","GUNUNGHALU","JAWA BARAT","NGAMPRAH","NGP","GUNUNGHALU","NGP010","JB"
"JAWA BARAT","KAB. BANDUNG BARAT","SAGULING","JAWA BARAT","NGAMPRAH","NGP","SAGULING","NGP009","JB"
"JAWA BARAT","KAB. BEKASI","TARUMAJAYA","JAWA BARAT","BEKASI","BKI","TARUMA JAYA","BKI016","JB"
"JAWA BARAT","KAB. BEKASI","BABELAN","JAWA BARAT","BEKASI","BKI","BABELAN","BKI019","JB"
"JAWA BARAT","KAB. BEKASI","SUKAWANGI","JAWA BARAT","BEKASI","BKI","SUKAWANGI","BKI018","JB"
"JAWA BARAT","KAB. BEKASI","TAMBELANG","JAWA BARAT","CIKARANG","CKR","TAMBELANG","CKR007","JB"
"JAWA BARAT","KAB. BEKASI","TAMBUN UTARA","JAWA BARAT","BEKASI","BKI","TAMBUN UTARA","BKI017","JB"
"JAWA BARAT","KAB. BEKASI","TAMBUN SELATAN","JAWA BARAT","BEKASI","BKI","TAMBUN SELATAN","BKI013","JB"
"JAWA BARAT","KAB. BEKASI","CIBITUNG","JAWA BARAT","BEKASI","BKI","CIBITUNG-BKI","BKI014","JB"
"JAWA BARAT","KAB. BEKASI","CIKARANG BARAT","JAWA BARAT","CIKARANG","CKR","CIKARANG BARAT","CKR015","JB"
"JAWA BARAT","KAB. BEKASI","CIKARANG UTARA","JAWA BARAT","CIKARANG","CKR","CIKARANG UTARA","CKR012","JB"
"JAWA BARAT","KAB. BEKASI","KARANG BAHAGIA","JAWA BARAT","CIKARANG","CKR","KARANG BAHAGIA","CKR011","JB"
"JAWA BARAT","KAB. BEKASI","CIKARANG TIMUR","JAWA BARAT","CIKARANG","CKR","CIKARANG TIMUR","CKR001","JB"
"JAWA BARAT","KAB. BEKASI","KEDUNG WARINGIN","JAWA BARAT","CIKARANG","CKR","KEDUNGWARINGIN","CKR014","JB"
"JAWA BARAT","KAB. BEKASI","PEBAYURAN","JAWA BARAT","CIKARANG","CKR","PEBAYURAN","CKR013","JB"
"JAWA BARAT","KAB. BEKASI","SUKAKARYA","JAWA BARAT","CIKARANG","CKR","SUKAKARYA-CKR","CKR010","JB"
"JAWA BARAT","KAB. BEKASI","SUKATANI","JAWA BARAT","CIKARANG","CKR","SUKATANI-CKR","CKR008","JB"
"JAWA BARAT","KAB. BEKASI","CABANGBUNGIN","JAWA BARAT","CIKARANG","CKR","CABANGBUNGIN","CKR009","JB"
"JAWA BARAT","KAB. BEKASI","MUARAGEMBONG","JAWA BARAT","BEKASI","BKI","MUARA GEMBONG","BKI020","JB"
"JAWA BARAT","KAB. BEKASI","SETU","JAWA BARAT","BEKASI","BKI","SETU-BKI","BKI004","JB"
"JAWA BARAT","KAB. BEKASI","CIKARANG SELATAN","JAWA BARAT","CIKARANG","CKR","CIKARANG SELATAN","CKR003","JB"
"JAWA BARAT","KAB. BEKASI","CIKARANG PUSAT","JAWA BARAT","CIKARANG","CKR","CIKARANG PUSAT","CKR002","JB"
"JAWA BARAT","KAB. BEKASI","SERANG BARU","JAWA BARAT","CIKARANG","CKR","SERANG BARU","CKR006","JB"
"JAWA BARAT","KAB. BEKASI","CIBARUSAH","JAWA BARAT","CIKARANG","CKR","CIBARUSAH","CKR004","JB"
"JAWA BARAT","KAB. BEKASI","BOJONGMANGU","JAWA BARAT","CIKARANG","CKR","BOJONGMANGU","CKR005","JB"
"JAWA BARAT","KAB. BOGOR","CIBINONG","JAWA BARAT","CIBINONG","CIB","CIBINONG-CIB","CIB001","JB"
"JAWA BARAT","KAB. BOGOR","GUNUNG PUTRI","JAWA BARAT","CIBINONG","CIB","GUNUNG PUTRI","CIB034","JB"
"JAWA BARAT","KAB. BOGOR","CITEUREUP","JAWA BARAT","CIBINONG","CIB","CITEUREUP","CIB038","JB"
"JAWA BARAT","KAB. BOGOR","SUKARAJA","JAWA BARAT","CIBINONG","CIB","SUKARAJA-CIB","CIB028","JB"
"JAWA BARAT","KAB. BOGOR","BABAKAN MADANG","JAWA BARAT","CIBINONG","CIB","BABAKAN MADANG","CIB037","JB"
"JAWA BARAT","KAB. BOGOR","JONGGOL","JAWA BARAT","CIBINONG","CIB","JONGGOL","CIB017","JB"
"JAWA BARAT","KAB. BOGOR","CILEUNGSI","JAWA BARAT","CIBINONG","CIB","CILEUNGSI","CIB005","JB"
"JAWA BARAT","KAB. BOGOR","CARIU","JAWA BARAT","CIBINONG","CIB","CARIU","CIB016","JB"
"JAWA BARAT","KAB. BOGOR","SUKAMAKMUR","JAWA BARAT","CIBINONG","CIB","SUKAMAKMUR","CIB019","JB"
"JAWA BARAT","KAB. BOGOR","PARUNG","JAWA BARAT","CIBINONG","CIB","PARUNG","CIB003","JB"
"JAWA BARAT","KAB. BOGOR","GUNUNG SINDUR","JAWA BARAT","CIBINONG","CIB","GUNUNG SINDUR","CIB029","JB"
"JAWA BARAT","KAB. BOGOR","KEMANG","JAWA BARAT","CIBINONG","CIB","KEMANG","CIB035","JB"
"JAWA BARAT","KAB. BOGOR","BOJONG GEDE","JAWA BARAT","CIBINONG","CIB","BOJONGGEDE","CIB027","JB"
"JAWA BARAT","KAB. BOGOR","LEUWILIANG","JAWA BARAT","CIBINONG","CIB","LEUWILIANG","CIB032","JB"
"JAWA BARAT","KAB. BOGOR","CIAMPEA","JAWA BARAT","CIBINONG","CIB","CIAMPEA","CIB008","JB"
"JAWA BARAT","KAB. BOGOR","CIBUNGBULANG","JAWA BARAT","CIBINONG","CIB","CIBUNGBULANG","CIB007","JB"
"JAWA BARAT","KAB. BOGOR","PAMIJAHAN","JAWA BARAT","CIBINONG","CIB","PAMIJAHAN","CIB011","JB"
"JAWA BARAT","KAB. BOGOR","RUMPIN","JAWA BARAT","CIBINONG","CIB","RUMPIN","CIB030","JB"
"JAWA BARAT","KAB. BOGOR","JASINGA","JAWA BARAT","CIBINONG","CIB","JASINGA","CIB023","JB"
"JAWA BARAT","KAB. BOGOR","PARUNG PANJANG","JAWA BARAT","CIBINONG","CIB","PARUNG PANJANG","CIB031","JB"
"JAWA BARAT","KAB. BOGOR","NANGGUNG","JAWA BARAT","CIBINONG","CIB","NANGGUNG","CIB021","JB"
"JAWA BARAT","KAB. BOGOR","CIGUDEG","JAWA BARAT","CIBINONG","CIB","CIGUDEG","CIB022","JB"
"JAWA BARAT","KAB. BOGOR","TENJO","JAWA BARAT","CIBINONG","CIB","TENJO","CIB020","JB"
"JAWA BARAT","KAB. BOGOR","CIAWI","JAWA BARAT","CIBINONG","CIB","CIAWI-CIB","CIB013","JB"
"JAWA BARAT","KAB. BOGOR","CISARUA","JAWA BARAT","CIBINONG","CIB","CISARUA-CIB","CIB040","JB"
"JAWA BARAT","KAB. BOGOR","MEGAMENDUNG","JAWA BARAT","CIBINONG","CIB","MEGA MENDUNG","CIB039","JB"
"JAWA BARAT","KAB. BOGOR","CARINGIN","JAWA BARAT","CIBINONG","CIB","CARINGIN-CIB","CIB012","JB"
"JAWA BARAT","KAB. BOGOR","CIJERUK","JAWA BARAT","CIBINONG","CIB","CIJERUK","CIB014","JB"
"JAWA BARAT","KAB. BOGOR","CIOMAS","JAWA BARAT","CIBINONG","CIB","CIOMAS-CIB","CIB026","JB"
"JAWA BARAT","KAB. BOGOR","DRAMAGA","JAWA BARAT","CIBINONG","CIB","DRAMAGA","CIB010","JB"
"JAWA BARAT","KAB. BOGOR","TAMANSARI","JAWA BARAT","CIBINONG","CIB","TAMANSARI-CIB","CIB025","JB"
"JAWA BARAT","KAB. BOGOR","KLAPANUNGGAL","JAWA BARAT","CIBINONG","CIB","KLAPA NUNGGAL","CIB006","JB"
"JAWA BARAT","KAB. BOGOR","CISEENG","JAWA BARAT","CIBINONG","CIB","CISEENG","CIB002","JB"
"JAWA BARAT","KAB. BOGOR","RANCA BUNGUR","JAWA BARAT","CIBINONG","CIB","RANCA BUNGUR","CIB036","JB"
"JAWA BARAT","KAB. BOGOR","SUKAJAYA","JAWA BARAT","CIBINONG","CIB","SUKAJAYA-CIB","CIB024","JB"
"JAWA BARAT","KAB. BOGOR","TANJUNGSARI","JAWA BARAT","CIBINONG","CIB","TANJUNGSARI-CIB","CIB018","JB"
"JAWA BARAT","KAB. BOGOR","TAJURHALANG","JAWA BARAT","CIBINONG","CIB","TAJUR HALANG","CIB004","JB"
"JAWA BARAT","KAB. BOGOR","CIGOMBONG","JAWA BARAT","CIBINONG","CIB","CIGOMBONG","CIB015","JB"
"JAWA BARAT","KAB. BOGOR","LEUWISADENG","JAWA BARAT","CIBINONG","CIB","LEUWISADENG","CIB033","JB"
"JAWA BARAT","KAB. BOGOR","TENJOLAYA","JAWA BARAT","CIBINONG","CIB","TENJOLAYA","CIB009","JB"
"JAWA BARAT","KAB. CIAMIS","BANJARSARI","JAWA BARAT","CIAMIS","CMI","BANJARSARI","CMI021","JB"
"JAWA BARAT","KAB. CIAMIS","CIAMIS","JAWA BARAT","CIAMIS","CMI","CIAMIS","CMI001","JB"
"JAWA BARAT","KAB. CIAMIS","CIKONENG","JAWA BARAT","CIAMIS","CMI","CIKONENG","CMI003","JB"
"JAWA BARAT","KAB. CIAMIS","CIJEUNGJING","JAWA BARAT","CIAMIS","CMI","CIJEUNGJING","CMI004","JB"
"JAWA BARAT","KAB. CIAMIS","SADANANYA","JAWA BARAT","CIAMIS","CMI","SADANANYA","CMI005","JB"
"JAWA BARAT","KAB. CIAMIS","CIDOLOG","JAWA BARAT","CIAMIS","CMI","CIDOLOG-CMI","CMI008","JB"
"JAWA BARAT","KAB. CIAMIS","CIHAURBEUTI","JAWA BARAT","CIAMIS","CMI","CIHAURBEUTI","CMI009","JB"
"JAWA BARAT","KAB. CIAMIS","PANUMBANGAN","JAWA BARAT","CIAMIS","CMI","PANUMBANGAN","CMI015","JB"
"JAWA BARAT","KAB. CIAMIS","PANJALU","JAWA BARAT","CIAMIS","CMI","PANJALU","CMI014","JB"
"JAWA BARAT","KAB. CIAMIS","KAWALI","JAWA BARAT","CIAMIS","CMI","KAWALI","CMI011","JB"
"JAWA BARAT","KAB. CIAMIS","PANAWANGAN","JAWA BARAT","CIAMIS","CMI","PANAWANGAN","CMI013","JB"
"JAWA BARAT","KAB. CIAMIS","CIPAKU","JAWA BARAT","CIAMIS","CMI","CIPAKU","CMI006","JB"
"JAWA BARAT","KAB. CIAMIS","JATINAGARA","JAWA BARAT","CIAMIS","CMI","JATINAGARA","CMI010","JB"
"JAWA BARAT","KAB. CIAMIS","RAJADESA","JAWA BARAT","CIAMIS","CMI","RAJADESA","CMI016","JB"
"JAWA BARAT","KAB. CIAMIS","SUKADANA","JAWA BARAT","CIAMIS","CMI","SUKADANA-CMI","CMI018","JB"
"JAWA BARAT","KAB. CIAMIS","RANCAH","JAWA BARAT","BANJAR","BJA","RANCAH","BJA010","JB"
"JAWA BARAT","KAB. CIAMIS","TAMBAKSARI","JAWA BARAT","CIAMIS","CMI","TAMBAKSARI-CMI","CMI020","JB"
"JAWA BARAT","KAB. CIAMIS","LAKBOK","JAWA BARAT","BANJAR","BJA","LAKBOK","BJA008","JB"
"JAWA BARAT","KAB. CIAMIS","PAMARICAN","JAWA BARAT","BANJAR","BJA","PAMARICAN","BJA009","JB"
"JAWA BARAT","KAB. CIAMIS","CIMARAGAS","JAWA BARAT","BANJAR","BJA","CIMARAGAS","BJA006","JB"
"JAWA BARAT","KAB. CIAMIS","CISAGA","JAWA BARAT","BANJAR","BJA","CISAGA","BJA007","JB"
"JAWA BARAT","KAB. CIAMIS","SINDANGKASIH","JAWA BARAT","CIAMIS","CMI","SINDANGKASIH","CMI017","JB"
"JAWA BARAT","KAB. CIAMIS","BAREGBEG","JAWA BARAT","CIAMIS","CMI","BAREGBEG","CMI002","JB"
"JAWA BARAT","KAB. CIAMIS","SUKAMANTRI","JAWA BARAT","CIAMIS","CMI","SUKAMANTRI","CMI019","JB"
"JAWA BARAT","KAB. CIAMIS","LUMBUNG","JAWA BARAT","CIAMIS","CMI","LUMBUNG","CMI012","JB"
"JAWA BARAT","KAB. CIAMIS","PURWADADI","JAWA BARAT","CIAMIS","CMI","PURWADADI-CMI","CMI007","JB"
"JAWA BARAT","KAB. CIANJUR","CIANJUR","JAWA BARAT","CIANJUR","CJR","CIANJUR","CJR029","JB"
"JAWA BARAT","KAB. CIANJUR","WARUNGKONDANG","JAWA BARAT","CIANJUR","CJR","WARUNG KONDANG","CJR030","JB"
"JAWA BARAT","KAB. CIANJUR","CIBEBER","JAWA BARAT","CIANJUR","CJR","CIBEBER-CJR","CJR031","JB"
"JAWA BARAT","KAB. CIANJUR","CILAKU","JAWA BARAT","CIANJUR","CJR","CILAKU","CJR032","JB"
"JAWA BARAT","KAB. CIANJUR","CIRANJANG","JAWA BARAT","CIANJUR","CJR","CIRANJANG","CJR001","JB"
"JAWA BARAT","KAB. CIANJUR","BOJONGPICUNG","JAWA BARAT","CIANJUR","CJR","BOJONG PICUNG","CJR002","JB"
"JAWA BARAT","KAB. CIANJUR","KARANGTENGAH","JAWA BARAT","CIANJUR","CJR","KARANG TENGAH-CJR","CJR003","JB"
"JAWA BARAT","KAB. CIANJUR","MANDE","JAWA BARAT","CIANJUR","CJR","MANDE","CJR004","JB"
"JAWA BARAT","KAB. CIANJUR","SUKALUYU","JAWA BARAT","CIANJUR","CJR","SUKALUYU","CJR005","JB"
"JAWA BARAT","KAB. CIANJUR","PACET","JAWA BARAT","CIANJUR","CJR","PACET-CJR","CJR025","JB"
"JAWA BARAT","KAB. CIANJUR","CUGENANG","JAWA BARAT","CIANJUR","CJR","CUGENANG","CJR026","JB"
"JAWA BARAT","KAB. CIANJUR","CIKALONGKULON","JAWA BARAT","CIANJUR","CJR","CIKALONG KULON","CJR006","JB"
"JAWA BARAT","KAB. CIANJUR","SUKARESMI","JAWA BARAT","CIANJUR","CJR","SUKARESMI-CJR","CJR027","JB"
"JAWA BARAT","KAB. CIANJUR","SUKANAGARA","JAWA BARAT","CIANJUR","CJR","SUKANAGARA","CJR009","JB"
"JAWA BARAT","KAB. CIANJUR","CAMPAKA","JAWA BARAT","CIANJUR","CJR","CAMPAKA-CJR","CJR010","JB"
"JAWA BARAT","KAB. CIANJUR","TAKOKAK","JAWA BARAT","CIANJUR","CJR","TAKOKAK","CJR011","JB"
"JAWA BARAT","KAB. CIANJUR","KADUPANDAK","JAWA BARAT","CIANJUR","CJR","KADUPANDAK","CJR012","JB"
"JAWA BARAT","KAB. CIANJUR","PAGELARAN","JAWA BARAT","CIANJUR","CJR","PAGELARAN-CJR","CJR013","JB"
"JAWA BARAT","KAB. CIANJUR","TANGGEUNG","JAWA BARAT","CIANJUR","CJR","TANGGEUNG","CJR014","JB"
"JAWA BARAT","KAB. CIANJUR","CIBINONG","JAWA BARAT","CIANJUR","CJR","CIBINONG-CJR","CJR015","JB"
"JAWA BARAT","KAB. CIANJUR","SINDANGBARANG","JAWA BARAT","CIANJUR","CJR","SINDANGBARANG","CJR016","JB"
"JAWA BARAT","KAB. CIANJUR","AGRABINTA","JAWA BARAT","CIANJUR","CJR","AGRABINTA","CJR017","JB"
"JAWA BARAT","KAB. CIANJUR","CIDAUN","JAWA BARAT","CIANJUR","CJR","CIDAUN","CJR018","JB"
"JAWA BARAT","KAB. CIANJUR","NARINGGUL","JAWA BARAT","CIANJUR","CJR","NARINGGUL","CJR019","JB"
"JAWA BARAT","KAB. CIANJUR","CAMPAKAMULYA","JAWA BARAT","CIANJUR","CJR","CAMPAKA MULYA","CJR020","JB"
"JAWA BARAT","KAB. CIANJUR","CIKADU","JAWA BARAT","CIANJUR","CJR","CIKADU","CJR021","JB"
"JAWA BARAT","KAB. CIANJUR","GEKBRONG","JAWA BARAT","CIANJUR","CJR","GEKBRONG","CJR028","JB"
"JAWA BARAT","KAB. CIANJUR","CIPANAS","JAWA BARAT","CIANJUR","CJR","CIPANAS-CJR","CJR024","JB"
"JAWA BARAT","KAB. CIANJUR","CIJATI","JAWA BARAT","CIANJUR","CJR","CIJATI","CJR022","JB"
"JAWA BARAT","KAB. CIANJUR","LELES","JAWA BARAT","CIANJUR","CJR","LELES-CJR","CJR008","JB"
"JAWA BARAT","KAB. CIANJUR","HAURWANGI","JAWA BARAT","CIANJUR","CJR","HAURWANGI","CJR007","JB"
"JAWA BARAT","KAB. CIANJUR","PASIRKUDA","JAWA BARAT","CIANJUR","CJR","PASIRKUDA","CJR023","JB"
"JAWA BARAT","KAB. CIREBON","WALED","JAWA BARAT","SUMBER","SMB","WALED","SMB021","JB"
"JAWA BARAT","KAB. CIREBON","CILEDUG","JAWA BARAT","SUMBER","SMB","CILEDUG-SMB","SMB008","JB"
"JAWA BARAT","KAB. CIREBON","LOSARI","JAWA BARAT","SUMBER","SMB","LOSARI-SMB","SMB006","JB"
"JAWA BARAT","KAB. CIREBON","PABEDILAN","JAWA BARAT","SUMBER","SMB","PABEDILAN","SMB015","JB"
"JAWA BARAT","KAB. CIREBON","BABAKAN","JAWA BARAT","SUMBER","SMB","BABAKAN","SMB005","JB"
"JAWA BARAT","KAB. CIREBON","KARANGSEMBUNG","JAWA BARAT","SUMBER","SMB","KARANGSEMBUNG","SMB011","JB"
"JAWA BARAT","KAB. CIREBON","LEMAHABANG","JAWA BARAT","SUMBER","SMB","LEMAHABANG","SMB013","JB"
"JAWA BARAT","KAB. CIREBON","SUSUKAN LEBAK","JAWA BARAT","SUMBER","SMB","SUSUKAN LEBAK","SMB020","JB"
"JAWA BARAT","KAB. CIREBON","SEDONG","JAWA BARAT","SUMBER","SMB","SEDONG","SMB019","JB"
"JAWA BARAT","KAB. CIREBON","ASTANAJAPURA","JAWA BARAT","SUMBER","SMB","ASTANAJAPURA","SMB004","JB"
"JAWA BARAT","KAB. CIREBON","PANGENAN","JAWA BARAT","SUMBER","SMB","PANGENAN","SMB017","JB"
"JAWA BARAT","KAB. CIREBON","MUNDU","JAWA BARAT","SUMBER","SMB","MUNDU","SMB014","JB"
"JAWA BARAT","KAB. CIREBON","BEBER","JAWA BARAT","SUMBER","SMB","BEBER","SMB007","JB"
"JAWA BARAT","KAB. CIREBON","TALUN","JAWA BARAT","SUMBER","SMB","TALUN CIREBON SELATAN","SMB036","JB"
"JAWA BARAT","KAB. CIREBON","SUMBER","JAWA BARAT","SUMBER","SMB","SUMBER-SMB","SMB037","JB"
"JAWA BARAT","KAB. CIREBON","DUKUPUNTANG","JAWA BARAT","SUMBER","SMB","DUKUPUNTANG","SMB033","JB"
"JAWA BARAT","KAB. CIREBON","PALIMANAN","JAWA BARAT","SUMBER","SMB","PALIMANAN","SMB030","JB"
"JAWA BARAT","KAB. CIREBON","PLUMBON","JAWA BARAT","SUMBER","SMB","PLUMBON","SMB035","JB"
"JAWA BARAT","KAB. CIREBON","WERU","JAWA BARAT","SUMBER","SMB","WERU-SMB","SMB003","JB"
"JAWA BARAT","KAB. CIREBON","KEDAWUNG","JAWA BARAT","SUMBER","SMB","KEDAWUNG-SMB","SMB001","JB"
"JAWA BARAT","KAB. CIREBON","GUNUNG JATI","JAWA BARAT","SUMBER","SMB","GUNUNG JATI CIREBON UTARA","SMB038","JB"
"JAWA BARAT","KAB. CIREBON","KAPETAKAN","JAWA BARAT","SUMBER","SMB","KAPETAKAN","SMB039","JB"
"JAWA BARAT","KAB. CIREBON","KLANGENAN","JAWA BARAT","SUMBER","SMB","KLANGENAN","SMB023","JB"
"JAWA BARAT","KAB. CIREBON","ARJAWINANGUN","JAWA BARAT","SUMBER","SMB","ARJAWINANGUN","SMB031","JB"
"JAWA BARAT","KAB. CIREBON","PANGURAGAN","JAWA BARAT","SUMBER","SMB","PANGURAGAN","SMB024","JB"
"JAWA BARAT","KAB. CIREBON","CIWARINGIN","JAWA BARAT","SUMBER","SMB","CIWARINGIN","SMB027","JB"
"JAWA BARAT","KAB. CIREBON","SUSUKAN","JAWA BARAT","SUMBER","SMB","SUSUKAN-SMB","SMB022","JB"
"JAWA BARAT","KAB. CIREBON","GEGESIK","JAWA BARAT","SUMBER","SMB","GEGESIK","SMB028","JB"
"JAWA BARAT","KAB. CIREBON","KALIWEDI","JAWA BARAT","SUMBER","SMB","KALIWEDI","SMB026","JB"
"JAWA BARAT","KAB. CIREBON","GEBANG","JAWA BARAT","SUMBER","SMB","GEBANG-SMB","SMB009","JB"
"JAWA BARAT","KAB. CIREBON","DEPOK","JAWA BARAT","SUMBER","SMB","DEPOK-SMB","SMB032","JB"
"JAWA BARAT","KAB. CIREBON","PASALEMAN","JAWA BARAT","SUMBER","SMB","PASALEMAN","SMB018","JB"
"JAWA BARAT","KAB. CIREBON","PABUARAN","JAWA BARAT","SUMBER","SMB","PABUARAN-SMB","SMB016","JB"
"JAWA BARAT","KAB. CIREBON","KARANGWARENG","JAWA BARAT","SUMBER","SMB","KARANGWARENG","SMB012","JB"
"JAWA BARAT","KAB. CIREBON","TENGAH TANI","JAWA BARAT","SUMBER","SMB","TENGAH TANI","SMB002","JB"
"JAWA BARAT","KAB. CIREBON","PLERED","JAWA BARAT","SUMBER","SMB","PLERED-SMB","SMB034","JB"
"JAWA BARAT","KAB. CIREBON","GEMPOL","JAWA BARAT","SUMBER","SMB","GEMPOL","SMB029","JB"
"JAWA BARAT","KAB. CIREBON","GREGED","JAWA BARAT","SUMBER","SMB","GREGED GREGET","SMB010","JB"
"JAWA BARAT","KAB. CIREBON","SURANENGGALA","JAWA BARAT","SUMBER","SMB","SURANENGGALA","SMB040","JB"
"JAWA BARAT","KAB. CIREBON","JAMBLANG","JAWA BARAT","SUMBER","SMB","JAMBLANG","SMB025","JB"
"JAWA BARAT","KAB. GARUT","GARUT KOTA","JAWA BARAT","GARUT","GRT","GARUT KOTA","GRT003","JB"
"JAWA BARAT","KAB. GARUT","KARANGPAWITAN","JAWA BARAT","GARUT","GRT","KARANGPAWITAN","GRT007","JB"
"JAWA BARAT","KAB. GARUT","WANARAJA","JAWA BARAT","GARUT","GRT","WANARAJA","GRT015","JB"
"JAWA BARAT","KAB. GARUT","TAROGONG KALER","JAWA BARAT","GARUT","GRT","TAROGONG KALER","GRT001","JB"
"JAWA BARAT","KAB. GARUT","TAROGONG KIDUL","JAWA BARAT","GARUT","GRT","TAROGONG KIDUL","GRT002","JB"
"JAWA BARAT","KAB. GARUT","BANYURESMI","JAWA BARAT","GARUT","GRT","BANYURESMI","GRT041","JB"
"JAWA BARAT","KAB. GARUT","SAMARANG","JAWA BARAT","GARUT","GRT","SAMARANG","GRT004","JB"
"JAWA BARAT","KAB. GARUT","PASIRWANGI","JAWA BARAT","GARUT","GRT","PASIRWANGI","GRT011","JB"
"JAWA BARAT","KAB. GARUT","LELES","JAWA BARAT","GARUT","GRT","LELES-GRT","GRT042","JB"
"JAWA BARAT","KAB. GARUT","KADUNGORA","JAWA BARAT","GARUT","GRT","KADUNGORA","GRT040","JB"
"JAWA BARAT","KAB. GARUT","LEUWIGOONG","JAWA BARAT","GARUT","GRT","LEUWIGOONG","GRT039","JB"
"JAWA BARAT","KAB. GARUT","CIBATU","JAWA BARAT","GARUT","GRT","CIBATU-GRT","GRT034","JB"
"JAWA BARAT","KAB. GARUT","KERSAMANAH","JAWA BARAT","GARUT","GRT","KESARMANAH","GRT036","JB"
"JAWA BARAT","KAB. GARUT","MALANGBONG","JAWA BARAT","GARUT","GRT","MALANGBONG","GRT037","JB"
"JAWA BARAT","KAB. GARUT","SUKAWENING","JAWA BARAT","GARUT","GRT","SUKAWENING","GRT014","JB"
"JAWA BARAT","KAB. GARUT","KARANGTENGAH","JAWA BARAT","GARUT","GRT","KARANGTENGAH-GRT","GRT008","JB"
"JAWA BARAT","KAB. GARUT","BAYONGBONG","JAWA BARAT","GARUT","GRT","BAYONGBONG","GRT005","JB"
"JAWA BARAT","KAB. GARUT","CIGEDUG","JAWA BARAT","GARUT","GRT","CIGEDUG","GRT020","JB"
"JAWA BARAT","KAB. GARUT","CILAWU","JAWA BARAT","GARUT","GRT","CILAWU","GRT006","JB"
"JAWA BARAT","KAB. GARUT","CISURUPAN","JAWA BARAT","GARUT","GRT","CISURUPAN","GRT026","JB"
"JAWA BARAT","KAB. GARUT","SUKARESMI","JAWA BARAT","GARUT","GRT","SUKARESMI-GRT","GRT013","JB"
"JAWA BARAT","KAB. GARUT","CIKAJANG","JAWA BARAT","GARUT","GRT","CIKAJANG","GRT022","JB"
"JAWA BARAT","KAB. GARUT","BANJARWANGI","JAWA BARAT","GARUT","GRT","BANJARWANGI","GRT016","JB"
"JAWA BARAT","KAB. GARUT","SINGAJAYA","JAWA BARAT","GARUT","GRT","SINGAJAYA","GRT031","JB"
"JAWA BARAT","KAB. GARUT","CIHURIP","JAWA BARAT","GARUT","GRT","CIHURIP","GRT021","JB"
"JAWA BARAT","KAB. GARUT","PEUNDEUY","JAWA BARAT","GARUT","GRT","PEUNDEUY","GRT030","JB"
"JAWA BARAT","KAB. GARUT","PAMEUNGPEUK","JAWA BARAT","GARUT","GRT","PAMEUNGPEUK-GRT","GRT028","JB"
"JAWA BARAT","KAB. GARUT","CISOMPET","JAWA BARAT","GARUT","GRT","CISOMPET","GRT025","JB"
"JAWA BARAT","KAB. GARUT","CIBALONG","JAWA BARAT","GARUT","GRT","CIBALONG-GRT","GRT019","JB"
"JAWA BARAT","KAB. GARUT","CIKELET","JAWA BARAT","GARUT","GRT","CIKELET","GRT023","JB"
"JAWA BARAT","KAB. GARUT","BUNGBULANG","JAWA BARAT","GARUT","GRT","BUNGBULANG","GRT017","JB"
"JAWA BARAT","KAB. GARUT","MEKARMUKTI","JAWA BARAT","GARUT","GRT","MEKARMUKTI","GRT009","JB"
"JAWA BARAT","KAB. GARUT","PAKENJENG","JAWA BARAT","GARUT","GRT","PAKENJENG","GRT027","JB"
"JAWA BARAT","KAB. GARUT","PAMULIHAN","JAWA BARAT","GARUT","GRT","PAMULIHAN-GRT","GRT029","JB"
"JAWA BARAT","KAB. GARUT","CISEWU","JAWA BARAT","GARUT","GRT","CISEWU","GRT024","JB"
"JAWA BARAT","KAB. GARUT","CARINGIN","JAWA BARAT","GARUT","GRT","CARINGIN-GRT","GRT018","JB"
"JAWA BARAT","KAB. GARUT","TALEGONG","JAWA BARAT","GARUT","GRT","TALEGONG","GRT032","JB"
"JAWA BARAT","KAB. GARUT","BL. LIMBANGAN","JAWA BARAT","GARUT","GRT","BLUBUR LIMBANGAN","GRT033","JB"
"JAWA BARAT","KAB. GARUT","SELAAWI","JAWA BARAT","GARUT","GRT","SELAAWI","GRT038","JB"
"JAWA BARAT","KAB. GARUT","CIBIUK","JAWA BARAT","GARUT","GRT","CIBIUK","GRT035","JB"
"JAWA BARAT","KAB. GARUT","PANGATIKAN","JAWA BARAT","GARUT","GRT","PANGATIKAN","GRT010","JB"
"JAWA BARAT","KAB. GARUT","SUCINARAJA","JAWA BARAT","GARUT","GRT","SUCINARAJA","GRT012","JB"
"JAWA BARAT","KAB. INDRAMAYU","HAURGEULIS","JAWA BARAT","INDRAMAYU","IDM","HAURGEULIS","IDM013","JB"
"JAWA BARAT","KAB. INDRAMAYU","KROYA","JAWA BARAT","INDRAMAYU","IDM","KROYA-IDM","IDM014","JB"
"JAWA BARAT","KAB. INDRAMAYU","GABUSWETAN","JAWA BARAT","INDRAMAYU","IDM","GABUS WETAN","IDM018","JB"
"JAWA BARAT","KAB. INDRAMAYU","CIKEDUNG","JAWA BARAT","INDRAMAYU","IDM","CIKEDUNG","IDM022","JB"
"JAWA BARAT","KAB. INDRAMAYU","LELEA","JAWA BARAT","INDRAMAYU","IDM","LELEA","IDM024","JB"
"JAWA BARAT","KAB. INDRAMAYU","BANGODUA","JAWA BARAT","INDRAMAYU","IDM","BANGODUA","IDM021","JB"
"JAWA BARAT","KAB. INDRAMAYU","WIDASARI","JAWA BARAT","INDRAMAYU","IDM","WIDASARI","IDM030","JB"
"JAWA BARAT","KAB. INDRAMAYU","KERTASEMAYA","JAWA BARAT","INDRAMAYU","IDM","KERTASEMAYA","IDM025","JB"
"JAWA BARAT","KAB. INDRAMAYU","KRANGKENG","JAWA BARAT","INDRAMAYU","IDM","KRANGKENG","IDM031","JB"
"JAWA BARAT","KAB. INDRAMAYU","KARANGAMPEL","JAWA BARAT","INDRAMAYU","IDM","KARANGAMPEL","IDM006","JB"
"JAWA BARAT","KAB. INDRAMAYU","JUNTINYUAT","JAWA BARAT","INDRAMAYU","IDM","JUNTINYUAT","IDM005","JB"
"JAWA BARAT","KAB. INDRAMAYU","SLIYEG","JAWA BARAT","INDRAMAYU","IDM","SLIYEG","IDM026","JB"
"JAWA BARAT","KAB. INDRAMAYU","JATIBARANG","JAWA BARAT","INDRAMAYU","IDM","JATIBARANG-IDM","IDM020","JB"
"JAWA BARAT","KAB. INDRAMAYU","BALONGAN","JAWA BARAT","INDRAMAYU","IDM","BALONGAN","IDM002","JB"
"JAWA BARAT","KAB. INDRAMAYU","INDRAMAYU","JAWA BARAT","INDRAMAYU","IDM","INDRAMAYU","IDM004","JB"
"JAWA BARAT","KAB. INDRAMAYU","SINDANG","JAWA BARAT","INDRAMAYU","IDM","SINDANG-IDM","IDM010","JB"
"JAWA BARAT","KAB. INDRAMAYU","CANTIGI","JAWA BARAT","INDRAMAYU","IDM","CANTIGI","IDM003","JB"
"JAWA BARAT","KAB. INDRAMAYU","LOHBENER","JAWA BARAT","INDRAMAYU","IDM","LOHBENER","IDM007","JB"
"JAWA BARAT","KAB. INDRAMAYU","ARAHAN","JAWA BARAT","INDRAMAYU","IDM","ARAHAN","IDM001","JB"
"JAWA BARAT","KAB. INDRAMAYU","LOSARANG","JAWA BARAT","INDRAMAYU","IDM","LOSARANG","IDM008","JB"
"JAWA BARAT","KAB. INDRAMAYU","KANDANGHAUR","JAWA BARAT","INDRAMAYU","IDM","KANDANGHAUR","IDM019","JB"
"JAWA BARAT","KAB. INDRAMAYU","BONGAS","JAWA BARAT","INDRAMAYU","IDM","BONGAS","IDM017","JB"
"JAWA BARAT","KAB. INDRAMAYU","ANJATAN","JAWA BARAT","INDRAMAYU","IDM","ANJATAN","IDM011","JB"
"JAWA BARAT","KAB. INDRAMAYU","SUKRA","JAWA BARAT","INDRAMAYU","IDM","SUKRA","IDM016","JB"
"JAWA BARAT","KAB. INDRAMAYU","GANTAR","JAWA BARAT","INDRAMAYU","IDM","GANTAR","IDM012","JB"
"JAWA BARAT","KAB. INDRAMAYU","TRISI","JAWA BARAT","INDRAMAYU","IDM","TRISI","IDM028","JB"
"JAWA BARAT","KAB. INDRAMAYU","SUKAGUMIWANG","JAWA BARAT","INDRAMAYU","IDM","SUKAGUMIWANG","IDM027","JB"
"JAWA BARAT","KAB. INDRAMAYU","KEDOKAN BUNDER","JAWA BARAT","INDRAMAYU","IDM","KEDOKAN BUNDER","IDM023","JB"
"JAWA BARAT","KAB. INDRAMAYU","PASEKAN","JAWA BARAT","INDRAMAYU","IDM","PASEKAN","IDM009","JB"
"JAWA BARAT","KAB. INDRAMAYU","TUKDANA","JAWA BARAT","INDRAMAYU","IDM","TUKDANA","IDM029","JB"
"JAWA BARAT","KAB. INDRAMAYU","PATROL","JAWA BARAT","INDRAMAYU","IDM","PATROL","IDM015","JB"
"JAWA BARAT","KAB. KARAWANG","KARAWANG BARAT","JAWA BARAT","KARAWANG","KRW","KARAWANG BARAT","KRW022","JB"
"JAWA BARAT","KAB. KARAWANG","PANGKALAN","JAWA BARAT","KARAWANG","KRW","PANGKALAN","KRW003","JB"
"JAWA BARAT","KAB. KARAWANG","TELUKJAMBE TIMUR","JAWA BARAT","KARAWANG","KRW","TELUK JAMBE TIMUR","KRW002","JB"
"JAWA BARAT","KAB. KARAWANG","CIAMPEL","JAWA BARAT","KARAWANG","KRW","CIAMPEL","KRW021","JB"
"JAWA BARAT","KAB. KARAWANG","KLARI","JAWA BARAT","KARAWANG","KRW","KLARI","KRW020","JB"
"JAWA BARAT","KAB. KARAWANG","RENGASDENGKLOK","JAWA BARAT","KARAWANG","KRW","RENGASDENGKLOK","KRW011","JB"
"JAWA BARAT","KAB. KARAWANG","KUTAWALUYA","JAWA BARAT","KARAWANG","KRW","KUTA WALUYA","KRW009","JB"
"JAWA BARAT","KAB. KARAWANG","BATUJAYA","JAWA BARAT","KARAWANG","KRW","BATUJAYA","KRW012","JB"
"JAWA BARAT","KAB. KARAWANG","TIRTAJAYA","JAWA BARAT","KARAWANG","KRW","TIRTA JAYA","KRW005","JB"
"JAWA BARAT","KAB. KARAWANG","PEDES","JAWA BARAT","KARAWANG","KRW","PEDES","KRW010","JB"
"JAWA BARAT","KAB. KARAWANG","CIBUAYA","JAWA BARAT","KARAWANG","KRW","CIBUAYA","KRW013","JB"
"JAWA BARAT","KAB. KARAWANG","PAKISJAYA","JAWA BARAT","KARAWANG","KRW","PAKISJAYA","KRW017","JB"
"JAWA BARAT","KAB. KARAWANG","CIKAMPEK","JAWA BARAT","CIKAMPEK","CKP","CIKAMPEK","CKP001","JB"
"JAWA BARAT","KAB. KARAWANG","JATISARI","JAWA BARAT","KARAWANG","KRW","JATISARI","KRW027","JB"
"JAWA BARAT","KAB. KARAWANG","CILAMAYA WETAN","JAWA BARAT","KARAWANG","KRW","CILAMAYA WETAN","KRW026","JB"
"JAWA BARAT","KAB. KARAWANG","TIRTAMULYA","JAWA BARAT","KARAWANG","KRW","TIRTA MULYA","KRW015","JB"
"JAWA BARAT","KAB. KARAWANG","TELAGASARI","JAWA BARAT","KARAWANG","KRW","TALAGASARI","KRW018","JB"
"JAWA BARAT","KAB. KARAWANG","RAWAMERTA","JAWA BARAT","KARAWANG","KRW","RAWAMERTA","KRW014","JB"
"JAWA BARAT","KAB. KARAWANG","LEMAHABANG","JAWA BARAT","CIKAMPEK","CKP","LEMAH ABANG","CKP003","JB"
"JAWA BARAT","KAB. KARAWANG","TEMPURAN","JAWA BARAT","KARAWANG","KRW","TEMPURAN-KRW","KRW006","JB"
"JAWA BARAT","KAB. KARAWANG","MAJALAYA","JAWA BARAT","KARAWANG","KRW","MAJALAYA-KRW","KRW016","JB"
"JAWA BARAT","KAB. KARAWANG","JAYAKERTA","JAWA BARAT","KARAWANG","KRW","JAYAKERTA","KRW008","JB"
"JAWA BARAT","KAB. KARAWANG","CILAMAYA KULON","JAWA BARAT","KARAWANG","KRW","CILAMAYA KULON","KRW025","JB"
"JAWA BARAT","KAB. KARAWANG","BANYUSARI","JAWA BARAT","KARAWANG","KRW","BANYUSARI","KRW024","JB"
"JAWA BARAT","KAB. KARAWANG","KOTA BARU","JAWA BARAT","KARAWANG","KRW","KOTABARU-KRW","KRW028","JB"
"JAWA BARAT","KAB. KARAWANG","KARAWANG TIMUR","JAWA BARAT","KARAWANG","KRW","KARAWANG TIMUR","KRW023","JB"
"JAWA BARAT","KAB. KARAWANG","TELUKJAMBE BARAT","JAWA BARAT","KARAWANG","KRW","TELUK JAMBE BARAT","KRW001","JB"
"JAWA BARAT","KAB. KARAWANG","TEGALWARU","JAWA BARAT","KARAWANG","KRW","TEGALWARU","KRW004","JB"
"JAWA BARAT","KAB. KARAWANG","PURWASARI","JAWA BARAT","KARAWANG","KRW","PURWASARI","KRW019","JB"
"JAWA BARAT","KAB. KARAWANG","CILEBAR","JAWA BARAT","KARAWANG","KRW","CILEBAR","KRW007","JB"
"JAWA BARAT","KAB. KUNINGAN","KADUGEDE","JAWA BARAT","KUNINGAN","KNG","KADUGEDE","KNG006","JB"
"JAWA BARAT","KAB. KUNINGAN","CINIRU","JAWA BARAT","KUNINGAN","KNG","CINIRU","KNG013","JB"
"JAWA BARAT","KAB. KUNINGAN","SUBANG","JAWA BARAT","KUNINGAN","KNG","SUBANG-KNG","KNG019","JB"
"JAWA BARAT","KAB. KUNINGAN","CIWARU","JAWA BARAT","KUNINGAN","KNG","CIWARU","KNG023","JB"
"JAWA BARAT","KAB. KUNINGAN","CIBINGBIN","JAWA BARAT","KUNINGAN","KNG","CIBINGBIN","KNG027","JB"
"JAWA BARAT","KAB. KUNINGAN","LURAGUNG","JAWA BARAT","KUNINGAN","KNG","LURAGUNG","KNG030","JB"
"JAWA BARAT","KAB. KUNINGAN","LEBAKWANGI","JAWA BARAT","KUNINGAN","KNG","LEBAKWANGI","KNG029","JB"
"JAWA BARAT","KAB. KUNINGAN","GARAWANGI","JAWA BARAT","KUNINGAN","KNG","GARAWANGI","KNG004","JB"
"JAWA BARAT","KAB. KUNINGAN","KUNINGAN","JAWA BARAT","KUNINGAN","KNG","KUNINGAN","KNG008","JB"
"JAWA BARAT","KAB. KUNINGAN","CIAWIGEBANG","JAWA BARAT","KUNINGAN","KNG","CIAWI GEBANG","KNG032","JB"
"JAWA BARAT","KAB. KUNINGAN","CIDAHU","JAWA BARAT","KUNINGAN","KNG","CIDAHU-KNG","KNG028","JB"
"JAWA BARAT","KAB. KUNINGAN","JALAKSANA","JAWA BARAT","KUNINGAN","KNG","JALAKSANA","KNG005","JB"
"JAWA BARAT","KAB. KUNINGAN","CILIMUS","JAWA BARAT","KUNINGAN","KNG","CILIMUS","KNG002","JB"
"JAWA BARAT","KAB. KUNINGAN","MANDIRANCAN","JAWA BARAT","KUNINGAN","KNG","MANDIRANCAN","KNG009","JB"
"JAWA BARAT","KAB. KUNINGAN","SELAJAMBE","JAWA BARAT","KUNINGAN","KNG","SELAJAMBE","KNG017","JB"
"JAWA BARAT","KAB. KUNINGAN","KRAMATMULYA","JAWA BARAT","KUNINGAN","KNG","KRAMAT MULYA","KNG007","JB"
"JAWA BARAT","KAB. KUNINGAN","DARMA","JAWA BARAT","KUNINGAN","KNG","DARMA","KNG003","JB"
"JAWA BARAT","KAB. KUNINGAN","CIGUGUR","JAWA BARAT","KUNINGAN","KNG","CIGUGUR-KNG","KNG001","JB"
"JAWA BARAT","KAB. KUNINGAN","PASAWAHAN","JAWA BARAT","KUNINGAN","KNG","PASAWAHAN-KNG","KNG011","JB"
"JAWA BARAT","KAB. KUNINGAN","NUSAHERANG","JAWA BARAT","KUNINGAN","KNG","NUSAHERANG","KNG010","JB"
"JAWA BARAT","KAB. KUNINGAN","CIPICUNG","JAWA BARAT","KUNINGAN","KNG","CIPICUNG","KNG022","JB"
"JAWA BARAT","KAB. KUNINGAN","PANCALANG","JAWA BARAT","KUNINGAN","KNG","PANCALANG","KNG016","JB"
"JAWA BARAT","KAB. KUNINGAN","JAPARA","JAWA BARAT","KUNINGAN","KNG","JAPARA","KNG015","JB"
"JAWA BARAT","KAB. KUNINGAN","CIMAHI","JAWA BARAT","KUNINGAN","KNG","CIMAHI","KNG025","JB"
"JAWA BARAT","KAB. KUNINGAN","CILEBAK","JAWA BARAT","KUNINGAN","KNG","CILEBAK","KNG024","JB"
"JAWA BARAT","KAB. KUNINGAN","HANTARA","JAWA BARAT","KUNINGAN","KNG","HANTARA","KNG014","JB"
"JAWA BARAT","KAB. KUNINGAN","KALIMANGGIS","JAWA BARAT","KUNINGAN","KNG","KALIMANGGIS","KNG020","JB"
"JAWA BARAT","KAB. KUNINGAN","CIBEUREUM","JAWA BARAT","KUNINGAN","KNG","CIBEREUM","KNG026","JB"
"JAWA BARAT","KAB. KUNINGAN","KARANG KANCANA","JAWA BARAT","KUNINGAN","KNG","KARANGKANCANA","KNG031","JB"
"JAWA BARAT","KAB. KUNINGAN","MALEBER","JAWA BARAT","KUNINGAN","KNG","MALEBER","KNG021","JB"
"JAWA BARAT","KAB. KUNINGAN","SINDANG AGUNG","JAWA BARAT","KUNINGAN","KNG","SIDANGAGUNG","KNG018","JB"
"JAWA BARAT","KAB. KUNINGAN","CIGANDAMEKAR","JAWA BARAT","KUNINGAN","KNG","CIGANDAMEKAR","KNG012","JB"
"JAWA BARAT","KAB. MAJALENGKA","LEMAHSUGIH","JAWA BARAT","MAJALENGKA","MJA","LEMAHSUGIH","MJA023","JB"
"JAWA BARAT","KAB. MAJALENGKA","BANTARUJEG","JAWA BARAT","MAJALENGKA","MJA","BATURUJEG","MJA022","JB"
"JAWA BARAT","KAB. MAJALENGKA","CIKIJING","JAWA BARAT","MAJALENGKA","MJA","CIKIJING","MJA020","JB"
"JAWA BARAT","KAB. MAJALENGKA","TALAGA","JAWA BARAT","MAJALENGKA","MJA","TALAGA","MJA026","JB"
"JAWA BARAT","KAB. MAJALENGKA","ARGAPURA","JAWA BARAT","MAJALENGKA","MJA","ARGAPURA","MJA017","JB"
"JAWA BARAT","KAB. MAJALENGKA","MAJA","JAWA BARAT","MAJALENGKA","MJA","MAJA-MJA","MJA019","JB"
"JAWA BARAT","KAB. MAJALENGKA","MAJALENGKA","JAWA BARAT","MAJALENGKA","MJA","MAJALENGKA","MJA009","JB"
"JAWA BARAT","KAB. MAJALENGKA","SUKAHAJI","JAWA BARAT","MAJALENGKA","MJA","SUKAHAJI","MJA013","JB"
"JAWA BARAT","KAB. MAJALENGKA","RAJAGALUH","JAWA BARAT","MAJALENGKA","MJA","RAJAGALUH","MJA012","JB"
"JAWA BARAT","KAB. MAJALENGKA","LEUWIMUNDING","JAWA BARAT","MAJALENGKA","MJA","LEUWIMUNDING","MJA014","JB"
"JAWA BARAT","KAB. MAJALENGKA","JATIWANGI","JAWA BARAT","MAJALENGKA","MJA","JATIWANGI","MJA004","JB"
"JAWA BARAT","KAB. MAJALENGKA","DAWUAN","JAWA BARAT","MAJALENGKA","MJA","DAWUAN-MJA","MJA002","JB"
"JAWA BARAT","KAB. MAJALENGKA","KADIPATEN","JAWA BARAT","MAJALENGKA","MJA","KADIPATEN-MJA","MJA005","JB"
"JAWA BARAT","KAB. MAJALENGKA","KERTAJATI","JAWA BARAT","MAJALENGKA","MJA","KERTAJATI","MJA007","JB"
"JAWA BARAT","KAB. MAJALENGKA","JATITUJUH","JAWA BARAT","MAJALENGKA","MJA","JATI TUJUH","MJA003","JB"
"JAWA BARAT","KAB. MAJALENGKA","LIGUNG","JAWA BARAT","MAJALENGKA","MJA","LIGUNG","MJA008","JB"
"JAWA BARAT","KAB. MAJALENGKA","SUMBERJAYA","JAWA BARAT","MAJALENGKA","MJA","SUMBERJAYA","MJA016","JB"
"JAWA BARAT","KAB. MAJALENGKA","PANYINGKIRAN","JAWA BARAT","MAJALENGKA","MJA","PANYINGKIRAN","MJA011","JB"
"JAWA BARAT","KAB. MAJALENGKA","PALASAH","JAWA BARAT","MAJALENGKA","MJA","PALASAH","MJA010","JB"
"JAWA BARAT","KAB. MAJALENGKA","CIGASONG","JAWA BARAT","MAJALENGKA","MJA","CIGASONG","MJA001","JB"
"JAWA BARAT","KAB. MAJALENGKA","SINDANGWANGI","JAWA BARAT","MAJALENGKA","MJA","SINDANG WANGI","MJA015","JB"
"JAWA BARAT","KAB. MAJALENGKA","BANJARAN","JAWA BARAT","MAJALENGKA","MJA","BANJARAN-MJA","MJA018","JB"
"JAWA BARAT","KAB. MAJALENGKA","CINGAMBUL","JAWA BARAT","MAJALENGKA","MJA","CINGAMBUL","MJA021","JB"
"JAWA BARAT","KAB. MAJALENGKA","KASOKANDEL","JAWA BARAT","MAJALENGKA","MJA","KASOKANDEL","MJA006","JB"
"JAWA BARAT","KAB. MAJALENGKA","SINDANG","JAWA BARAT","MAJALENGKA","MJA","SINDANG-MJA","MJA025","JB"
"JAWA BARAT","KAB. MAJALENGKA","MALAUSMA","JAWA BARAT","MAJALENGKA","MJA","MALAUSMA","MJA024","JB"
"JAWA BARAT","KAB. PANGANDARAN","PARIGI","JAWA BARAT","PANGANDARAN","PGR","PARIGI-PGR","PGR005","JB"
"JAWA BARAT","KAB. PANGANDARAN","CIJULANG","JAWA BARAT","PANGANDARAN","PGR","CIJULANG","PGR007","JB"
"JAWA BARAT","KAB. PANGANDARAN","CIMERAK","JAWA BARAT","PANGANDARAN","PGR","CIMERAK","PGR008","JB"
"JAWA BARAT","KAB. PANGANDARAN","CIGUGUR","JAWA BARAT","PANGANDARAN","PGR","CIGUGUR-PGR","PGR009","JB"
"JAWA BARAT","KAB. PANGANDARAN","LANGKAPLANCAR","JAWA BARAT","PANGANDARAN","PGR","LANGKAPLANCAR","PGR010","JB"
"JAWA BARAT","KAB. PANGANDARAN","MANGUNJAYA","JAWA BARAT","PANGANDARAN","PGR","MANGUNJAYA","PGR003","JB"
"JAWA BARAT","KAB. PANGANDARAN","PADAHERANG","JAWA BARAT","PANGANDARAN","PGR","PADAHERANG","PGR001","JB"
"JAWA BARAT","KAB. PANGANDARAN","KALIPUCANG","JAWA BARAT","PANGANDARAN","PGR","KALIPUCANG","PGR002","JB"
"JAWA BARAT","KAB. PANGANDARAN","PANGANDARAN","JAWA BARAT","PANGANDARAN","PGR","PANGANDARAN","PGR004","JB"
"JAWA BARAT","KAB. PANGANDARAN","SIDAMULIH","JAWA BARAT","PANGANDARAN","PGR","SIDAMULIH","PGR006","JB"
"JAWA BARAT","KAB. PURWAKARTA","PURWAKARTA","JAWA BARAT","PURWAKARTA","PWK","PURWAKARTA-PWK","PWK015","JB"
"JAWA BARAT","KAB. PURWAKARTA","CAMPAKA","JAWA BARAT","PURWAKARTA","PWK","CAMPAKA-PWK","PWK003","JB"
"JAWA BARAT","KAB. PURWAKARTA","JATILUHUR","JAWA BARAT","PURWAKARTA","PWK","JATILUHUR","PWK011","JB"
"JAWA BARAT","KAB. PURWAKARTA","PLERED","JAWA BARAT","PURWAKARTA","PWK","PLERED-PWK","PWK008","JB"
"JAWA BARAT","KAB. PURWAKARTA","SUKATANI","JAWA BARAT","PURWAKARTA","PWK","SUKATANI-PWK","PWK005","JB"
"JAWA BARAT","KAB. PURWAKARTA","DARANGDAN","JAWA BARAT","PURWAKARTA","PWK","DARANGDAN","PWK009","JB"
"JAWA BARAT","KAB. PURWAKARTA","MANIIS","JAWA BARAT","PURWAKARTA","PWK","MANIIS","PWK007","JB"
"JAWA BARAT","KAB. PURWAKARTA","TEGALWARU","JAWA BARAT","PURWAKARTA","PWK","TEGAL WARU","PWK006","JB"
"JAWA BARAT","KAB. PURWAKARTA","WANAYASA","JAWA BARAT","PURWAKARTA","PWK","WANAYASA-PWK","PWK017","JB"
"JAWA BARAT","KAB. PURWAKARTA","PASAWAHAN","JAWA BARAT","PURWAKARTA","PWK","PASAWAHAN-PWK","PWK013","JB"
"JAWA BARAT","KAB. PURWAKARTA","BOJONG","JAWA BARAT","PURWAKARTA","PWK","BOJONG-PWK","PWK010","JB"
"JAWA BARAT","KAB. PURWAKARTA","BABAKANCIKAO","JAWA BARAT","PURWAKARTA","PWK","BABAKANCIKAO","PWK001","JB"
"JAWA BARAT","KAB. PURWAKARTA","BUNGURSARI","JAWA BARAT","PURWAKARTA","PWK","BUNGURSARI-PWK","PWK002","JB"
"JAWA BARAT","KAB. PURWAKARTA","CIBATU","JAWA BARAT","PURWAKARTA","PWK","CIBATU-PWK","PWK004","JB"
"JAWA BARAT","KAB. PURWAKARTA","SUKASARI","JAWA BARAT","PURWAKARTA","PWK","SUKASARI-PWK","PWK016","JB"
"JAWA BARAT","KAB. PURWAKARTA","PONDOKSALAM","JAWA BARAT","PURWAKARTA","PWK","PONDOK SALAM","PWK014","JB"
"JAWA BARAT","KAB. PURWAKARTA","KIARAPEDES","JAWA BARAT","PURWAKARTA","PWK","KIARAPEDES","PWK012","JB"
"JAWA BARAT","KAB. SUBANG","SAGALAHERANG","JAWA BARAT","SUBANG","SBG","SAGALAHERANG","SBG023","JB"
"JAWA BARAT","KAB. SUBANG","CISALAK","JAWA BARAT","SUBANG","SBG","CISALAK","SBG019","JB"
"JAWA BARAT","KAB. SUBANG","SUBANG","JAWA BARAT","SUBANG","SBG","SUBANG-SBG","SBG015","JB"
"JAWA BARAT","KAB. SUBANG","KALIJATI","JAWA BARAT","SUBANG","SBG","KALIJATI","SBG028","JB"
"JAWA BARAT","KAB. SUBANG","PABUARAN","JAWA BARAT","SUBANG","SBG","PABUARAN-SBG","SBG029","JB"
"JAWA BARAT","KAB. SUBANG","PURWADADI","JAWA BARAT","SUBANG","SBG","PURWADADI-SBG","SBG030","JB"
"JAWA BARAT","KAB. SUBANG","PAGADEN","JAWA BARAT","SUBANG","SBG","PAGADEN","SBG010","JB"
"JAWA BARAT","KAB. SUBANG","BINONG","JAWA BARAT","SUBANG","SBG","BINONG","SBG001","JB"
"JAWA BARAT","KAB. SUBANG","CIASEM","JAWA BARAT","SUBANG","SBG","CIASEM","SBG003","JB"
"JAWA BARAT","KAB. SUBANG","PUSAKANAGARA","JAWA BARAT","SUBANG","SBG","PUSAKANAGARA","SBG014","JB"
"JAWA BARAT","KAB. SUBANG","PAMANUKAN","JAWA BARAT","SUBANG","SBG","PAMANUKAN","SBG018","JB"
"JAWA BARAT","KAB. SUBANG","JALANCAGAK","JAWA BARAT","SUBANG","SBG","JALANCAGAK","SBG020","JB"
"JAWA BARAT","KAB. SUBANG","BLANAKAN","JAWA BARAT","SUBANG","SBG","BLANAKAN","SBG002","JB"
"JAWA BARAT","KAB. SUBANG","TANJUNGSIANG","JAWA BARAT","SUBANG","SBG","TANJUNGSIANG","SBG026","JB"
"JAWA BARAT","KAB. SUBANG","COMPRENG","JAWA BARAT","SUBANG","SBG","COMPRENG","SBG007","JB"
"JAWA BARAT","KAB. SUBANG","PATOKBEUSI","JAWA BARAT","SUBANG","SBG","PATOKBEUSI","SBG012","JB"
"JAWA BARAT","KAB. SUBANG","CIBOGO","JAWA BARAT","SUBANG","SBG","CIBOGO","SBG004","JB"
"JAWA BARAT","KAB. SUBANG","CIPUNAGARA","JAWA BARAT","SUBANG","SBG","CIPUNAGARA","SBG006","JB"
"JAWA BARAT","KAB. SUBANG","CIJAMBE","JAWA BARAT","SUBANG","SBG","CIJAMBE","SBG021","JB"
"JAWA BARAT","KAB. SUBANG","CIPEUNDEUY","JAWA BARAT","SUBANG","SBG","CIPEUNDEUY-SBG","SBG027","JB"
"JAWA BARAT","KAB. SUBANG","LEGONKULON","JAWA BARAT","SUBANG","SBG","LEGONKULON","SBG009","JB"
"JAWA BARAT","KAB. SUBANG","CIKAUM","JAWA BARAT","SUBANG","SBG","CIKAUM","SBG005","JB"
"JAWA BARAT","KAB. SUBANG","SERANGPANJANG","JAWA BARAT","SUBANG","SBG","SERANGPANJANG","SBG024","JB"
"JAWA BARAT","KAB. SUBANG","SUKASARI","JAWA BARAT","SUBANG","SBG","SUKASARI-SBG","SBG016","JB"
"JAWA BARAT","KAB. SUBANG","TAMBAKDAHAN","JAWA BARAT","SUBANG","SBG","TAMBAKDAHAN","SBG017","JB"
"JAWA BARAT","KAB. SUBANG","KASOMALANG","JAWA BARAT","SUBANG","SBG","KASOMALANG","SBG022","JB"
"JAWA BARAT","KAB. SUBANG","DAWUAN","JAWA BARAT","SUBANG","SBG","DAWUAN-SBG","SBG008","JB"
"JAWA BARAT","KAB. SUBANG","PAGADEN BARAT","JAWA BARAT","SUBANG","SBG","PAGADEN BARAT","SBG011","JB"
"JAWA BARAT","KAB. SUBANG","CIATER","JAWA BARAT","SUBANG","SBG","CIATER","SBG025","JB"
"JAWA BARAT","KAB. SUBANG","PUSAKAJAYA","JAWA BARAT","SUBANG","SBG","PUSAKAJAYA","SBG013","JB"
"JAWA BARAT","KAB. SUKABUMI","PALABUHANRATU","JAWA BARAT","PELABUHAN RATU","PER","PALABUHAN PELABUHAN RATU","PER006","JB"
"JAWA BARAT","KAB. SUKABUMI","SIMPENAN","JAWA BARAT","PELABUHAN RATU","PER","SIMPENAN","PER007","JB"
"JAWA BARAT","KAB. SUKABUMI","CIKAKAK","JAWA BARAT","PELABUHAN RATU","PER","CIKAKAK","PER014","JB"
"JAWA BARAT","KAB. SUKABUMI","BANTARGADUNG","JAWA BARAT","PELABUHAN RATU","PER","BANTARGADUNG","PER001","JB"
"JAWA BARAT","KAB. SUKABUMI","CISOLOK","JAWA BARAT","PELABUHAN RATU","PER","CISOLOK","PER004","JB"
"JAWA BARAT","KAB. SUKABUMI","CIKIDANG","JAWA BARAT","PELABUHAN RATU","PER","CIKIDANG","PER015","JB"
"JAWA BARAT","KAB. SUKABUMI","LENGKONG","JAWA BARAT","SUKABUMI","SMI","LENGKONG-SMI","SMI008","JB"
"JAWA BARAT","KAB. SUKABUMI","JAMPANGTENGAH","JAWA BARAT","PELABUHAN RATU","PER","JAMPANG TENGAH","PER005","JB"
"JAWA BARAT","KAB. SUKABUMI","WARUNGKIARA","JAWA BARAT","PELABUHAN RATU","PER","WARUNG KIARA","PER011","JB"
"JAWA BARAT","KAB. SUKABUMI","CIKEMBAR","JAWA BARAT","SUKABUMI","SMI","CIKEMBAR","SMI013","JB"
"JAWA BARAT","KAB. SUKABUMI","CIBADAK","JAWA BARAT","SUKABUMI","SMI","CIBADAK-SMI","SMI024","JB"
"JAWA BARAT","KAB. SUKABUMI","NAGRAK","JAWA BARAT","SUKABUMI","SMI","NAGRAK","SMI019","JB"
"JAWA BARAT","KAB. SUKABUMI","PARUNGKUDA","JAWA BARAT","SUKABUMI","SMI","PARUNG KUDA","SMI025","JB"
"JAWA BARAT","KAB. SUKABUMI","BOJONGGENTENG","JAWA BARAT","PELABUHAN RATU","PER","BOJONG GENTENG","PER002","JB"
"JAWA BARAT","KAB. SUKABUMI","PARAKANSALAK","JAWA BARAT","SUKABUMI","SMI","PARAKAN SALAK","SMI018","JB"
"JAWA BARAT","KAB. SUKABUMI","CICURUG","JAWA BARAT","SUKABUMI","SMI","CICURUG","SMI022","JB"
"JAWA BARAT","KAB. SUKABUMI","CIDAHU","JAWA BARAT","SUKABUMI","SMI","CIDAHU-SMI","SMI021","JB"
"JAWA BARAT","KAB. SUKABUMI","KALAPANUNGGAL","JAWA BARAT","SUKABUMI","SMI","KALAPA NUNGGAL","SMI020","JB"
"JAWA BARAT","KAB. SUKABUMI","KABANDUNGAN","JAWA BARAT","SUKABUMI","SMI","KABANDUNGAN","SMI026","JB"
"JAWA BARAT","KAB. SUKABUMI","WALURAN","JAWA BARAT","PELABUHAN RATU","PER","WALURAN","PER010","JB"
"JAWA BARAT","KAB. SUKABUMI","JAMPANGKULON","JAWA BARAT","PELABUHAN RATU","PER","JAMPANG KULON","PER017","JB"
"JAWA BARAT","KAB. SUKABUMI","CIEMAS","JAWA BARAT","PELABUHAN RATU","PER","CIEMAS","PER013","JB"
"JAWA BARAT","KAB. SUKABUMI","KALIBUNDER","JAWA BARAT","PELABUHAN RATU","PER","KALI BUNDER","PER018","JB"
"JAWA BARAT","KAB. SUKABUMI","SURADE","JAWA BARAT","PELABUHAN RATU","PER","SURADE","PER008","JB"
"JAWA BARAT","KAB. SUKABUMI","CIBITUNG","JAWA BARAT","PELABUHAN RATU","PER","CIBITUNG-PER","PER012","JB"
"JAWA BARAT","KAB. SUKABUMI","CIRACAP","JAWA BARAT","PELABUHAN RATU","PER","CIRACAP","PER003","JB"
"JAWA BARAT","KAB. SUKABUMI","GUNUNGGURUH","JAWA BARAT","SUKABUMI","SMI","GUNUNG GURUH","SMI035","JB"
"JAWA BARAT","KAB. SUKABUMI","CICANTAYAN","JAWA BARAT","SUKABUMI","SMI","CICANTAYAN","SMI033","JB"
"JAWA BARAT","KAB. SUKABUMI","CISAAT","JAWA BARAT","SUKABUMI","SMI","CISAAT","SMI034","JB"
"JAWA BARAT","KAB. SUKABUMI","KADUDAMPIT","JAWA BARAT","SUKABUMI","SMI","KADUDAMPIT","SMI036","JB"
"JAWA BARAT","KAB. SUKABUMI","CARINGIN","JAWA BARAT","SUKABUMI","SMI","CARINGIN-SMI","SMI032","JB"
"JAWA BARAT","KAB. SUKABUMI","SUKABUMI","JAWA BARAT","SUKABUMI","SMI","SUKABUMI-SMI","SMI010","JB"
"JAWA BARAT","KAB. SUKABUMI","SUKARAJA","JAWA BARAT","SUKABUMI","SMI","SUKARAJA-SMI","SMI028","JB"
"JAWA BARAT","KAB. SUKABUMI","KEBONPEDES","JAWA BARAT","SUKABUMI","SMI","KEBONPEDES","SMI031","JB"
"JAWA BARAT","KAB. SUKABUMI","CIREUNGHAS","JAWA BARAT","SUKABUMI","SMI","CIREUNGHAS","SMI029","JB"
"JAWA BARAT","KAB. SUKABUMI","SUKALARANG","JAWA BARAT","SUKABUMI","SMI","SUKALARANG","SMI027","JB"
"JAWA BARAT","KAB. SUKABUMI","PABUARAN","JAWA BARAT","SUKABUMI","SMI","PABUARAN-SMI","SMI015","JB"
"JAWA BARAT","KAB. SUKABUMI","PURABAYA","JAWA BARAT","SUKABUMI","SMI","PURABAYA","SMI016","JB"
"JAWA BARAT","KAB. SUKABUMI","NYALINDUNG","JAWA BARAT","SUKABUMI","SMI","NYALINDUNG","SMI009","JB"
"JAWA BARAT","KAB. SUKABUMI","GEGERBITUNG","JAWA BARAT","SUKABUMI","SMI","GEGER BITUNG","SMI030","JB"
"JAWA BARAT","KAB. SUKABUMI","SAGARANTEN","JAWA BARAT","SUKABUMI","SMI","SAGARANTEN","SMI017","JB"
"JAWA BARAT","KAB. SUKABUMI","CURUGKEMBAR","JAWA BARAT","SUKABUMI","SMI","CURUGKEMBAR","SMI014","JB"
"JAWA BARAT","KAB. SUKABUMI","CIDOLOG","JAWA BARAT","SUKABUMI","SMI","CIDOLOG-SMI","SMI012","JB"
"JAWA BARAT","KAB. SUKABUMI","CIDADAP","JAWA BARAT","SUKABUMI","SMI","CIDADAP-SMI","SMI011","JB"
"JAWA BARAT","KAB. SUKABUMI","TEGALBULEUD","JAWA BARAT","PELABUHAN RATU","PER","TEGAL BULEUD","PER009","JB"
"JAWA BARAT","KAB. SUKABUMI","CIMANGGU","JAWA BARAT","PELABUHAN RATU","PER","CIMANGGU-PER","PER016","JB"
"JAWA BARAT","KAB. SUKABUMI","CIAMBAR","JAWA BARAT","SUKABUMI","SMI","CIAMBAR","SMI023","JB"
"JAWA BARAT","KAB. SUMEDANG","WADO","JAWA BARAT","SUMEDANG","SUM","WADO","SUM026","JB"
"JAWA BARAT","KAB. SUMEDANG","JATINUNGGAL","JAWA BARAT","SUMEDANG","SUM","JATINUNGGAL","SUM024","JB"
"JAWA BARAT","KAB. SUMEDANG","DARMARAJA","JAWA BARAT","SUMEDANG","SUM","DARMARAJA","SUM022","JB"
"JAWA BARAT","KAB. SUMEDANG","CIBUGEL","JAWA BARAT","SUMEDANG","SUM","CIBUGEL","SUM019","JB"
"JAWA BARAT","KAB. SUMEDANG","CISITU","JAWA BARAT","SUMEDANG","SUM","CISITU","SUM021","JB"
"JAWA BARAT","KAB. SUMEDANG","SITURAJA","JAWA BARAT","SUMEDANG","SUM","SITURAJA","SUM025","JB"
"JAWA BARAT","KAB. SUMEDANG","CONGGEANG","JAWA BARAT","SUMEDANG","SUM","CONGGEANG","SUM017","JB"
"JAWA BARAT","KAB. SUMEDANG","PASEH","JAWA BARAT","SUMEDANG","SUM","PASEH-SUM","SUM015","JB"
"JAWA BARAT","KAB. SUMEDANG","SURIAN","JAWA BARAT","SUMEDANG","SUM","SURIAN","SUM014","JB"
"JAWA BARAT","KAB. SUMEDANG","BUAHDUA","JAWA BARAT","SUMEDANG","SUM","BUAHDUA","SUM018","JB"
"JAWA BARAT","KAB. SUMEDANG","TANJUNGSARI","JAWA BARAT","SUMEDANG","SUM","TANJUNGSARI-SUM","SUM008","JB"
"JAWA BARAT","KAB. SUMEDANG","SUKASARI","JAWA BARAT","SUMEDANG","SUM","SUKASARI-SUM","SUM003","JB"
"JAWA BARAT","KAB. SUMEDANG","PAMULIHAN","JAWA BARAT","SUMEDANG","SUM","PAMULIHAN-SUM","SUM009","JB"
"JAWA BARAT","KAB. SUMEDANG","CIMANGGUNG","JAWA BARAT","SUMEDANG","SUM","CIMANGGUNG","SUM011","JB"
"JAWA BARAT","KAB. SUMEDANG","JATINANGOR","JAWA BARAT","SUMEDANG","SUM","JATINANGOR","SUM010","JB"
"JAWA BARAT","KAB. SUMEDANG","RANCAKALONG","JAWA BARAT","SUMEDANG","SUM","RANCAKALONG","SUM002","JB"
"JAWA BARAT","KAB. SUMEDANG","SUMEDANG SELATAN","JAWA BARAT","SUMEDANG","SUM","SUMEDANG SELATAN","SUM004","JB"
"JAWA BARAT","KAB. SUMEDANG","SUMEDANG UTARA","JAWA BARAT","SUMEDANG","SUM","SUMEDANG UTARA","SUM005","JB"
"JAWA BARAT","KAB. SUMEDANG","GANEAS","JAWA BARAT","SUMEDANG","SUM","GANEAS","SUM023","JB"
"JAWA BARAT","KAB. SUMEDANG","TANJUNGKERTA","JAWA BARAT","SUMEDANG","SUM","TANJUNGKERTA","SUM006","JB"
"JAWA BARAT","KAB. SUMEDANG","TANJUNGMEDAR","JAWA BARAT","SUMEDANG","SUM","TANJUNGMEDAR","SUM007","JB"
"JAWA BARAT","KAB. SUMEDANG","CIMALAKA","JAWA BARAT","SUMEDANG","SUM","CIMALAKA","SUM001","JB"
"JAWA BARAT","KAB. SUMEDANG","CISARUA","JAWA BARAT","SUMEDANG","SUM","CISARUA-SUM","SUM020","JB"
"JAWA BARAT","KAB. SUMEDANG","TOMO","JAWA BARAT","SUMEDANG","SUM","TOMO","SUM012","JB"
"JAWA BARAT","KAB. SUMEDANG","UJUNGJAYA","JAWA BARAT","SUMEDANG","SUM","UJUNG JAYA","SUM013","JB"
"JAWA BARAT","KAB. SUMEDANG","JATIGEDE","JAWA BARAT","SUMEDANG","SUM","JATIGEDE","SUM016","JB"
"JAWA BARAT","KAB. TASIKMALAYA","CIPATUJAH","JAWA BARAT","SINGAPARNA","SIN","CIPATUJAH","SIN031","JB"
"JAWA BARAT","KAB. TASIKMALAYA","KARANGNUNGGAL","JAWA BARAT","SINGAPARNA","SIN","KARANG NUNGGAL","SIN033","JB"
"JAWA BARAT","KAB. TASIKMALAYA","CIKALONG","JAWA BARAT","SINGAPARNA","SIN","CIKALONG","SIN029","JB"
"JAWA BARAT","KAB. TASIKMALAYA","PANCATENGAH","JAWA BARAT","SINGAPARNA","SIN","PANCA TENGAH","SIN034","JB"
"JAWA BARAT","KAB. TASIKMALAYA","CIKATOMAS","JAWA BARAT","SINGAPARNA","SIN","CIKATOMAS","SIN030","JB"
"JAWA BARAT","KAB. TASIKMALAYA","CIBALONG","JAWA BARAT","SINGAPARNA","SIN","CIBALONG-SIN","SIN028","JB"
"JAWA BARAT","KAB. TASIKMALAYA","PARUNGPONTENG","JAWA BARAT","SINGAPARNA","SIN","PARUNG PONTENG","SIN035","JB"
"JAWA BARAT","KAB. TASIKMALAYA","BANTARKALONG","JAWA BARAT","SINGAPARNA","SIN","BANTAR KALONG","SIN014","JB"
"JAWA BARAT","KAB. TASIKMALAYA","BOJONGASIH","JAWA BARAT","SINGAPARNA","SIN","BOJONG ASIH","SIN027","JB"
"JAWA BARAT","KAB. TASIKMALAYA","CULAMEGA","JAWA BARAT","SINGAPARNA","SIN","CULAMEGA","SIN032","JB"
"JAWA BARAT","KAB. TASIKMALAYA","BOJONGGAMBIR","JAWA BARAT","SINGAPARNA","SIN","BOJONG GAMBIR","SIN015","JB"
"JAWA BARAT","KAB. TASIKMALAYA","SODONGHILIR","JAWA BARAT","SINGAPARNA","SIN","SODONGHILIR","SIN013","JB"
"JAWA BARAT","KAB. TASIKMALAYA","TARAJU","JAWA BARAT","SINGAPARNA","SIN","TARAJU","SIN011","JB"
"JAWA BARAT","KAB. TASIKMALAYA","SALAWU","JAWA BARAT","SINGAPARNA","SIN","SALAWU","SIN005","JB"
"JAWA BARAT","KAB. TASIKMALAYA","PUSPAHIANG","JAWA BARAT","SINGAPARNA","SIN","PUSPAHIANG","SIN004","JB"
"JAWA BARAT","KAB. TASIKMALAYA","TANJUNGJAYA","JAWA BARAT","SINGAPARNA","SIN","TANJUNGJAYA","SIN010","JB"
"JAWA BARAT","KAB. TASIKMALAYA","SUKARAJA","JAWA BARAT","SINGAPARNA","SIN","SUKARAJA-SIN","SIN026","JB"
"JAWA BARAT","KAB. TASIKMALAYA","SALOPA","JAWA BARAT","SINGAPARNA","SIN","SALOPA","SIN020","JB"
"JAWA BARAT","KAB. TASIKMALAYA","JATIWARAS","JAWA BARAT","SINGAPARNA","SIN","JATIWARAS","SIN023","JB"
"JAWA BARAT","KAB. TASIKMALAYA","CINEAM","JAWA BARAT","SINGAPARNA","SIN","CINEAM","SIN025","JB"
"JAWA BARAT","KAB. TASIKMALAYA","KARANG JAYA","JAWA BARAT","SINGAPARNA","SIN","KARANG JAYA-SIN","SIN024","JB"
"JAWA BARAT","KAB. TASIKMALAYA","MANONJAYA","JAWA BARAT","SINGAPARNA","SIN","MANONJAYA","SIN021","JB"
"JAWA BARAT","KAB. TASIKMALAYA","GUNUNG TANJUNG","JAWA BARAT","SINGAPARNA","SIN","GUNUNG TANJUNG","SIN022","JB"
"JAWA BARAT","KAB. TASIKMALAYA","SINGAPARNA","JAWA BARAT","SINGAPARNA","SIN","SINGAPARNA","SIN001","JB"
"JAWA BARAT","KAB. TASIKMALAYA","MANGUNREJA","JAWA BARAT","SINGAPARNA","SIN","MANGUNREJA","SIN002","JB"
"JAWA BARAT","KAB. TASIKMALAYA","SUKARAME","JAWA BARAT","SINGAPARNA","SIN","SUKARAME-SIN","SIN008","JB"
"JAWA BARAT","KAB. TASIKMALAYA","CIGALONTANG","JAWA BARAT","SINGAPARNA","SIN","CIGALONTANG","SIN006","JB"
"JAWA BARAT","KAB. TASIKMALAYA","LEUWISARI","JAWA BARAT","SINGAPARNA","SIN","LEUWISARI","SIN012","JB"
"JAWA BARAT","KAB. TASIKMALAYA","PADAKEMBANG","JAWA BARAT","SINGAPARNA","SIN","PADAKEMBANG","SIN003","JB"
"JAWA BARAT","KAB. TASIKMALAYA","SARIWANGI","JAWA BARAT","SINGAPARNA","SIN","SARIWANGI","SIN007","JB"
"JAWA BARAT","KAB. TASIKMALAYA","SUKARATU","JAWA BARAT","SINGAPARNA","SIN","SUKARATU","SIN009","JB"
"JAWA BARAT","KAB. TASIKMALAYA","CISAYONG","JAWA BARAT","SINGAPARNA","SIN","CISAYONG","SIN039","JB"
"JAWA BARAT","KAB. TASIKMALAYA","SUKAHENING","JAWA BARAT","SINGAPARNA","SIN","SUKAHENING","SIN036","JB"
"JAWA BARAT","KAB. TASIKMALAYA","RAJAPOLAH","JAWA BARAT","SINGAPARNA","SIN","RAJAPOLAH","SIN037","JB"
"JAWA BARAT","KAB. TASIKMALAYA","JAMANIS","JAWA BARAT","SINGAPARNA","SIN","JAMANIS","SIN038","JB"
"JAWA BARAT","KAB. TASIKMALAYA","CIAWI","JAWA BARAT","SINGAPARNA","SIN","CIAWI-SIN","SIN016","JB"
"JAWA BARAT","KAB. TASIKMALAYA","KADIPATEN","JAWA BARAT","SINGAPARNA","SIN","KADIPATEN-SIN","SIN017","JB"
"JAWA BARAT","KAB. TASIKMALAYA","PAGERAGEUNG","JAWA BARAT","SINGAPARNA","SIN","PAGERAGEUNG","SIN018","JB"
"JAWA BARAT","KAB. TASIKMALAYA","SUKARESIK","JAWA BARAT","SINGAPARNA","SIN","SUKARESIK","SIN019","JB"
"JAWA BARAT","KOTA BANDUNG","SUKASARI","JAWA BARAT","BANDUNG","BDO","SUKASARI-BDO","BDO007","JB"
"JAWA BARAT","KOTA BANDUNG","COBLONG","JAWA BARAT","BANDUNG","BDO","COBLONG","BDO018","JB"
"JAWA BARAT","KOTA BANDUNG","BABAKAN CIPARAY","JAWA BARAT","BANDUNG","BDO","BABAKAN CIPARAY","BDO008","JB"
"JAWA BARAT","KOTA BANDUNG","BOJONGLOA KALER","JAWA BARAT","BANDUNG","BDO","BOJONGLOA KALER","BDO027","JB"
"JAWA BARAT","KOTA BANDUNG","ANDIR","JAWA BARAT","BANDUNG","BDO","ANDIR","BDO028","JB"
"JAWA BARAT","KOTA BANDUNG","CICENDO","JAWA BARAT","BANDUNG","BDO","CICENDO","BDO011","JB"
"JAWA BARAT","KOTA BANDUNG","SUKAJADI","JAWA BARAT","BANDUNG","BDO","SUKAJADI-BDO","BDO020","JB"
"JAWA BARAT","KOTA BANDUNG","CIDADAP","JAWA BARAT","BANDUNG","BDO","CIDADAP-BDO","BDO012","JB"
"JAWA BARAT","KOTA BANDUNG","BANDUNG WETAN","JAWA BARAT","BANDUNG","BDO","BANDUNG WETAN","BDO010","JB"
"JAWA BARAT","KOTA BANDUNG","ASTANA ANYAR","JAWA BARAT","BANDUNG","BDO","ASTANA ANYAR","BDO009","JB"
"JAWA BARAT","KOTA BANDUNG","REGOL","JAWA BARAT","BANDUNG","BDO","REGOL","BDO025","JB"
"JAWA BARAT","KOTA BANDUNG","BATUNUNGGAL","JAWA BARAT","BANDUNG","BDO","BATU NUNGGAL","BDO019","JB"
"JAWA BARAT","KOTA BANDUNG","LENGKONG","JAWA BARAT","BANDUNG","BDO","LENGKONG-BDO","BDO022","JB"
"JAWA BARAT","KOTA BANDUNG","CIBEUNYING KIDUL","JAWA BARAT","BANDUNG","BDO","CIBEUNYING KIDUL-BDO","BDO002","JB"
"JAWA BARAT","KOTA BANDUNG","BANDUNG KULON","JAWA BARAT","BANDUNG","BDO","BANDUNG KULON","BDO021","JB"
"JAWA BARAT","KOTA BANDUNG","KIARACONDONG","JAWA BARAT","BANDUNG","BDO","KIARACONDONG","BDO030","JB"
"JAWA BARAT","KOTA BANDUNG","BOJONGLOA KIDUL","JAWA BARAT","BANDUNG","BDO","BOJONGLOA KIDUL","BDO023","JB"
"JAWA BARAT","KOTA BANDUNG","CIBEUNYING KALER","JAWA BARAT","BANDUNG","BDO","CIBEUNYING KALER","BDO013","JB"
"JAWA BARAT","KOTA BANDUNG","SUMUR BANDUNG","JAWA BARAT","BANDUNG","BDO","SUMUR BANDUNG","BDO026","JB"
"JAWA BARAT","KOTA BANDUNG","ANTAPANI","JAWA BARAT","BANDUNG","BDO","ANTAPANI","BDO029","JB"
"JAWA BARAT","KOTA BANDUNG","BANDUNG KIDUL","JAWA BARAT","BANDUNG","BDO","BANDUNG KIDUL","BDO024","JB"
"JAWA BARAT","KOTA BANDUNG","BUAHBATU","JAWA BARAT","BANDUNG","BDO","BUAH BATU","BDO001","JB"
"JAWA BARAT","KOTA BANDUNG","RANCASARI","JAWA BARAT","BANDUNG","BDO","RANCASARI","BDO006","JB"
"JAWA BARAT","KOTA BANDUNG","ARCAMANIK","JAWA BARAT","BANDUNG","BDO","ARCAMANIK","BDO017","JB"
"JAWA BARAT","KOTA BANDUNG","CIBIRU","JAWA BARAT","BANDUNG","BDO","CIBIRU","BDO015","JB"
"JAWA BARAT","KOTA BANDUNG","UJUNGBERUNG","JAWA BARAT","BANDUNG","BDO","UJUNG BERUNG","BDO014","JB"
"JAWA BARAT","KOTA BANDUNG","GEDEBAGE","JAWA BARAT","BANDUNG","BDO","GEDE BAGE","BDO004","JB"
"JAWA BARAT","KOTA BANDUNG","PANYILEUKAN","JAWA BARAT","BANDUNG","BDO","PANYILEUKAN","BDO005","JB"
"JAWA BARAT","KOTA BANDUNG","CINAMBO","JAWA BARAT","BANDUNG","BDO","CINAMBO","BDO003","JB"
"JAWA BARAT","KOTA BANDUNG","MANDALAJATI","JAWA BARAT","BANDUNG","BDO","MANDALA JATI","BDO016","JB"
"JAWA BARAT","KOTA BANJAR","BANJAR","JAWA BARAT","BANJAR","BJA","BANJAR-BJA","BJA001","JB"
"JAWA BARAT","KOTA BANJAR","PATARUMAN","JAWA BARAT","BANJAR","BJA","PATARUMAN","BJA003","JB"
"JAWA BARAT","KOTA BANJAR","PURWAHARJA","JAWA BARAT","BANJAR","BJA","PURWAHARJA","BJA004","JB"
"JAWA BARAT","KOTA BANJAR","LANGENSARI","JAWA BARAT","BANJAR","BJA","LANGENSARI","BJA002","JB"
"JAWA BARAT","KOTA BEKASI","BEKASI TIMUR","JAWA BARAT","BEKASI","BKI","BEKASI TIMUR","BKI015","JB"
"JAWA BARAT","KOTA BEKASI","BEKASI BARAT","JAWA BARAT","BEKASI","BKI","BEKASI BARAT","BKI008","JB"
"JAWA BARAT","KOTA BEKASI","BEKASI UTARA","JAWA BARAT","BEKASI","BKI","BEKASI UTARA","BKI001","JB"
"JAWA BARAT","KOTA BEKASI","BEKASI SELATAN","JAWA BARAT","BEKASI","BKI","BEKASI SELATAN","BKI010","JB"
"JAWA BARAT","KOTA BEKASI","RAWALUMBU","JAWA BARAT","BEKASI","BKI","RAWA LUMBU","BKI011","JB"
"JAWA BARAT","KOTA BEKASI","MEDANSATRIA","JAWA BARAT","BEKASI","BKI","MEDAN SATRIA","BKI005","JB"
"JAWA BARAT","KOTA BEKASI","BANTARGEBANG","JAWA BARAT","BEKASI","BKI","BANTAR GEBANG","BKI012","JB"
"JAWA BARAT","KOTA BEKASI","PONDOKGEDE","JAWA BARAT","BEKASI","BKI","PONDOK GEDE","BKI007","JB"
"JAWA BARAT","KOTA BEKASI","JATIASIH","JAWA BARAT","BEKASI","BKI","JATI ASIH","BKI003","JB"
"JAWA BARAT","KOTA BEKASI","JATISAMPURNA","JAWA BARAT","BEKASI","BKI","JATI SAMPURNA","BKI006","JB"
"JAWA BARAT","KOTA BEKASI","MUSTIKAJAYA","JAWA BARAT","BEKASI","BKI","MUSTIKA JAYA","BKI002","JB"
"JAWA BARAT","KOTA BEKASI","PONDOKMELATI","JAWA BARAT","BEKASI","BKI","PONDOK MELATI","BKI009","JB"
"JAWA BARAT","KOTA BOGOR","BOGOR SELATAN","JAWA BARAT","BOGOR","BGR","BOGOR SELATAN","BGR004","JB"
"JAWA BARAT","KOTA BOGOR","BOGOR TIMUR","JAWA BARAT","BOGOR","BGR","BOGOR TIMUR","BGR003","JB"
"JAWA BARAT","KOTA BOGOR","BOGOR TENGAH","JAWA BARAT","BOGOR","BGR","BOGOR TENGAH","BGR005","JB"
"JAWA BARAT","KOTA BOGOR","BOGOR BARAT","JAWA BARAT","BOGOR","BGR","BOGOR BARAT","BGR006","JB"
"JAWA BARAT","KOTA BOGOR","BOGOR UTARA","JAWA BARAT","BOGOR","BGR","BOGOR UTARA","BGR001","JB"
"JAWA BARAT","KOTA BOGOR","TANAH SAREAL","JAWA BARAT","BOGOR","BGR","TANAH SEREAL","BGR002","JB"
"JAWA BARAT","KOTA CIMAHI","CIMAHI SELATAN","JAWA BARAT","CIMAHI","CIM","CIMAHI SELATAN","CIM001","JB"
"JAWA BARAT","KOTA CIMAHI","CIMAHI TENGAH","JAWA BARAT","CIMAHI","CIM","CIMAHI TENGAH","CIM002","JB"
"JAWA BARAT","KOTA CIMAHI","CIMAHI UTARA","JAWA BARAT","CIMAHI","CIM","CIMAHI UTARA","CIM003","JB"
"JAWA BARAT","KOTA CIREBON","KEJAKSAN","JAWA BARAT","CIREBON","CRN","KEJAKSAN","CRN001","JB"
"JAWA BARAT","KOTA CIREBON","LEMAH WUNGKUK","JAWA BARAT","CIREBON","CRN","LEMAH WUNGKUK","CRN004","JB"
"JAWA BARAT","KOTA CIREBON","HARJAMUKTI","JAWA BARAT","CIREBON","CRN","HARJAMUKTI","CRN003","JB"
"JAWA BARAT","KOTA CIREBON","PEKALIPAN","JAWA BARAT","CIREBON","CRN","PEKALIPAN","CRN005","JB"
"JAWA BARAT","KOTA CIREBON","KESAMBI","JAWA BARAT","CIREBON","CRN","KESAMBI","CRN002","JB"
"JAWA BARAT","KOTA DEPOK","PANCORAN MAS","JAWA BARAT","DEPOK","DPK","PANCORAN MAS","DPK001","JB"
"JAWA BARAT","KOTA DEPOK","CIMANGGIS","JAWA BARAT","DEPOK","DPK","CIMANGGIS","DPK002","JB"
"JAWA BARAT","KOTA DEPOK","SAWANGAN","JAWA BARAT","DEPOK","DPK","SAWANGAN-DPK","DPK003","JB"
"JAWA BARAT","KOTA DEPOK","LIMO","JAWA BARAT","DEPOK","DPK","LIMO","DPK005","JB"
"JAWA BARAT","KOTA DEPOK","SUKMAJAYA","JAWA BARAT","DEPOK","DPK","SUKMAJAYA","DPK004","JB"
"JAWA BARAT","KOTA DEPOK","BEJI","JAWA BARAT","DEPOK","DPK","BEJI-DPK","DPK006","JB"
"JAWA BARAT","KOTA DEPOK","CIPAYUNG","JAWA BARAT","DEPOK","DPK","CIPAYUNG-DPK","DPK011","JB"
"JAWA BARAT","KOTA DEPOK","CILODONG","JAWA BARAT","DEPOK","DPK","CILODONG","DPK009","JB"
"JAWA BARAT","KOTA DEPOK","CINERE","JAWA BARAT","DEPOK","DPK","CINERE","DPK008","JB"
"JAWA BARAT","KOTA DEPOK","TAPOS","JAWA BARAT","DEPOK","DPK","TAPOS","DPK007","JB"
"JAWA BARAT","KOTA DEPOK","BOJONGSARI","JAWA BARAT","DEPOK","DPK","BOJONGSARI-DPK","DPK010","JB"
"JAWA BARAT","KOTA SUKABUMI","GUNUNGPUYUH","JAWA BARAT","SUKABUMI","SMI","GUNUNG PUYUH","SMI005","JB"
"JAWA BARAT","KOTA SUKABUMI","CIKOLE","JAWA BARAT","SUKABUMI","SMI","CIKOLE","SMI007","JB"
"JAWA BARAT","KOTA SUKABUMI","CITAMIANG","JAWA BARAT","SUKABUMI","SMI","CITAMIANG","SMI006","JB"
"JAWA BARAT","KOTA SUKABUMI","WARUDOYONG","JAWA BARAT","SUKABUMI","SMI","WARUDOYONG","SMI003","JB"
"JAWA BARAT","KOTA SUKABUMI","BAROS","JAWA BARAT","SUKABUMI","SMI","BAROS-SMI","SMI001","JB"
"JAWA BARAT","KOTA SUKABUMI","LEMBURSITU","JAWA BARAT","SUKABUMI","SMI","LEMBURSITU","SMI004","JB"
"JAWA BARAT","KOTA SUKABUMI","CIBEUREUM","JAWA BARAT","SUKABUMI","SMI","CIBEUREUM HILIR","SMI002","JB"
"JAWA BARAT","KOTA TASIKMALAYA","CIHIDEUNG","JAWA BARAT","TASIKMALAYA","TSK","CIHIDEUNG","TSK002","JB"
"JAWA BARAT","KOTA TASIKMALAYA","CIPEDES","JAWA BARAT","TASIKMALAYA","TSK","CIPEDES","TSK006","JB"
"JAWA BARAT","KOTA TASIKMALAYA","TAWANG","JAWA BARAT","TASIKMALAYA","TSK","TAWANG","TSK005","JB"
"JAWA BARAT","KOTA TASIKMALAYA","INDIHIANG","JAWA BARAT","TASIKMALAYA","TSK","INDIHIANG","TSK007","JB"
"JAWA BARAT","KOTA TASIKMALAYA","KAWALU","JAWA BARAT","TASIKMALAYA","TSK","KAWALU","TSK003","JB"
"JAWA BARAT","KOTA TASIKMALAYA","CIBEUREUM","JAWA BARAT","TASIKMALAYA","TSK","CIBEUREUM","TSK001","JB"
"JAWA BARAT","KOTA TASIKMALAYA","TAMANSARI","JAWA BARAT","TASIKMALAYA","TSK","TAMANSARI-TSK","TSK004","JB"
"JAWA BARAT","KOTA TASIKMALAYA","MANGKUBUMI","JAWA BARAT","TASIKMALAYA","TSK","MANGKUBUMI","TSK008","JB"
"JAWA BARAT","KOTA TASIKMALAYA","BUNGURSARI","JAWA BARAT","TASIKMALAYA","TSK","BUNGURSARI-TSK","TSK010","JB"
"JAWA BARAT","KOTA TASIKMALAYA","PURBARATU","JAWA BARAT","TASIKMALAYA","TSK","PURBARATU","TSK009","JB"
"JAWA TENGAH","KAB. BANJARNEGARA","SUSUKAN","JAWA TENGAH","BANJARNEGARA","BJN","SUSUKAN-BJN","BJN009","JT"
"JAWA TENGAH","KAB. BANJARNEGARA","PURWOREJA KLAMPOK","JAWA TENGAH","BANJARNEGARA","BJN","PURWOREJO KLAMPOK","BJN011","JT"
"JAWA TENGAH","KAB. BANJARNEGARA","MANDIRAJA","JAWA TENGAH","BANJARNEGARA","BJN","MANDIRAJA","BJN013","JT"
"JAWA TENGAH","KAB. BANJARNEGARA","PURWANEGARA","JAWA TENGAH","BANJARNEGARA","BJN","PURWANEGARA","BJN010","JT"
"JAWA TENGAH","KAB. BANJARNEGARA","BAWANG","JAWA TENGAH","BANJARNEGARA","BJN","BAWANG-BJN","BJN003","JT"
"JAWA TENGAH","KAB. BANJARNEGARA","BANJARNEGARA","JAWA TENGAH","BANJARNEGARA","BJN","BANJARNEGARA","BJN002","JT"
"JAWA TENGAH","KAB. BANJARNEGARA","SIGALUH","JAWA TENGAH","BANJARNEGARA","BJN","SIGALUH","BJN007","JT"
"JAWA TENGAH","KAB. BANJARNEGARA","MADUKARA","JAWA TENGAH","BANJARNEGARA","BJN","MADUKARA","BJN004","JT"
"JAWA TENGAH","KAB. BANJARNEGARA","BANJARMANGU","JAWA TENGAH","BANJARNEGARA","BJN","BANJARMANGU","BJN001","JT"
"JAWA TENGAH","KAB. BANJARNEGARA","WANADADI","JAWA TENGAH","BANJARNEGARA","BJN","WANADADI","BJN008","JT"
"JAWA TENGAH","KAB. BANJARNEGARA","RAKIT","JAWA TENGAH","BANJARNEGARA","BJN","RAKIT","BJN012","JT"
"JAWA TENGAH","KAB. BANJARNEGARA","PUNGGELAN","JAWA TENGAH","BANJARNEGARA","BJN","PUNGGELAN","BJN006","JT"
"JAWA TENGAH","KAB. BANJARNEGARA","KARANGKOBAR","JAWA TENGAH","BANJARNEGARA","BJN","KARANGKOBAR","BJN019","JT"
"JAWA TENGAH","KAB. BANJARNEGARA","PAGENTAN","JAWA TENGAH","BANJARNEGARA","BJN","PEGENTAN","BJN017","JT"
"JAWA TENGAH","KAB. BANJARNEGARA","PEJAWARAN","JAWA TENGAH","BANJARNEGARA","BJN","PEJAWARAN","BJN016","JT"
"JAWA TENGAH","KAB. BANJARNEGARA","BATUR","JAWA TENGAH","BANJARNEGARA","BJN","BATUR","BJN020","JT"
"JAWA TENGAH","KAB. BANJARNEGARA","WANAYASA","JAWA TENGAH","BANJARNEGARA","BJN","WANAYASA-BJN","BJN014","JT"
"JAWA TENGAH","KAB. BANJARNEGARA","KALIBENING","JAWA TENGAH","BANJARNEGARA","BJN","KALIBENING","BJN018","JT"
"JAWA TENGAH","KAB. BANJARNEGARA","PANDANARUM","JAWA TENGAH","BANJARNEGARA","BJN","PANDANDARUM","BJN015","JT"
"JAWA TENGAH","KAB. BANJARNEGARA","PAGEDONGAN","JAWA TENGAH","BANJARNEGARA","BJN","PEGEDONGAN","BJN005","JT"
"JAWA TENGAH","KAB. BANYUMAS","LUMBIR","JAWA TENGAH","BANYUMAS","PWO","LUMBIR","PWO015","JT"
"JAWA TENGAH","KAB. BANYUMAS","WANGON","JAWA TENGAH","BANYUMAS","PWO","WANGON","PWO019","JT"
"JAWA TENGAH","KAB. BANYUMAS","JATILAWANG","JAWA TENGAH","BANYUMAS","PWO","JATILAWANG","PWO014","JT"
"JAWA TENGAH","KAB. BANYUMAS","RAWALO","JAWA TENGAH","BANYUMAS","PWO","RAWALO","PWO018","JT"
"JAWA TENGAH","KAB. BANYUMAS","KEBASEN","JAWA TENGAH","BANYUMAS","PWO","KEBASEN","PWO023","JT"
"JAWA TENGAH","KAB. BANYUMAS","KEMRANJEN","JAWA TENGAH","BANYUMAS","PWO","KEMRANJEN","PWO027","JT"
"JAWA TENGAH","KAB. BANYUMAS","SUMPIUH","JAWA TENGAH","BANYUMAS","PWO","SUMPIUH","PWO025","JT"
"JAWA TENGAH","KAB. BANYUMAS","TAMBAK","JAWA TENGAH","BANYUMAS","PWO","TAMBAK-PWO","PWO026","JT"
"JAWA TENGAH","KAB. BANYUMAS","SOMAGEDE","JAWA TENGAH","BANYUMAS","PWO","SOMAGEDE","PWO020","JT"
"JAWA TENGAH","KAB. BANYUMAS","KALIBAGOR","JAWA TENGAH","BANYUMAS","PWO","KALIBAGOR","PWO022","JT"
"JAWA TENGAH","KAB. BANYUMAS","BANYUMAS","JAWA TENGAH","BANYUMAS","PWO","BANYUMAS-PWO","PWO021","JT"
"JAWA TENGAH","KAB. BANYUMAS","PATIKRAJA","JAWA TENGAH","BANYUMAS","PWO","PATIKRAJA","PWO024","JT"
"JAWA TENGAH","KAB. BANYUMAS","PURWOJATI","JAWA TENGAH","BANYUMAS","PWO","PURWOJATI","PWO017","JT"
"JAWA TENGAH","KAB. BANYUMAS","AJIBARANG","JAWA TENGAH","BANYUMAS","PWO","AJIBARANG","PWO011","JT"
"JAWA TENGAH","KAB. BANYUMAS","GUMELAR","JAWA TENGAH","BANYUMAS","PWO","GUMELAR","PWO013","JT"
"JAWA TENGAH","KAB. BANYUMAS","PEKUNCEN","JAWA TENGAH","BANYUMAS","PWO","PEKUNCEN","PWO016","JT"
"JAWA TENGAH","KAB. BANYUMAS","CILONGOK","JAWA TENGAH","BANYUMAS","PWO","CILONGOK","PWO012","JT"
"JAWA TENGAH","KAB. BANYUMAS","KARANGLEWAS","JAWA TENGAH","BANYUMAS","PWO","KARANGLEWAS","PWO006","JT"
"JAWA TENGAH","KAB. BANYUMAS","SOKARAJA","JAWA TENGAH","BANYUMAS","PWO","SOKARAJA","PWO009","JT"
"JAWA TENGAH","KAB. BANYUMAS","KEMBARAN","JAWA TENGAH","BANYUMAS","PWO","KIEMBARAN","PWO008","JT"
"JAWA TENGAH","KAB. BANYUMAS","SUMBANG","JAWA TENGAH","BANYUMAS","PWO","SUMBANG","PWO010","JT"
"JAWA TENGAH","KAB. BANYUMAS","BATURRADEN","JAWA TENGAH","BANYUMAS","PWO","BATURADEN","PWO005","JT"
"JAWA TENGAH","KAB. BANYUMAS","KEDUNGBANTENG","JAWA TENGAH","BANYUMAS","PWO","KEDUNG BANTENG","PWO007","JT"
"JAWA TENGAH","KAB. BANYUMAS","PURWOKERTO SELATAN","JAWA TENGAH","BANYUMAS","PWO","PURWOKERTO SELATAN","PWO002","JT"
"JAWA TENGAH","KAB. BANYUMAS","PURWOKERTO BARAT","JAWA TENGAH","BANYUMAS","PWO","PURWOKERTO BARAT","PWO001","JT"
"JAWA TENGAH","KAB. BANYUMAS","PURWOKERTO TIMUR","JAWA TENGAH","BANYUMAS","PWO","PURWOKERTO TIMUR","PWO003","JT"
"JAWA TENGAH","KAB. BANYUMAS","PURWOKERTO UTARA","JAWA TENGAH","BANYUMAS","PWO","PURWOKERTO UTARA","PWO004","JT"
"JAWA TENGAH","KAB. BATANG","WONOTUNGGAL","JAWA TENGAH","BATANG","BGG","WONOTUNGGAL","BGG002","JT"
"JAWA TENGAH","KAB. BATANG","BANDAR","JAWA TENGAH","BATANG","BGG","BANDAR-BGG","BGG011","JT"
"JAWA TENGAH","KAB. BATANG","BLADO","JAWA TENGAH","BATANG","BGG","BLADO","BGG012","JT"
"JAWA TENGAH","KAB. BATANG","REBAN","JAWA TENGAH","BATANG","BGG","REBAN","BGG013","JT"
"JAWA TENGAH","KAB. BATANG","BAWANG","JAWA TENGAH","BATANG","BGG","BAWANG-BGG","BGG014","JT"
"JAWA TENGAH","KAB. BATANG","TERSONO","JAWA TENGAH","BATANG","BGG","TERSONO","BGG006","JT"
"JAWA TENGAH","KAB. BATANG","GRINGSING","JAWA TENGAH","BATANG","BGG","GRINGSING","BGG007","JT"
"JAWA TENGAH","KAB. BATANG","LIMPUNG","JAWA TENGAH","BATANG","BGG","LIMPUNG","BGG005","JT"
"JAWA TENGAH","KAB. BATANG","SUBAH","JAWA TENGAH","BATANG","BGG","SUBAH-BGG","BGG008","JT"
"JAWA TENGAH","KAB. BATANG","TULIS","JAWA TENGAH","BATANG","BGG","TULIS","BGG003","JT"
"JAWA TENGAH","KAB. BATANG","BATANG","JAWA TENGAH","BATANG","BGG","BATANG-BGG","BGG015","JT"
"JAWA TENGAH","KAB. BATANG","WARUNGASEM","JAWA TENGAH","BATANG","BGG","WARUNGASEM","BGG001","JT"
"JAWA TENGAH","KAB. BATANG","KANDEMAN","JAWA TENGAH","BATANG","BGG","KANDEMAN","BGG004","JT"
"JAWA TENGAH","KAB. BATANG","PECALUNGAN","JAWA TENGAH","BATANG","BGG","PACALUNGAN","BGG010","JT"
"JAWA TENGAH","KAB. BATANG","BANYUPUTIH","JAWA TENGAH","BATANG","BGG","BANYUPUTIH-BGG","BGG009","JT"
"JAWA TENGAH","KAB. BLORA","JATI","JAWA TENGAH","BLORA","BOL","JATI-BOL","BOL003","JT"
"JAWA TENGAH","KAB. BLORA","RANDUBLATUNG","JAWA TENGAH","CEPU","CEU","RANDUBLATUNG","CEU006","JT"
"JAWA TENGAH","KAB. BLORA","KRADENAN","JAWA TENGAH","CEPU","CEU","KRADENAN-CEU","CEU004","JT"
"JAWA TENGAH","KAB. BLORA","KEDUNGTUBAN","JAWA TENGAH","CEPU","CEU","KEDUNGTUBAN","CEU003","JT"
"JAWA TENGAH","KAB. BLORA","CEPU","JAWA TENGAH","CEPU","CEU","CEPU","CEU001","JT"
"JAWA TENGAH","KAB. BLORA","SAMBONG","JAWA TENGAH","CEPU","CEU","SAMBONG","CEU002","JT"
"JAWA TENGAH","KAB. BLORA","JIKEN","JAWA TENGAH","CEPU","CEU","JIKEN","CEU005","JT"
"JAWA TENGAH","KAB. BLORA","JEPON","JAWA TENGAH","BLORA","BOL","JEPON","BOL004","JT"
"JAWA TENGAH","KAB. BLORA","BLORA","JAWA TENGAH","BLORA","BOL","BLORA","BOL001","JT"
"JAWA TENGAH","KAB. BLORA","TUNJUNGAN","JAWA TENGAH","BLORA","BOL","TUNJANGAN","BOL005","JT"
"JAWA TENGAH","KAB. BLORA","BANJAREJO","JAWA TENGAH","BLORA","BOL","BANJAREJO","BOL010","JT"
"JAWA TENGAH","KAB. BLORA","NGAWEN","JAWA TENGAH","BLORA","BOL","NGAWEN-BOL","BOL007","JT"
"JAWA TENGAH","KAB. BLORA","KUNDURAN","JAWA TENGAH","BLORA","BOL","KUNDURAN","BOL006","JT"
"JAWA TENGAH","KAB. BLORA","TODANAN","JAWA TENGAH","BLORA","BOL","TODANAN","BOL008","JT"
"JAWA TENGAH","KAB. BLORA","BOGOREJO","JAWA TENGAH","BLORA","BOL","BOGOREJO","BOL002","JT"
"JAWA TENGAH","KAB. BLORA","JAPAH","JAWA TENGAH","BLORA","BOL","JAPAH","BOL009","JT"
"JAWA TENGAH","KAB. BOYOLALI","SELO","JAWA TENGAH","BOYOLALI","BYL","SELO","BYL001","JT"
"JAWA TENGAH","KAB. BOYOLALI","AMPEL","JAWA TENGAH","BOYOLALI","BYL","AMPEL","BYL002","JT"
"JAWA TENGAH","KAB. BOYOLALI","CEPOGO","JAWA TENGAH","BOYOLALI","BYL","CEPOGO","BYL003","JT"
"JAWA TENGAH","KAB. BOYOLALI","MUSUK","JAWA TENGAH","BOYOLALI","BYL","MUSUK","BYL004","JT"
"JAWA TENGAH","KAB. BOYOLALI","BOYOLALI","JAWA TENGAH","BOYOLALI","BYL","BOYOLALI","BYL005","JT"
"JAWA TENGAH","KAB. BOYOLALI","MOJOSONGO","JAWA TENGAH","BOYOLALI","BYL","MOJOSONGO","BYL006","JT"
"JAWA TENGAH","KAB. BOYOLALI","TERAS","JAWA TENGAH","BOYOLALI","BYL","TERAS","BYL007","JT"
"JAWA TENGAH","KAB. BOYOLALI","SAWIT","JAWA TENGAH","BOYOLALI","BYL","SAWIT","BYL008","JT"
"JAWA TENGAH","KAB. BOYOLALI","BANYUDONO","JAWA TENGAH","BOYOLALI","BYL","BANYUDONO","BYL009","JT"
"JAWA TENGAH","KAB. BOYOLALI","SAMBI","JAWA TENGAH","BOYOLALI","BYL","SAMBI","BYL010","JT"
"JAWA TENGAH","KAB. BOYOLALI","NGEMPLAK","JAWA TENGAH","BOYOLALI","BYL","NGEMPLAK-BYL","BYL011","JT"
"JAWA TENGAH","KAB. BOYOLALI","NOGOSARI","JAWA TENGAH","BOYOLALI","BYL","NOGOSARI","BYL012","JT"
"JAWA TENGAH","KAB. BOYOLALI","SIMO","JAWA TENGAH","BOYOLALI","BYL","SIMO","BYL013","JT"
"JAWA TENGAH","KAB. BOYOLALI","KARANGGEDE","JAWA TENGAH","BOYOLALI","BYL","KARANGGEDE","BYL014","JT"
"JAWA TENGAH","KAB. BOYOLALI","KLEGO","JAWA TENGAH","BOYOLALI","BYL","KLEGO","BYL015","JT"
"JAWA TENGAH","KAB. BOYOLALI","ANDONG","JAWA TENGAH","BOYOLALI","BYL","ANDONG","BYL016","JT"
"JAWA TENGAH","KAB. BOYOLALI","KEMUSU","JAWA TENGAH","BOYOLALI","BYL","KEMUSU","BYL017","JT"
"JAWA TENGAH","KAB. BOYOLALI","WONOSEGORO","JAWA TENGAH","BOYOLALI","BYL","WONOSEGORO","BYL018","JT"
"JAWA TENGAH","KAB. BOYOLALI","JUWANGI","JAWA TENGAH","BOYOLALI","BYL","JUWANGI","BYL019","JT"
"JAWA TENGAH","KAB. BREBES","SALEM","JAWA TENGAH","BREBES","BRB","SALEM","BRB017","JT"
"JAWA TENGAH","KAB. BREBES","BANTARKAWUNG","JAWA TENGAH","BREBES","BRB","BANTARKAWUNG","BRB009","JT"
"JAWA TENGAH","KAB. BREBES","BUMIAYU","JAWA TENGAH","BREBES","BRB","BUMIAYU","BRB008","JT"
"JAWA TENGAH","KAB. BREBES","PAGUYANGAN","JAWA TENGAH","BREBES","BRB","PAGUYANGAN","BRB010","JT"
"JAWA TENGAH","KAB. BREBES","SIRAMPOG","JAWA TENGAH","BREBES","BRB","SIRAMPOG","BRB011","JT"
"JAWA TENGAH","KAB. BREBES","TONJONG","JAWA TENGAH","BREBES","BRB","TONJONG","BRB012","JT"
"JAWA TENGAH","KAB. BREBES","JATIBARANG","JAWA TENGAH","BREBES","BRB","JATIBARANG-BRB","BRB003","JT"
"JAWA TENGAH","KAB. BREBES","WANASARI","JAWA TENGAH","BREBES","BRB","WANASARI","BRB007","JT"
"JAWA TENGAH","KAB. BREBES","BREBES","JAWA TENGAH","BREBES","BRB","BREBES","BRB001","JT"
"JAWA TENGAH","KAB. BREBES","SONGGOM","JAWA TENGAH","BREBES","BRB","SONGGOM","BRB005","JT"
"JAWA TENGAH","KAB. BREBES","KERSANA","JAWA TENGAH","BREBES","BRB","KERSANA","BRB016","JT"
"JAWA TENGAH","KAB. BREBES","LOSARI","JAWA TENGAH","BREBES","BRB","LOSARI-BRB","BRB004","JT"
"JAWA TENGAH","KAB. BREBES","TANJUNG","JAWA TENGAH","BREBES","BRB","TANJUNG-BRB","BRB006","JT"
"JAWA TENGAH","KAB. BREBES","BULAKAMBA","JAWA TENGAH","BREBES","BRB","BULAKAMBA","BRB002","JT"
"JAWA TENGAH","KAB. BREBES","LARANGAN","JAWA TENGAH","BREBES","BRB","LARANGAN-BRB","BRB014","JT"
"JAWA TENGAH","KAB. BREBES","KETANGGUNGAN","JAWA TENGAH","BREBES","BRB","KETANGGUNAN","BRB013","JT"
"JAWA TENGAH","KAB. BREBES","BANJARHARJO","JAWA TENGAH","BREBES","BRB","BANJARHARJO","BRB015","JT"
"JAWA TENGAH","KAB. CILACAP","KEDUNGREJA","JAWA TENGAH","CILACAP","CLP","KEDUNGREJA","CLP018","JT"
"JAWA TENGAH","KAB. CILACAP","KESUGIHAN","JAWA TENGAH","CILACAP","CLP","KESUGIHAN","CLP022","JT"
"JAWA TENGAH","KAB. CILACAP","ADIPALA","JAWA TENGAH","CILACAP","CLP","ADIPALA","CLP024","JT"
"JAWA TENGAH","KAB. CILACAP","BINANGUN","JAWA TENGAH","CILACAP","CLP","BINANGUN-CLP","CLP009","JT"
"JAWA TENGAH","KAB. CILACAP","NUSAWUNGU","JAWA TENGAH","CILACAP","CLP","NUSAWUNGU","CLP011","JT"
"JAWA TENGAH","KAB. CILACAP","KROYA","JAWA TENGAH","CILACAP","CLP","KROYA-CLP","CLP010","JT"
"JAWA TENGAH","KAB. CILACAP","MAOS","JAWA TENGAH","CILACAP","CLP","MAOS","CLP023","JT"
"JAWA TENGAH","KAB. CILACAP","JERUKLEGI","JAWA TENGAH","CILACAP","CLP","JERUK LEGI","CLP021","JT"
"JAWA TENGAH","KAB. CILACAP","KAWUNGANTEN","JAWA TENGAH","CILACAP","CLP","KAWUNGANTEN","CLP017","JT"
"JAWA TENGAH","KAB. CILACAP","GANDRUNGMANGU","JAWA TENGAH","CILACAP","CLP","GANDRUNGMANGU","CLP015","JT"
"JAWA TENGAH","KAB. CILACAP","SIDAREJA","JAWA TENGAH","CILACAP","CLP","SIDAREJA","CLP020","JT"
"JAWA TENGAH","KAB. CILACAP","KARANGPUCUNG","JAWA TENGAH","CILACAP","CLP","KARANG PUCUNG","CLP006","JT"
"JAWA TENGAH","KAB. CILACAP","CIMANGGU","JAWA TENGAH","CILACAP","CLP","CIMANGGU-CLP","CLP008","JT"
"JAWA TENGAH","KAB. CILACAP","MAJENANG","JAWA TENGAH","CILACAP","CLP","MAJENANG","CLP005","JT"
"JAWA TENGAH","KAB. CILACAP","WANAREJA","JAWA TENGAH","CILACAP","CLP","WANAREJA","CLP004","JT"
"JAWA TENGAH","KAB. CILACAP","DAYEUHLUHUR","JAWA TENGAH","CILACAP","CLP","DAYEUHLUHUR","CLP007","JT"
"JAWA TENGAH","KAB. CILACAP","SAMPANG","JAWA TENGAH","CILACAP","CLP","SAMPANG-CLP","CLP012","JT"
"JAWA TENGAH","KAB. CILACAP","CIPARI","JAWA TENGAH","CILACAP","CLP","CIPARI","CLP014","JT"
"JAWA TENGAH","KAB. CILACAP","PATIMUAN","JAWA TENGAH","CILACAP","CLP","PATIMUAN","CLP019","JT"
"JAWA TENGAH","KAB. CILACAP","BANTARSARI","JAWA TENGAH","CILACAP","CLP","BANTARSARI","CLP013","JT"
"JAWA TENGAH","KAB. CILACAP","CILACAP SELATAN","JAWA TENGAH","CILACAP","CLP","CILACAP SELATAN","CLP001","JT"
"JAWA TENGAH","KAB. CILACAP","CILACAP TENGAH","JAWA TENGAH","CILACAP","CLP","CILACAP TENGAH","CLP002","JT"
"JAWA TENGAH","KAB. CILACAP","CILACAP UTARA","JAWA TENGAH","CILACAP","CLP","CILACAP UTARA","CLP003","JT"
"JAWA TENGAH","KAB. CILACAP","KAMPUNG LAUT","JAWA TENGAH","CILACAP","CLP","KAMPUNG LAUT","CLP016","JT"
"JAWA TENGAH","KAB. DEMAK","MRANGGEN","JAWA TENGAH","DEMAK","DMK","MRANGGEN","DMK013","JT"
"JAWA TENGAH","KAB. DEMAK","KARANGAWEN","JAWA TENGAH","DEMAK","DMK","KARANGAWEN","DMK012","JT"
"JAWA TENGAH","KAB. DEMAK","GUNTUR","JAWA TENGAH","DEMAK","DMK","GUNTUR","DMK014","JT"
"JAWA TENGAH","KAB. DEMAK","SAYUNG","JAWA TENGAH","DEMAK","DMK","SAYUNG","DMK002","JT"
"JAWA TENGAH","KAB. DEMAK","KARANGTENGAH","JAWA TENGAH","DEMAK","DMK","KARANG TENGAH-DMK","DMK005","JT"
"JAWA TENGAH","KAB. DEMAK","WONOSALAM","JAWA TENGAH","DEMAK","DMK","WONOSALAM-DMK","DMK001","JT"
"JAWA TENGAH","KAB. DEMAK","DEMPET","JAWA TENGAH","DEMAK","DMK","DEMPET","DMK009","JT"
"JAWA TENGAH","KAB. DEMAK","GAJAH","JAWA TENGAH","DEMAK","DMK","GAJAH","DMK006","JT"
"JAWA TENGAH","KAB. DEMAK","KARANGANYAR","JAWA TENGAH","DEMAK","DMK","KARANGANYAR-DMK","DMK004","JT"
"JAWA TENGAH","KAB. DEMAK","MIJEN","JAWA TENGAH","DEMAK","DMK","MIJEN-DMK","DMK010","JT"
"JAWA TENGAH","KAB. DEMAK","DEMAK","JAWA TENGAH","DEMAK","DMK","DEMAK","DMK007","JT"
"JAWA TENGAH","KAB. DEMAK","BONANG","JAWA TENGAH","DEMAK","DMK","BONANG","DMK008","JT"
"JAWA TENGAH","KAB. DEMAK","WEDUNG","JAWA TENGAH","DEMAK","DMK","WEDUNG","DMK011","JT"
"JAWA TENGAH","KAB. DEMAK","KEBONAGUNG","JAWA TENGAH","DEMAK","DMK","KEBONAGUNG-DMK","DMK003","JT"
"JAWA TENGAH","KAB. GROBOGAN","KEDUNGJATI","JAWA TENGAH","GROBOGAN","PDD","KEDUNGJATI","PDD012","JT"
"JAWA TENGAH","KAB. GROBOGAN","KARANGRAYUNG","JAWA TENGAH","GROBOGAN","PDD","KARANGRAYUNG","PDD011","JT"
"JAWA TENGAH","KAB. GROBOGAN","PENAWANGAN","JAWA TENGAH","GROBOGAN","PDD","PENAWANGAN","PDD005","JT"
"JAWA TENGAH","KAB. GROBOGAN","TOROH","JAWA TENGAH","GROBOGAN","PDD","TOROH","PDD006","JT"
"JAWA TENGAH","KAB. GROBOGAN","GEYER","JAWA TENGAH","GROBOGAN","PDD","GEYER","PDD002","JT"
"JAWA TENGAH","KAB. GROBOGAN","PULOKULON","JAWA TENGAH","GROBOGAN","PDD","PULOKALON","PDD015","JT"
"JAWA TENGAH","KAB. GROBOGAN","KRADENAN","JAWA TENGAH","GROBOGAN","PDD","KRADENAN-PDD","PDD017","JT"
"JAWA TENGAH","KAB. GROBOGAN","GABUS","JAWA TENGAH","GROBOGAN","PDD","GABUS-PDD","PDD019","JT"
"JAWA TENGAH","KAB. GROBOGAN","NGARINGAN","JAWA TENGAH","GROBOGAN","PDD","NGARINGAN","PDD018","JT"
"JAWA TENGAH","KAB. GROBOGAN","WIROSARI","JAWA TENGAH","GROBOGAN","PDD","WIROSARI","PDD014","JT"
"JAWA TENGAH","KAB. GROBOGAN","TAWANGHARJO","JAWA TENGAH","GROBOGAN","PDD","TAWANGHARJO","PDD016","JT"
"JAWA TENGAH","KAB. GROBOGAN","GROBOGAN","JAWA TENGAH","GROBOGAN","PDD","GROBOGAN","PDD003","JT"
"JAWA TENGAH","KAB. GROBOGAN","PURWODADI","JAWA TENGAH","GROBOGAN","PDD","PURWODADI-PDD","PDD007","JT"
"JAWA TENGAH","KAB. GROBOGAN","BRATI","JAWA TENGAH","GROBOGAN","PDD","BRATI","PDD001","JT"
"JAWA TENGAH","KAB. GROBOGAN","KLAMBU","JAWA TENGAH","GROBOGAN","PDD","KLAMBU","PDD004","JT"
"JAWA TENGAH","KAB. GROBOGAN","GODONG","JAWA TENGAH","GROBOGAN","PDD","GODONG","PDD013","JT"
"JAWA TENGAH","KAB. GROBOGAN","GUBUG","JAWA TENGAH","GROBOGAN","PDD","GUBUG","PDD010","JT"
"JAWA TENGAH","KAB. GROBOGAN","TEGOWANU","JAWA TENGAH","GROBOGAN","PDD","TEGOWANU","PDD008","JT"
"JAWA TENGAH","KAB. GROBOGAN","TANGGUNGHARJO","JAWA TENGAH","GROBOGAN","PDD","TANGGUNGHARJO","PDD009","JT"
"JAWA TENGAH","KAB. JEPARA","KEDUNG","JAWA TENGAH","JEPARA","JPR","KEDUNG","JPR012","JT"
"JAWA TENGAH","KAB. JEPARA","PECANGAAN","JAWA TENGAH","JEPARA","JPR","PECANGAAN","JPR010","JT"
"JAWA TENGAH","KAB. JEPARA","WELAHAN","JAWA TENGAH","JEPARA","JPR","WELAHAN","JPR004","JT"
"JAWA TENGAH","KAB. JEPARA","MAYONG","JAWA TENGAH","JEPARA","JPR","MAYONG","JPR013","JT"
"JAWA TENGAH","KAB. JEPARA","BATEALIT","JAWA TENGAH","JEPARA","JPR","BATEALIT","JPR001","JT"
"JAWA TENGAH","KAB. JEPARA","JEPARA","JAWA TENGAH","JEPARA","JPR","JEPARA","JPR014","JT"
"JAWA TENGAH","KAB. JEPARA","MLONGGO","JAWA TENGAH","JEPARA","JPR","MLONGGO","JPR015","JT"
"JAWA TENGAH","KAB. JEPARA","BANGSRI","JAWA TENGAH","JEPARA","JPR","BANGSRI","JPR005","JT"
"JAWA TENGAH","KAB. JEPARA","KELING","JAWA TENGAH","JEPARA","JPR","KALING","JPR007","JT"
"JAWA TENGAH","KAB. JEPARA","KARIMUN JAWA","JAWA TENGAH","JEPARA","JPR","KARIMUNJAWA","JPR002","JT"
"JAWA TENGAH","KAB. JEPARA","TAHUNAN","JAWA TENGAH","JEPARA","JPR","TAHUNANAN","JPR003","JT"
"JAWA TENGAH","KAB. JEPARA","NALUMSARI","JAWA TENGAH","JEPARA","JPR","NALUMSARI","JPR011","JT"
"JAWA TENGAH","KAB. JEPARA","KALINYAMATAN","JAWA TENGAH","JEPARA","JPR","KALINYAMANTAN","JPR009","JT"
"JAWA TENGAH","KAB. JEPARA","KEMBANG","JAWA TENGAH","JEPARA","JPR","KEMBANG","JPR008","JT"
"JAWA TENGAH","KAB. JEPARA","PAKIS AJI","JAWA TENGAH","JEPARA","JPR","PAKIS AJI","JPR016","JT"
"JAWA TENGAH","KAB. JEPARA","DONOROJO","JAWA TENGAH","JEPARA","JPR","DONOREJO","JPR006","JT"
"JAWA TENGAH","KAB. KARANGANYAR","JATIPURO","JAWA TENGAH","KARANG ANYAR","KAA","JATIPURO","KAA002","JT"
"JAWA TENGAH","KAB. KARANGANYAR","JATIYOSO","JAWA TENGAH","KARANG ANYAR","KAA","JATIYOSO","KAA003","JT"
"JAWA TENGAH","KAB. KARANGANYAR","JUMAPOLO","JAWA TENGAH","KARANG ANYAR","KAA","JUMAPOLO","KAA006","JT"
"JAWA TENGAH","KAB. KARANGANYAR","JUMANTONO","JAWA TENGAH","KARANG ANYAR","KAA","JUMANTONO","KAA005","JT"
"JAWA TENGAH","KAB. KARANGANYAR","MATESIH","JAWA TENGAH","KARANG ANYAR","KAA","MATESIH","KAA011","JT"
"JAWA TENGAH","KAB. KARANGANYAR","TAWANGMANGU","JAWA TENGAH","KARANG ANYAR","KAA","TAWANGMANGU","KAA015","JT"
"JAWA TENGAH","KAB. KARANGANYAR","NGARGOYOSO","JAWA TENGAH","KARANG ANYAR","KAA","NGARGOYOSO","KAA013","JT"
"JAWA TENGAH","KAB. KARANGANYAR","KARANGPANDAN","JAWA TENGAH","KARANG ANYAR","KAA","KARANG PANDAN","KAA008","JT"
"JAWA TENGAH","KAB. KARANGANYAR","KARANGANYAR","JAWA TENGAH","KARANG ANYAR","KAA","KARANG ANYAR","KAA007","JT"
"JAWA TENGAH","KAB. KARANGANYAR","TASIKMADU","JAWA TENGAH","KARANG ANYAR","KAA","TASIKMADU","KAA014","JT"
"JAWA TENGAH","KAB. KARANGANYAR","JATEN","JAWA TENGAH","KARANG ANYAR","KAA","JATEN","KAA016","JT"
"JAWA TENGAH","KAB. KARANGANYAR","COLOMADU","JAWA TENGAH","KARANG ANYAR","KAA","COLOMADU","KAA017","JT"
"JAWA TENGAH","KAB. KARANGANYAR","GONDANGREJO","JAWA TENGAH","KARANG ANYAR","KAA","GONDANGREJO","KAA001","JT"
"JAWA TENGAH","KAB. KARANGANYAR","KEBAKKRAMAT","JAWA TENGAH","KARANG ANYAR","KAA","KEBAK KRAMAT","KAA009","JT"
"JAWA TENGAH","KAB. KARANGANYAR","MOJOGEDANG","JAWA TENGAH","KARANG ANYAR","KAA","MOJOGEDANG","KAA012","JT"
"JAWA TENGAH","KAB. KARANGANYAR","KERJO","JAWA TENGAH","KARANG ANYAR","KAA","KERJO","KAA010","JT"
"JAWA TENGAH","KAB. KARANGANYAR","JENAWI","JAWA TENGAH","KARANG ANYAR","KAA","JENAWI","KAA004","JT"
"JAWA TENGAH","KAB. KEBUMEN","AYAH","JAWA TENGAH","KEBUMEN","KBM","AYAH","KBM013","JT"
"JAWA TENGAH","KAB. KEBUMEN","BUAYAN","JAWA TENGAH","KEBUMEN","KBM","BUAYAN","KBM012","JT"
"JAWA TENGAH","KAB. KEBUMEN","PURING","JAWA TENGAH","KEBUMEN","KBM","PURING","KBM015","JT"
"JAWA TENGAH","KAB. KEBUMEN","PETANAHAN","JAWA TENGAH","KEBUMEN","KBM","PETANAHAN","KBM006","JT"
"JAWA TENGAH","KAB. KEBUMEN","KLIRONG","JAWA TENGAH","KEBUMEN","KBM","KLIRONG","KBM004","JT"
"JAWA TENGAH","KAB. KEBUMEN","BULUSPESANTREN","JAWA TENGAH","KEBUMEN","KBM","BULUSPESANTREN","KBM022","JT"
"JAWA TENGAH","KAB. KEBUMEN","AMBAL","JAWA TENGAH","KEBUMEN","KBM","AMBAL","KBM020","JT"
"JAWA TENGAH","KAB. KEBUMEN","MIRIT","JAWA TENGAH","KEBUMEN","KBM","MIRIT","KBM025","JT"
"JAWA TENGAH","KAB. KEBUMEN","PREMBUN","JAWA TENGAH","KEBUMEN","KBM","PREMBUN","KBM019","JT"
"JAWA TENGAH","KAB. KEBUMEN","KUTOWINANGUN","JAWA TENGAH","KEBUMEN","KBM","KUTOWINANGUN","KBM024","JT"
"JAWA TENGAH","KAB. KEBUMEN","ALIAN","JAWA TENGAH","KEBUMEN","KBM","ALIYAN","KBM007","JT"
"JAWA TENGAH","KAB. KEBUMEN","KEBUMEN","JAWA TENGAH","KEBUMEN","KBM","KEBUMEN","KBM003","JT"
"JAWA TENGAH","KAB. KEBUMEN","PEJAGOAN","JAWA TENGAH","KEBUMEN","KBM","PEJAGOAN","KBM005","JT"
"JAWA TENGAH","KAB. KEBUMEN","SRUWENG","JAWA TENGAH","KEBUMEN","KBM","SRUWENG","KBM009","JT"
"JAWA TENGAH","KAB. KEBUMEN","ADIMULYO","JAWA TENGAH","KEBUMEN","KBM","ADIMULYO","KBM018","JT"
"JAWA TENGAH","KAB. KEBUMEN","KUWARASAN","JAWA TENGAH","KEBUMEN","KBM","KUWARASAN","KBM017","JT"
"JAWA TENGAH","KAB. KEBUMEN","ROWOKELE","JAWA TENGAH","KEBUMEN","KBM","ROWOKELE","KBM016","JT"
"JAWA TENGAH","KAB. KEBUMEN","SEMPOR","JAWA TENGAH","KEBUMEN","KBM","SEMPOR","KBM014","JT"
"JAWA TENGAH","KAB. KEBUMEN","GOMBONG","JAWA TENGAH","KEBUMEN","KBM","GOMBONG","KBM010","JT"
"JAWA TENGAH","KAB. KEBUMEN","KARANGANYAR","JAWA TENGAH","KEBUMEN","KBM","KARANGANYAR-KBM","KBM011","JT"
"JAWA TENGAH","KAB. KEBUMEN","KARANGGAYAM","JAWA TENGAH","KEBUMEN","KBM","KARANGGAYAM","KBM001","JT"
"JAWA TENGAH","KAB. KEBUMEN","SADANG","JAWA TENGAH","KEBUMEN","KBM","SADANG","KBM008","JT"
"JAWA TENGAH","KAB. KEBUMEN","BONOROWO","JAWA TENGAH","KEBUMEN","KBM","BONOROWO","KBM021","JT"
"JAWA TENGAH","KAB. KEBUMEN","PADURESO","JAWA TENGAH","KEBUMEN","KBM","PADURESO","KBM026","JT"
"JAWA TENGAH","KAB. KEBUMEN","PONCOWARNO","JAWA TENGAH","KEBUMEN","KBM","PONCOWARNO","KBM023","JT"
"JAWA TENGAH","KAB. KEBUMEN","KARANGSAMBUNG","JAWA TENGAH","KEBUMEN","KBM","KARANGSAMBUNG","KBM002","JT"
"JAWA TENGAH","KAB. KENDAL","PLANTUNGAN","JAWA TENGAH","KENDAL","KNL","PLANTUNGAN","KNL020","JT"
"JAWA TENGAH","KAB. KENDAL","PAGERUYUNG","JAWA TENGAH","KENDAL","KNL","PAGERRUYUNG","KNL017","JT"
"JAWA TENGAH","KAB. KENDAL","SUKOREJO","JAWA TENGAH","KENDAL","KNL","SUKOREJO-KNL","KNL019","JT"
"JAWA TENGAH","KAB. KENDAL","PATEAN","JAWA TENGAH","KENDAL","KNL","PATEAN","KNL018","JT"
"JAWA TENGAH","KAB. KENDAL","SINGOROJO","JAWA TENGAH","KENDAL","KNL","SINGOOROJO","KNL014","JT"
"JAWA TENGAH","KAB. KENDAL","LIMBANGAN","JAWA TENGAH","KENDAL","KNL","LIMBANGAN","KNL015","JT"
"JAWA TENGAH","KAB. KENDAL","BOJA","JAWA TENGAH","KENDAL","KNL","BOJA","KNL016","JT"
"JAWA TENGAH","KAB. KENDAL","KALIWUNGU","JAWA TENGAH","KENDAL","KNL","KALIWUNGU-KNL","KNL002","JT"
"JAWA TENGAH","KAB. KENDAL","BRANGSONG","JAWA TENGAH","KENDAL","KNL","BRANGSONG","KNL001","JT"
"JAWA TENGAH","KAB. KENDAL","PEGANDON","JAWA TENGAH","KENDAL","KNL","PEGANDON","KNL007","JT"
"JAWA TENGAH","KAB. KENDAL","GEMUH","JAWA TENGAH","KENDAL","KNL","GEMUH","KNL013","JT"
"JAWA TENGAH","KAB. KENDAL","WELERI","JAWA TENGAH","KENDAL","KNL","WELERI","KNL008","JT"
"JAWA TENGAH","KAB. KENDAL","CEPIRING","JAWA TENGAH","KENDAL","KNL","CEPIRING","KNL012","JT"
"JAWA TENGAH","KAB. KENDAL","PATEBON","JAWA TENGAH","KENDAL","KNL","PATEBON","KNL006","JT"
"JAWA TENGAH","KAB. KENDAL","KENDAL","JAWA TENGAH","KENDAL","KNL","KENDAL-KNL","KNL004","JT"
"JAWA TENGAH","KAB. KENDAL","ROWOSARI","JAWA TENGAH","KENDAL","KNL","ROWOSARI","KNL010","JT"
"JAWA TENGAH","KAB. KENDAL","KANGKUNG","JAWA TENGAH","KENDAL","KNL","KANGKUNG","KNL011","JT"
"JAWA TENGAH","KAB. KENDAL","RINGINARUM","JAWA TENGAH","KENDAL","KNL","RINGGINARUM","KNL009","JT"
"JAWA TENGAH","KAB. KENDAL","NGAMPEL","JAWA TENGAH","KENDAL","KNL","NGAMPEL","KNL005","JT"
"JAWA TENGAH","KAB. KENDAL","KALIWUNGU SELATAN","JAWA TENGAH","KENDAL","KNL","KALIWUNGU SELATAN","KNL003","JT"
"JAWA TENGAH","KAB. KLATEN","PRAMBANAN","JAWA TENGAH","KLATEN","KLT","PRAMBANAN-KLT","KLT024","JT"
"JAWA TENGAH","KAB. KLATEN","GANTIWARNO","JAWA TENGAH","KLATEN","KLT","GANTIWARNO","KLT023","JT"
"JAWA TENGAH","KAB. KLATEN","WEDI","JAWA TENGAH","KLATEN","KLT","WEDI","KLT017","JT"
"JAWA TENGAH","KAB. KLATEN","BAYAT","JAWA TENGAH","KLATEN","KLT","BAYAT","KLT022","JT"
"JAWA TENGAH","KAB. KLATEN","CAWAS","JAWA TENGAH","KLATEN","KLT","CAWAS","KLT001","JT"
"JAWA TENGAH","KAB. KLATEN","TRUCUK","JAWA TENGAH","KLATEN","KLT","TRUCUK-KLT","KLT014","JT"
"JAWA TENGAH","KAB. KLATEN","KEBONARUM","JAWA TENGAH","KLATEN","KLT","KEBONARUM","KLT019","JT"
"JAWA TENGAH","KAB. KLATEN","JOGONALAN","JAWA TENGAH","KLATEN","KLT","JOGONALAN","KLT026","JT"
"JAWA TENGAH","KAB. KLATEN","MANISRENGGO","JAWA TENGAH","KLATEN","KLT","MANISRENGGO","KLT025","JT"
"JAWA TENGAH","KAB. KLATEN","KARANGNONGKO","JAWA TENGAH","KLATEN","KLT","KARANGNONGKO","KLT018","JT"
"JAWA TENGAH","KAB. KLATEN","CEPER","JAWA TENGAH","KLATEN","KLT","CEPER","KLT002","JT"
"JAWA TENGAH","KAB. KLATEN","PEDAN","JAWA TENGAH","KLATEN","KLT","PEDAN","KLT012","JT"
"JAWA TENGAH","KAB. KLATEN","KARANGDOWO","JAWA TENGAH","KLATEN","KLT","KARANGDOWO","KLT008","JT"
"JAWA TENGAH","KAB. KLATEN","JUWIRING","JAWA TENGAH","KLATEN","KLT","JUWIRING","KLT005","JT"
"JAWA TENGAH","KAB. KLATEN","WONOSARI","JAWA TENGAH","KLATEN","KLT","WONOSARI-KLT","KLT016","JT"
"JAWA TENGAH","KAB. KLATEN","DELANGGU","JAWA TENGAH","KLATEN","KLT","DELANGGU","KLT003","JT"
"JAWA TENGAH","KAB. KLATEN","POLANHARJO","JAWA TENGAH","KLATEN","KLT","POLANHARJO","KLT013","JT"
"JAWA TENGAH","KAB. KLATEN","KARANGANOM","JAWA TENGAH","KLATEN","KLT","KARANGANOM","KLT007","JT"
"JAWA TENGAH","KAB. KLATEN","TULUNG","JAWA TENGAH","KLATEN","KLT","TULUNG","KLT015","JT"
"JAWA TENGAH","KAB. KLATEN","JATINOM","JAWA TENGAH","KLATEN","KLT","JATINOM","KLT004","JT"
"JAWA TENGAH","KAB. KLATEN","KEMALANG","JAWA TENGAH","KLATEN","KLT","KEMALANG","KLT020","JT"
"JAWA TENGAH","KAB. KLATEN","NGAWEN","JAWA TENGAH","KLATEN","KLT","NGAWEN-KLT","KLT011","JT"
"JAWA TENGAH","KAB. KLATEN","KALIKOTES","JAWA TENGAH","KLATEN","KLT","KALIKOTES","KLT006","JT"
"JAWA TENGAH","KAB. KLATEN","KLATEN UTARA","JAWA TENGAH","KLATEN","KLT","KLATEN UTARA","KLT010","JT"
"JAWA TENGAH","KAB. KLATEN","KLATEN TENGAH","JAWA TENGAH","KLATEN","KLT","KLATEN TENGAH","KLT009","JT"
"JAWA TENGAH","KAB. KLATEN","KLATEN SELATAN","JAWA TENGAH","KLATEN","KLT","KLATEN SELATAN","KLT021","JT"
"JAWA TENGAH","KAB. KUDUS","KALIWUNGU","JAWA TENGAH","KUDUS","KDS","KALIWUNGU-KDS","KDS001","JT"
"JAWA TENGAH","KAB. KUDUS","KOTA KUDUS","JAWA TENGAH","KUDUS","KDS","KUDUS KOTA","KDS006","JT"
"JAWA TENGAH","KAB. KUDUS","JATI","JAWA TENGAH","KUDUS","KDS","JATI-KDS","KDS004","JT"
"JAWA TENGAH","KAB. KUDUS","UNDAAN","JAWA TENGAH","KUDUS","KDS","UNDAAN","KDS005","JT"
"JAWA TENGAH","KAB. KUDUS","MEJOBO","JAWA TENGAH","KUDUS","KDS","MEJEBO","KDS002","JT"
"JAWA TENGAH","KAB. KUDUS","JEKULO","JAWA TENGAH","KUDUS","KDS","JEKULO","KDS003","JT"
"JAWA TENGAH","KAB. KUDUS","BAE","JAWA TENGAH","KUDUS","KDS","BAE","KDS009","JT"
"JAWA TENGAH","KAB. KUDUS","GEBOG","JAWA TENGAH","KUDUS","KDS","GEBOG","KDS008","JT"
"JAWA TENGAH","KAB. KUDUS","DAWE","JAWA TENGAH","KUDUS","KDS","DAWE","KDS007","JT"
"JAWA TENGAH","KAB. MAGELANG","SALAMAN","JAWA TENGAH","MUNGKID","MUG","SALAMAN-MUG","MUG012","JT"
"JAWA TENGAH","KAB. MAGELANG","BOROBUDUR","JAWA TENGAH","MUNGKID","MUG","BOROBUDUR-MUG","MUG002","JT"
"JAWA TENGAH","KAB. MAGELANG","NGLUWAR","JAWA TENGAH","MUNGKID","MUG","NGLUWAR-MUG","MUG010","JT"
"JAWA TENGAH","KAB. MAGELANG","SALAM","JAWA TENGAH","MUNGKID","MUG","SALAM-MUG","MUG011","JT"
"JAWA TENGAH","KAB. MAGELANG","SRUMBUNG","JAWA TENGAH","MUNGKID","MUG","SRUMBUNG-MUG","MUG014","JT"
"JAWA TENGAH","KAB. MAGELANG","DUKUN","JAWA TENGAH","MUNGKID","MUG","DUKUN-MUG","MUG004","JT"
"JAWA TENGAH","KAB. MAGELANG","SAWANGAN","JAWA TENGAH","MUNGKID","MUG","SAWANGAN-MUG","MUG013","JT"
"JAWA TENGAH","KAB. MAGELANG","MUNTILAN","JAWA TENGAH","MUNGKID","MUG","MUNTILAN-MUG","MUG009","JT"
"JAWA TENGAH","KAB. MAGELANG","MUNGKID","JAWA TENGAH","MUNGKID","MUG","MUNGKID-MUG","MUG008","JT"
"JAWA TENGAH","KAB. MAGELANG","MERTOYUDAN","JAWA TENGAH","MUNGKID","MUG","MERTOYUDAN-MUG","MUG007","JT"
"JAWA TENGAH","KAB. MAGELANG","TEMPURAN","JAWA TENGAH","MUNGKID","MUG","TEMPURAN-MUG","MUG016","JT"
"JAWA TENGAH","KAB. MAGELANG","KAJORAN","JAWA TENGAH","MUNGKID","MUG","KAJORAN-MUG","MUG005","JT"
"JAWA TENGAH","KAB. MAGELANG","KALIANGKRIK","JAWA TENGAH","MUNGKID","MUG","KALIANGKRIK-MUG","MUG006","JT"
"JAWA TENGAH","KAB. MAGELANG","BANDONGAN","JAWA TENGAH","MUNGKID","MUG","BANDONGAN-MUG","MUG001","JT"
"JAWA TENGAH","KAB. MAGELANG","CANDIMULYO","JAWA TENGAH","MUNGKID","MUG","CANDIMULYO-MUG","MUG003","JT"
"JAWA TENGAH","KAB. MAGELANG","PAKIS","JAWA TENGAH","MUNGKID","MUG","PAKIS-MUG","MUG018","JT"
"JAWA TENGAH","KAB. MAGELANG","NGABLAK","JAWA TENGAH","MUNGKID","MUG","NGABLAK-MUG","MUG020","JT"
"JAWA TENGAH","KAB. MAGELANG","GRABAG","JAWA TENGAH","MUNGKID","MUG","GRABAG-MUG","MUG021","JT"
"JAWA TENGAH","KAB. MAGELANG","TEGALREJO","JAWA TENGAH","MUNGKID","MUG","TEGALREJO-MUG","MUG015","JT"
"JAWA TENGAH","KAB. MAGELANG","SECANG","JAWA TENGAH","MUNGKID","MUG","SECANG-MUG","MUG019","JT"
"JAWA TENGAH","KAB. MAGELANG","WINDUSARI","JAWA TENGAH","MUNGKID","MUG","WINDUSARI-MUG","MUG017","JT"
"JAWA TENGAH","KAB. PATI","SUKOLILO","JAWA TENGAH","PATI","PTI","SUKOLILO-PTI","PTI009","JT"
"JAWA TENGAH","KAB. PATI","KAYEN","JAWA TENGAH","PATI","PTI","KAYEN","PTI011","JT"
"JAWA TENGAH","KAB. PATI","TAMBAKROMO","JAWA TENGAH","PATI","PTI","TAMBAKROMO","PTI010","JT"
"JAWA TENGAH","KAB. PATI","WINONG","JAWA TENGAH","PATI","PTI","WINONG","PTI008","JT"
"JAWA TENGAH","KAB. PATI","PUCAKWANGI","JAWA TENGAH","PATI","PTI","PUCAKWANGI","PTI007","JT"
"JAWA TENGAH","KAB. PATI","JAKEN","JAWA TENGAH","PATI","PTI","JAKEN","PTI005","JT"
"JAWA TENGAH","KAB. PATI","BATANGAN","JAWA TENGAH","PATI","PTI","BATANGAN","PTI004","JT"
"JAWA TENGAH","KAB. PATI","JUWANA","JAWA TENGAH","PATI","PTI","JUWANA","PTI003","JT"
"JAWA TENGAH","KAB. PATI","JAKENAN","JAWA TENGAH","PATI","PTI","JAKENAN","PTI006","JT"
"JAWA TENGAH","KAB. PATI","PATI","JAWA TENGAH","PATI","PTI","PATI","PTI021","JT"
"JAWA TENGAH","KAB. PATI","GABUS","JAWA TENGAH","PATI","PTI","GABUS-PTI","PTI012","JT"
"JAWA TENGAH","KAB. PATI","MARGOREJO","JAWA TENGAH","PATI","PTI","MARGOREJO","PTI018","JT"
"JAWA TENGAH","KAB. PATI","GEMBONG","JAWA TENGAH","PATI","PTI","GEMBONG","PTI020","JT"
"JAWA TENGAH","KAB. PATI","TLOGOWUNGU","JAWA TENGAH","PATI","PTI","TLOGOWUNGU","PTI019","JT"
"JAWA TENGAH","KAB. PATI","WEDARIJAKSA","JAWA TENGAH","PATI","PTI","WEDARIJAKSA","PTI002","JT"
"JAWA TENGAH","KAB. PATI","MARGOYOSO","JAWA TENGAH","PATI","PTI","MARGOYOSO","PTI017","JT"
"JAWA TENGAH","KAB. PATI","GUNUNGWUNGKAL","JAWA TENGAH","PATI","PTI","GUNUNGWUNGKAL","PTI016","JT"
"JAWA TENGAH","KAB. PATI","CLUWAK","JAWA TENGAH","PATI","PTI","CLUWAK","PTI014","JT"
"JAWA TENGAH","KAB. PATI","TAYU","JAWA TENGAH","PATI","PTI","TAYU","PTI015","JT"
"JAWA TENGAH","KAB. PATI","DUKUHSETI","JAWA TENGAH","PATI","PTI","DUKUHSETI","PTI013","JT"
"JAWA TENGAH","KAB. PATI","TRANGKIL","JAWA TENGAH","PATI","PTI","TRANGKIL","PTI001","JT"
"JAWA TENGAH","KAB. PEKALONGAN","KANDANGSERANG","JAWA TENGAH","KAJEN PEKALONGAN","KJN","KANDANG SERANG","KJN004","JT"
"JAWA TENGAH","KAB. PEKALONGAN","PANINGGARAN","JAWA TENGAH","KAJEN PEKALONGAN","KJN","PANINGGARAN","KJN007","JT"
"JAWA TENGAH","KAB. PEKALONGAN","LEBAKBARANG","JAWA TENGAH","KAJEN PEKALONGAN","KJN","LEBAK BARANG","KJN008","JT"
"JAWA TENGAH","KAB. PEKALONGAN","PETUNGKRIYONO","JAWA TENGAH","KAJEN PEKALONGAN","KJN","PETUNGKRIONO","KJN006","JT"
"JAWA TENGAH","KAB. PEKALONGAN","TALUN","JAWA TENGAH","KAJEN PEKALONGAN","KJN","TALUN-KJN","KJN015","JT"
"JAWA TENGAH","KAB. PEKALONGAN","DORO","JAWA TENGAH","KAJEN PEKALONGAN","KJN","DORO","KJN014","JT"
"JAWA TENGAH","KAB. PEKALONGAN","KARANGANYAR","JAWA TENGAH","KAJEN PEKALONGAN","KJN","KARANGANYAR-KJN","KJN003","JT"
"JAWA TENGAH","KAB. PEKALONGAN","KAJEN","JAWA TENGAH","KAJEN PEKALONGAN","KJN","KAJEN","KJN005","JT"
"JAWA TENGAH","KAB. PEKALONGAN","KESESI","JAWA TENGAH","KAJEN PEKALONGAN","KJN","KESESI","KJN009","JT"
"JAWA TENGAH","KAB. PEKALONGAN","SRAGI","JAWA TENGAH","KAJEN PEKALONGAN","KJN","SRAGI-KJN","KJN002","JT"
"JAWA TENGAH","KAB. PEKALONGAN","BOJONG","JAWA TENGAH","KAJEN PEKALONGAN","KJN","BOJONG-KJN","KJN013","JT"
"JAWA TENGAH","KAB. PEKALONGAN","WONOPRINGGO","JAWA TENGAH","KAJEN PEKALONGAN","KJN","WONOPRINGGO","KJN010","JT"
"JAWA TENGAH","KAB. PEKALONGAN","KEDUNGWUNI","JAWA TENGAH","KAJEN PEKALONGAN","KJN","KEDUNGWUNI","KJN011","JT"
"JAWA TENGAH","KAB. PEKALONGAN","BUARAN","JAWA TENGAH","KAJEN PEKALONGAN","KJN","BUARAN","KJN019","JT"
"JAWA TENGAH","KAB. PEKALONGAN","TIRTO","JAWA TENGAH","KAJEN PEKALONGAN","KJN","TIRTO","KJN001","JT"
"JAWA TENGAH","KAB. PEKALONGAN","WIRADESA","JAWA TENGAH","KAJEN PEKALONGAN","KJN","WIRADESA","KJN017","JT"
"JAWA TENGAH","KAB. PEKALONGAN","SIWALAN","JAWA TENGAH","KAJEN PEKALONGAN","KJN","SIWALAN","KJN018","JT"
"JAWA TENGAH","KAB. PEKALONGAN","KARANGDADAP","JAWA TENGAH","KAJEN PEKALONGAN","KJN","KARANGDADAP","KJN012","JT"
"JAWA TENGAH","KAB. PEKALONGAN","WONOKERTO","JAWA TENGAH","KAJEN PEKALONGAN","KJN","WONOKERTO","KJN016","JT"
"JAWA TENGAH","KAB. PEMALANG","MOGA","JAWA TENGAH","PEMALANG","PML","MOGA","PML007","JT"
"JAWA TENGAH","KAB. PEMALANG","PULOSARI","JAWA TENGAH","PEMALANG","PML","PULOSARI-PML","PML008","JT"
"JAWA TENGAH","KAB. PEMALANG","BELIK","JAWA TENGAH","PEMALANG","PML","BELIK","PML009","JT"
"JAWA TENGAH","KAB. PEMALANG","WATUKUMPUL","JAWA TENGAH","PEMALANG","PML","WATUKUMPUL","PML010","JT"
"JAWA TENGAH","KAB. PEMALANG","BODEH","JAWA TENGAH","PEMALANG","PML","BODEH","PML012","JT"
"JAWA TENGAH","KAB. PEMALANG","BANTARBOLANG","JAWA TENGAH","PEMALANG","PML","BANTARBOLANG","PML005","JT"
"JAWA TENGAH","KAB. PEMALANG","RANDUDONGKAL","JAWA TENGAH","PEMALANG","PML","RANDUDONGKAL","PML004","JT"
"JAWA TENGAH","KAB. PEMALANG","PEMALANG","JAWA TENGAH","PEMALANG","PML","PEMALANG","PML003","JT"
"JAWA TENGAH","KAB. PEMALANG","TAMAN","JAWA TENGAH","PEMALANG","PML","TAMAN-PML","PML001","JT"
"JAWA TENGAH","KAB. PEMALANG","PETARUKAN","JAWA TENGAH","PEMALANG","PML","PETARUKAN","PML002","JT"
"JAWA TENGAH","KAB. PEMALANG","AMPELGADING","JAWA TENGAH","PEMALANG","PML","AMPEL GADING","PML014","JT"
"JAWA TENGAH","KAB. PEMALANG","COMAL","JAWA TENGAH","PEMALANG","PML","COMAL","PML011","JT"
"JAWA TENGAH","KAB. PEMALANG","ULUJAMI","JAWA TENGAH","PEMALANG","PML","ULUJAMI","PML013","JT"
"JAWA TENGAH","KAB. PEMALANG","WARUNGPRING","JAWA TENGAH","PEMALANG","PML","WARUNGPRING","PML006","JT"
"JAWA TENGAH","KAB. PURBALINGGA","KEMANGKON","JAWA TENGAH","PURBALINGGA","PUR","KEMANGKON","PUR001","JT"
"JAWA TENGAH","KAB. PURBALINGGA","BUKATEJA","JAWA TENGAH","PURBALINGGA","PUR","BUKATEJA","PUR002","JT"
"JAWA TENGAH","KAB. PURBALINGGA","KEJOBONG","JAWA TENGAH","PURBALINGGA","PUR","KEJOBONG","PUR003","JT"
"JAWA TENGAH","KAB. PURBALINGGA","KALIGONDANG","JAWA TENGAH","PURBALINGGA","PUR","KALIGONDANG","PUR005","JT"
"JAWA TENGAH","KAB. PURBALINGGA","PURBALINGGA","JAWA TENGAH","PURBALINGGA","PUR","PURBALINGGA","PUR006","JT"
"JAWA TENGAH","KAB. PURBALINGGA","KALIMANAH","JAWA TENGAH","PURBALINGGA","PUR","KALIMANAH","PUR007","JT"
"JAWA TENGAH","KAB. PURBALINGGA","KUTASARI","JAWA TENGAH","PURBALINGGA","PUR","KUTASARI","PUR009","JT"
"JAWA TENGAH","KAB. PURBALINGGA","MREBET","JAWA TENGAH","PURBALINGGA","PUR","MREBET","PUR011","JT"
"JAWA TENGAH","KAB. PURBALINGGA","BOBOTSARI","JAWA TENGAH","PURBALINGGA","PUR","BOBOTSARI","PUR012","JT"
"JAWA TENGAH","KAB. PURBALINGGA","KARANGREJA","JAWA TENGAH","PURBALINGGA","PUR","KARANGREJA","PUR013","JT"
"JAWA TENGAH","KAB. PURBALINGGA","KARANGANYAR","JAWA TENGAH","PURBALINGGA","PUR","KARANGANYAR-PUR","PUR015","JT"
"JAWA TENGAH","KAB. PURBALINGGA","KARANGMONCOL","JAWA TENGAH","PURBALINGGA","PUR","KARANGMONCOL","PUR017","JT"
"JAWA TENGAH","KAB. PURBALINGGA","REMBANG","JAWA TENGAH","PURBALINGGA","PUR","REMBANG-PUR","PUR018","JT"
"JAWA TENGAH","KAB. PURBALINGGA","BOJONGSARI","JAWA TENGAH","PURBALINGGA","PUR","BOJONGSARI-PUR","PUR010","JT"
"JAWA TENGAH","KAB. PURBALINGGA","PADAMARA","JAWA TENGAH","PURBALINGGA","PUR","PADAMARA","PUR008","JT"
"JAWA TENGAH","KAB. PURBALINGGA","PENGADEGAN","JAWA TENGAH","PURBALINGGA","PUR","PENGADEKAN","PUR004","JT"
"JAWA TENGAH","KAB. PURBALINGGA","KARANGJAMBU","JAWA TENGAH","PURBALINGGA","PUR","KARANGJAMBU","PUR014","JT"
"JAWA TENGAH","KAB. PURBALINGGA","KERTANEGARA","JAWA TENGAH","PURBALINGGA","PUR","KERTANEGARA","PUR016","JT"
"JAWA TENGAH","KAB. PURWOREJO","GRABAG","JAWA TENGAH","PURWOREJO","PWJ","GRABAG-PWJ","PWJ012","JT"
"JAWA TENGAH","KAB. PURWOREJO","NGOMBOL","JAWA TENGAH","PURWOREJO","PWJ","NGOMBOL","PWJ007","JT"
"JAWA TENGAH","KAB. PURWOREJO","PURWODADI","JAWA TENGAH","PURWOREJO","PWJ","PURWODADI-PWJ","PWJ008","JT"
"JAWA TENGAH","KAB. PURWOREJO","BAGELEN","JAWA TENGAH","PURWOREJO","PWJ","BAGELEN","PWJ001","JT"
"JAWA TENGAH","KAB. PURWOREJO","KALIGESING","JAWA TENGAH","PURWOREJO","PWJ","KALI GESING","PWJ005","JT"
"JAWA TENGAH","KAB. PURWOREJO","PURWOREJO","JAWA TENGAH","PURWOREJO","PWJ","PURWOREJO-PWJ","PWJ009","JT"
"JAWA TENGAH","KAB. PURWOREJO","BANYUURIP","JAWA TENGAH","PURWOREJO","PWJ","BANYU URIP","PWJ002","JT"
"JAWA TENGAH","KAB. PURWOREJO","BAYAN","JAWA TENGAH","PURWOREJO","PWJ","BAYAN-PWJ","PWJ010","JT"
"JAWA TENGAH","KAB. PURWOREJO","KUTOARJO","JAWA TENGAH","PURWOREJO","PWJ","KUTOARJO","PWJ011","JT"
"JAWA TENGAH","KAB. PURWOREJO","BUTUH","JAWA TENGAH","PURWOREJO","PWJ","BUTUH","PWJ014","JT"
"JAWA TENGAH","KAB. PURWOREJO","PITURUH","JAWA TENGAH","PURWOREJO","PWJ","PITURUH","PWJ015","JT"
"JAWA TENGAH","KAB. PURWOREJO","KEMIRI","JAWA TENGAH","PURWOREJO","PWJ","KEMIRI-PWJ","PWJ013","JT"
"JAWA TENGAH","KAB. PURWOREJO","BRUNO","JAWA TENGAH","PURWOREJO","PWJ","BRUNO","PWJ016","JT"
"JAWA TENGAH","KAB. PURWOREJO","GEBANG","JAWA TENGAH","PURWOREJO","PWJ","GEBANG-PWJ","PWJ004","JT"
"JAWA TENGAH","KAB. PURWOREJO","LOANO","JAWA TENGAH","PURWOREJO","PWJ","LOANO","PWJ006","JT"
"JAWA TENGAH","KAB. PURWOREJO","BENER","JAWA TENGAH","PURWOREJO","PWJ","BENER","PWJ003","JT"
"JAWA TENGAH","KAB. REMBANG","SUMBER","JAWA TENGAH","REMBANG","RMB","SUMBER-RMB","RMB001","JT"
"JAWA TENGAH","KAB. REMBANG","BULU","JAWA TENGAH","REMBANG","RMB","BULU-RMB","RMB005","JT"
"JAWA TENGAH","KAB. REMBANG","GUNEM","JAWA TENGAH","REMBANG","RMB","GUNEM","RMB007","JT"
"JAWA TENGAH","KAB. REMBANG","SALE","JAWA TENGAH","REMBANG","RMB","SALE","RMB012","JT"
"JAWA TENGAH","KAB. REMBANG","SARANG","JAWA TENGAH","REMBANG","RMB","SARANG","RMB014","JT"
"JAWA TENGAH","KAB. REMBANG","SEDAN","JAWA TENGAH","REMBANG","RMB","SEDAN","RMB013","JT"
"JAWA TENGAH","KAB. REMBANG","PAMOTAN","JAWA TENGAH","REMBANG","RMB","PAMOTAN","RMB009","JT"
"JAWA TENGAH","KAB. REMBANG","SULANG","JAWA TENGAH","REMBANG","RMB","SULANG","RMB002","JT"
"JAWA TENGAH","KAB. REMBANG","KALIORI","JAWA TENGAH","REMBANG","RMB","KALIORI","RMB004","JT"
"JAWA TENGAH","KAB. REMBANG","REMBANG","JAWA TENGAH","REMBANG","RMB","REMBANG-RMB","RMB003","JT"
"JAWA TENGAH","KAB. REMBANG","PANCUR","JAWA TENGAH","REMBANG","RMB","PANCUR","RMB008","JT"
"JAWA TENGAH","KAB. REMBANG","KRAGAN","JAWA TENGAH","REMBANG","RMB","KRAGAN","RMB011","JT"
"JAWA TENGAH","KAB. REMBANG","SLUKE","JAWA TENGAH","REMBANG","RMB","SLUKE","RMB006","JT"
"JAWA TENGAH","KAB. REMBANG","LASEM","JAWA TENGAH","REMBANG","RMB","LASEM","RMB010","JT"
"JAWA TENGAH","KAB. SEMARANG","GETASAN","JAWA TENGAH","AMBARAWA","AMB","GETASAN","AMB005","JT"
"JAWA TENGAH","KAB. SEMARANG","TENGARAN","JAWA TENGAH","SALATIGA","SLT","TENGARAN","SLT005","JT"
"JAWA TENGAH","KAB. SEMARANG","SUSUKAN","JAWA TENGAH","SALATIGA","SLT","SUSUKAN-SLT","SLT007","JT"
"JAWA TENGAH","KAB. SEMARANG","SURUH","JAWA TENGAH","SALATIGA","SLT","SURUH-SLT","SLT008","JT"
"JAWA TENGAH","KAB. SEMARANG","PABELAN","JAWA TENGAH","SALATIGA","SLT","PABELAN","SLT009","JT"
"JAWA TENGAH","KAB. SEMARANG","TUNTANG","JAWA TENGAH","UNGARAN","UNG","TUNTANG","UNG005","JT"
"JAWA TENGAH","KAB. SEMARANG","BANYUBIRU","JAWA TENGAH","AMBARAWA","AMB","BANYUBIRU","AMB004","JT"
"JAWA TENGAH","KAB. SEMARANG","JAMBU","JAWA TENGAH","AMBARAWA","AMB","JAMBU","AMB003","JT"
"JAWA TENGAH","KAB. SEMARANG","SUMOWONO","JAWA TENGAH","AMBARAWA","AMB","SUMOWONO","AMB002","JT"
"JAWA TENGAH","KAB. SEMARANG","AMBARAWA","JAWA TENGAH","AMBARAWA","AMB","AMBARAWA-AMB","AMB001","JT"
"JAWA TENGAH","KAB. SEMARANG","BAWEN","JAWA TENGAH","UNGARAN","UNG","BAWEN","UNG006","JT"
"JAWA TENGAH","KAB. SEMARANG","BRINGIN","JAWA TENGAH","SALATIGA","SLT","BRINGIN-SLT","SLT010","JT"
"JAWA TENGAH","KAB. SEMARANG","BERGAS","JAWA TENGAH","UNGARAN","UNG","BERGAS","UNG001","JT"
"JAWA TENGAH","KAB. SEMARANG","PRINGAPUS","JAWA TENGAH","UNGARAN","UNG","PRINGAPUS","UNG002","JT"
"JAWA TENGAH","KAB. SEMARANG","BANCAK","JAWA TENGAH","SALATIGA","SLT","BANCAK","SLT011","JT"
"JAWA TENGAH","KAB. SEMARANG","KALIWUNGU","JAWA TENGAH","SALATIGA","SLT","KALIWUNGU-SLT","SLT006","JT"
"JAWA TENGAH","KAB. SEMARANG","UNGARAN BARAT","JAWA TENGAH","UNGARAN","UNG","UNGARAN BARAT","UNG003","JT"
"JAWA TENGAH","KAB. SEMARANG","UNGARAN TIMUR","JAWA TENGAH","UNGARAN","UNG","UNGARAN TIMUR","UNG004","JT"
"JAWA TENGAH","KAB. SEMARANG","BANDUNGAN","JAWA TENGAH","UNGARAN","UNG","BANDUNGAN","UNG007","JT"
"JAWA TENGAH","KAB. SRAGEN","KALIJAMBE","JAWA TENGAH","SRAGEN","SRN","KALIJAMBE","SRN019","JT"
"JAWA TENGAH","KAB. SRAGEN","PLUPUH","JAWA TENGAH","SRAGEN","SRN","PLUPUH","SRN008","JT"
"JAWA TENGAH","KAB. SRAGEN","MASARAN","JAWA TENGAH","SRAGEN","SRN","MASARAN","SRN006","JT"
"JAWA TENGAH","KAB. SRAGEN","KEDAWUNG","JAWA TENGAH","SRAGEN","SRN","KEDAWUNG-SRN","SRN005","JT"
"JAWA TENGAH","KAB. SRAGEN","SAMBIREJO","JAWA TENGAH","SRAGEN","SRN","SAMBIREJO","SRN009","JT"
"JAWA TENGAH","KAB. SRAGEN","GONDANG","JAWA TENGAH","SRAGEN","SRN","GONDANG-SRN","SRN002","JT"
"JAWA TENGAH","KAB. SRAGEN","SAMBUNGMACAN","JAWA TENGAH","SRAGEN","SRN","SAMBUNGMACAN","SRN010","JT"
"JAWA TENGAH","KAB. SRAGEN","NGRAMPAL","JAWA TENGAH","SRAGEN","SRN","NGAMPAL","SRN007","JT"
"JAWA TENGAH","KAB. SRAGEN","KARANGMALANG","JAWA TENGAH","SRAGEN","SRN","KARANGMALANG","SRN004","JT"
"JAWA TENGAH","KAB. SRAGEN","SRAGEN","JAWA TENGAH","SRAGEN","SRN","SRAGEN","SRN012","JT"
"JAWA TENGAH","KAB. SRAGEN","SIDOHARJO","JAWA TENGAH","SRAGEN","SRN","SIDOHARJO-SRN","SRN011","JT"
"JAWA TENGAH","KAB. SRAGEN","TANON","JAWA TENGAH","SRAGEN","SRN","TANON","SRN015","JT"
"JAWA TENGAH","KAB. SRAGEN","GEMOLONG","JAWA TENGAH","SRAGEN","SRN","GEMOLONG","SRN020","JT"
"JAWA TENGAH","KAB. SRAGEN","MIRI","JAWA TENGAH","SRAGEN","SRN","MIRI","SRN017","JT"
"JAWA TENGAH","KAB. SRAGEN","SUMBERLAWANG","JAWA TENGAH","SRAGEN","SRN","SUMBERLAWANG","SRN016","JT"
"JAWA TENGAH","KAB. SRAGEN","MONDOKAN","JAWA TENGAH","SRAGEN","SRN","MONDOKAN","SRN018","JT"
"JAWA TENGAH","KAB. SRAGEN","SUKODONO","JAWA TENGAH","SRAGEN","SRN","SUKODONO-SRN","SRN013","JT"
"JAWA TENGAH","KAB. SRAGEN","GESI","JAWA TENGAH","SRAGEN","SRN","GESI","SRN001","JT"
"JAWA TENGAH","KAB. SRAGEN","TANGEN","JAWA TENGAH","SRAGEN","SRN","TANGEN","SRN014","JT"
"JAWA TENGAH","KAB. SRAGEN","JENAR","JAWA TENGAH","SRAGEN","SRN","JENAR","SRN003","JT"
"JAWA TENGAH","KAB. SUKOHARJO","WERU","JAWA TENGAH","SUKOHARJO","SUJ","WERU-SUJ","SUJ012","JT"
"JAWA TENGAH","KAB. SUKOHARJO","BULU","JAWA TENGAH","SUKOHARJO","SUJ","BULU-SUJ","SUJ003","JT"
"JAWA TENGAH","KAB. SUKOHARJO","TAWANGSARI","JAWA TENGAH","SUKOHARJO","SUJ","TAWANGSARI","SUJ011","JT"
"JAWA TENGAH","KAB. SUKOHARJO","SUKOHARJO","JAWA TENGAH","SUKOHARJO","SUJ","SUKOHARJO-SUJ","SUJ009","JT"
"JAWA TENGAH","KAB. SUKOHARJO","NGUTER","JAWA TENGAH","SUKOHARJO","SUJ","NGUTER","SUJ007","JT"
"JAWA TENGAH","KAB. SUKOHARJO","BENDOSARI","JAWA TENGAH","SUKOHARJO","SUJ","BENDOSARI","SUJ002","JT"
"JAWA TENGAH","KAB. SUKOHARJO","POLOKARTO","JAWA TENGAH","SUKOHARJO","SUJ","POLOKARTO","SUJ008","JT"
"JAWA TENGAH","KAB. SUKOHARJO","MOJOLABAN","JAWA TENGAH","SUKOHARJO","SUJ","MOJOLABAN","SUJ006","JT"
"JAWA TENGAH","KAB. SUKOHARJO","GROGOL","JAWA TENGAH","SUKOHARJO","SUJ","GROGOL-SUJ","SUJ005","JT"
"JAWA TENGAH","KAB. SUKOHARJO","BAKI","JAWA TENGAH","SUKOHARJO","SUJ","BAKI","SUJ001","JT"
"JAWA TENGAH","KAB. SUKOHARJO","GATAK","JAWA TENGAH","SUKOHARJO","SUJ","GATAK","SUJ004","JT"
"JAWA TENGAH","KAB. SUKOHARJO","KARTASURA","JAWA TENGAH","SUKOHARJO","SUJ","KARTASURA","SUJ010","JT"
"JAWA TENGAH","KAB. TEGAL","MARGASARI","JAWA TENGAH","SLAWI","SWI","MARGASARI","SWI008","JT"
"JAWA TENGAH","KAB. TEGAL","BUMIJAWA","JAWA TENGAH","SLAWI","SWI","BUMIJAWA","SWI009","JT"
"JAWA TENGAH","KAB. TEGAL","BOJONG","JAWA TENGAH","SLAWI","SWI","BOJONG-SWI","SWI010","JT"
"JAWA TENGAH","KAB. TEGAL","BALAPULANG","JAWA TENGAH","SLAWI","SWI","BALAPULANG","SWI006","JT"
"JAWA TENGAH","KAB. TEGAL","PAGERBARANG","JAWA TENGAH","SLAWI","SWI","PAGERBARANG","SWI007","JT"
"JAWA TENGAH","KAB. TEGAL","LEBAKSIU","JAWA TENGAH","SLAWI","SWI","LEBAKSIU","SWI005","JT"
"JAWA TENGAH","KAB. TEGAL","JATINEGARA","JAWA TENGAH","SLAWI","SWI","JATINEGARA-SWI","SWI012","JT"
"JAWA TENGAH","KAB. TEGAL","KEDUNGBANTENG","JAWA TENGAH","SLAWI","SWI","KEDUNGBANTENG","SWI004","JT"
"JAWA TENGAH","KAB. TEGAL","PANGKAH","JAWA TENGAH","SLAWI","SWI","PANGKAH","SWI003","JT"
"JAWA TENGAH","KAB. TEGAL","SLAWI","JAWA TENGAH","SLAWI","SWI","SLAWI","SWI002","JT"
"JAWA TENGAH","KAB. TEGAL","ADIWERNA","JAWA TENGAH","SLAWI","SWI","ADIWERNA","SWI015","JT"
"JAWA TENGAH","KAB. TEGAL","TALANG","JAWA TENGAH","SLAWI","SWI","TALANG","SWI013","JT"
"JAWA TENGAH","KAB. TEGAL","DUKUHTURI","JAWA TENGAH","TEGAL","TGL","DUKUHTURI","TGL005","JT"
"JAWA TENGAH","KAB. TEGAL","TARUB","JAWA TENGAH","SLAWI","SWI","TARUB","SWI014","JT"
"JAWA TENGAH","KAB. TEGAL","KRAMAT","JAWA TENGAH","SLAWI","SWI","KRAMAT","SWI011","JT"
"JAWA TENGAH","KAB. TEGAL","SURADADI","JAWA TENGAH","SLAWI","SWI","SURADADI","SWI016","JT"
"JAWA TENGAH","KAB. TEGAL","WARUREJA","JAWA TENGAH","SLAWI","SWI","WARUREJA","SWI017","JT"
"JAWA TENGAH","KAB. TEGAL","DUKUHWARU","JAWA TENGAH","SLAWI","SWI","DUKUHWARU","SWI001","JT"
"JAWA TENGAH","KAB. TEMANGGUNG","BULU","JAWA TENGAH","TEMANGGUNG","TNU","BULU-TNU","TNU001","JT"
"JAWA TENGAH","KAB. TEMANGGUNG","TEMBARAK","JAWA TENGAH","TEMANGGUNG","TNU","TEMBARAK","TNU009","JT"
"JAWA TENGAH","KAB. TEMANGGUNG","TEMANGGUNG","JAWA TENGAH","TEMANGGUNG","TNU","TEMANGGUNG","TNU008","JT"
"JAWA TENGAH","KAB. TEMANGGUNG","PRINGSURAT","JAWA TENGAH","TEMANGGUNG","TNU","PRINGSURAT","TNU006","JT"
"JAWA TENGAH","KAB. TEMANGGUNG","KALORAN","JAWA TENGAH","TEMANGGUNG","TNU","KALORAN","TNU002","JT"
"JAWA TENGAH","KAB. TEMANGGUNG","KANDANGAN","JAWA TENGAH","TEMANGGUNG","TNU","KANDANGAN-TNU","TNU003","JT"
"JAWA TENGAH","KAB. TEMANGGUNG","KEDU","JAWA TENGAH","TEMANGGUNG","TNU","KEDU","TNU004","JT"
"JAWA TENGAH","KAB. TEMANGGUNG","PARAKAN","JAWA TENGAH","TEMANGGUNG","TNU","PARAKAN","TNU020","JT"
"JAWA TENGAH","KAB. TEMANGGUNG","NGADIREJO","JAWA TENGAH","TEMANGGUNG","TNU","NGADIREJO","TNU019","JT"
"JAWA TENGAH","KAB. TEMANGGUNG","JUMO","JAWA TENGAH","TEMANGGUNG","TNU","JUMO","TNU017","JT"
"JAWA TENGAH","KAB. TEMANGGUNG","TRETEP","JAWA TENGAH","TEMANGGUNG","TNU","TRETEP","TNU011","JT"
"JAWA TENGAH","KAB. TEMANGGUNG","CANDIROTO","JAWA TENGAH","TEMANGGUNG","TNU","CANDIROTO","TNU015","JT"
"JAWA TENGAH","KAB. TEMANGGUNG","KRANGGAN","JAWA TENGAH","TEMANGGUNG","TNU","KRANGGAN","TNU005","JT"
"JAWA TENGAH","KAB. TEMANGGUNG","TLOGOMULYO","JAWA TENGAH","TEMANGGUNG","TNU","TLOGOMULYO","TNU010","JT"
"JAWA TENGAH","KAB. TEMANGGUNG","SELOPAMPANG","JAWA TENGAH","TEMANGGUNG","TNU","SELOPAMPANG","TNU007","JT"
"JAWA TENGAH","KAB. TEMANGGUNG","BANSARI","JAWA TENGAH","TEMANGGUNG","TNU","BANASARI","TNU013","JT"
"JAWA TENGAH","KAB. TEMANGGUNG","KLEDUNG","JAWA TENGAH","TEMANGGUNG","TNU","KLEDUNG","TNU018","JT"
"JAWA TENGAH","KAB. TEMANGGUNG","BEJEN","JAWA TENGAH","TEMANGGUNG","TNU","BEJEN","TNU014","JT"
"JAWA TENGAH","KAB. TEMANGGUNG","WONOBOYO","JAWA TENGAH","TEMANGGUNG","TNU","WONOBOYO","TNU012","JT"
"JAWA TENGAH","KAB. TEMANGGUNG","GEMAWANG","JAWA TENGAH","TEMANGGUNG","TNU","GEMAWANG","TNU016","JT"
"JAWA TENGAH","KAB. WONOGIRI","PRACIMANTORO","JAWA TENGAH","WONOGIRI","WGI","PRACIMANTORO","WGI023","JT"
"JAWA TENGAH","KAB. WONOGIRI","GIRITONTRO","JAWA TENGAH","WONOGIRI","WGI","GIRITRONTO","WGI018","JT"
"JAWA TENGAH","KAB. WONOGIRI","GIRIWOYO","JAWA TENGAH","WONOGIRI","WGI","GIRIWOYO","WGI019","JT"
"JAWA TENGAH","KAB. WONOGIRI","BATUWARNO","JAWA TENGAH","WONOGIRI","WGI","BATUWARNO","WGI017","JT"
"JAWA TENGAH","KAB. WONOGIRI","TIRTOMOYO","JAWA TENGAH","WONOGIRI","WGI","TIRTOMOYO","WGI024","JT"
"JAWA TENGAH","KAB. WONOGIRI","NGUNTORONADI","JAWA TENGAH","WONOGIRI","WGI","NGUNTORONADI-WGI","WGI021","JT"
"JAWA TENGAH","KAB. WONOGIRI","BATURETNO","JAWA TENGAH","WONOGIRI","WGI","BATURETNO","WGI016","JT"
"JAWA TENGAH","KAB. WONOGIRI","EROMOKO","JAWA TENGAH","WONOGIRI","WGI","EROMOKO","WGI025","JT"
"JAWA TENGAH","KAB. WONOGIRI","WURYANTORO","JAWA TENGAH","WONOGIRI","WGI","WURYANTORO","WGI006","JT"
"JAWA TENGAH","KAB. WONOGIRI","MANYARAN","JAWA TENGAH","WONOGIRI","WGI","MANYARAN","WGI003","JT"
"JAWA TENGAH","KAB. WONOGIRI","SELOGIRI","JAWA TENGAH","WONOGIRI","WGI","SELOGIRI","WGI007","JT"
"JAWA TENGAH","KAB. WONOGIRI","WONOGIRI","JAWA TENGAH","WONOGIRI","WGI","WONOGIRI","WGI005","JT"
"JAWA TENGAH","KAB. WONOGIRI","NGADIROJO","JAWA TENGAH","WONOGIRI","WGI","NGADIROJO-WGI","WGI004","JT"
"JAWA TENGAH","KAB. WONOGIRI","SIDOHARJO","JAWA TENGAH","WONOGIRI","WGI","SIDOHARJO-WGI","WGI010","JT"
"JAWA TENGAH","KAB. WONOGIRI","JATIROTO","JAWA TENGAH","WONOGIRI","WGI","JATIROTO-WGI","WGI013","JT"
"JAWA TENGAH","KAB. WONOGIRI","KISMANTORO","JAWA TENGAH","WONOGIRI","WGI","KISMANTORO","WGI012","JT"
"JAWA TENGAH","KAB. WONOGIRI","PURWANTORO","JAWA TENGAH","WONOGIRI","WGI","PURWANTORO","WGI009","JT"
"JAWA TENGAH","KAB. WONOGIRI","BULUKERTO","JAWA TENGAH","WONOGIRI","WGI","BULUKERTO","WGI015","JT"
"JAWA TENGAH","KAB. WONOGIRI","SLOGOHIMO","JAWA TENGAH","WONOGIRI","WGI","SLOGOHIMO","WGI011","JT"
"JAWA TENGAH","KAB. WONOGIRI","JATISRONO","JAWA TENGAH","WONOGIRI","WGI","JATISRONO","WGI014","JT"
"JAWA TENGAH","KAB. WONOGIRI","JATIPURNO","JAWA TENGAH","WONOGIRI","WGI","JATIPURNO","WGI002","JT"
"JAWA TENGAH","KAB. WONOGIRI","GIRIMARTO","JAWA TENGAH","WONOGIRI","WGI","GIRIMARTO","WGI001","JT"
"JAWA TENGAH","KAB. WONOGIRI","KARANGTENGAH","JAWA TENGAH","WONOGIRI","WGI","KARANGTENGAH-WGI","WGI020","JT"
"JAWA TENGAH","KAB. WONOGIRI","PARANGGUPITO","JAWA TENGAH","WONOGIRI","WGI","PARANGGUPITO","WGI022","JT"
"JAWA TENGAH","KAB. WONOGIRI","PUHPELEM","JAWA TENGAH","WONOGIRI","WGI","K PUHPELEM","WGI008","JT"
"JAWA TENGAH","KAB. WONOSOBO","WADASLINTANG","JAWA TENGAH","WONOSOBO","WNB","WADASLINTANG","WNB008","JT"
"JAWA TENGAH","KAB. WONOSOBO","KEPIL","JAWA TENGAH","WONOSOBO","WNB","KEPIL","WNB015","JT"
"JAWA TENGAH","KAB. WONOSOBO","SAPURAN","JAWA TENGAH","WONOSOBO","WNB","SAPURAN","WNB013","JT"
"JAWA TENGAH","KAB. WONOSOBO","KALIWIRO","JAWA TENGAH","WONOSOBO","WNB","KALIWIRO","WNB002","JT"
"JAWA TENGAH","KAB. WONOSOBO","LEKSONO","JAWA TENGAH","WONOSOBO","WNB","LEKSONO","WNB004","JT"
"JAWA TENGAH","KAB. WONOSOBO","SELOMERTO","JAWA TENGAH","WONOSOBO","WNB","SELOMERTO","WNB006","JT"
"JAWA TENGAH","KAB. WONOSOBO","KALIKAJAR","JAWA TENGAH","WONOSOBO","WNB","KALIKAJAR","WNB011","JT"
"JAWA TENGAH","KAB. WONOSOBO","KERTEK","JAWA TENGAH","WONOSOBO","WNB","KERTEK","WNB012","JT"
"JAWA TENGAH","KAB. WONOSOBO","WONOSOBO","JAWA TENGAH","WONOSOBO","WNB","WONOSOBO-WNB","WNB010","JT"
"JAWA TENGAH","KAB. WONOSOBO","WATUMALANG","JAWA TENGAH","WONOSOBO","WNB","WATUMALANG","WNB009","JT"
"JAWA TENGAH","KAB. WONOSOBO","MOJOTENGAH","JAWA TENGAH","WONOSOBO","WNB","MOJOTENGAH","WNB005","JT"
"JAWA TENGAH","KAB. WONOSOBO","GARUNG","JAWA TENGAH","WONOSOBO","WNB","GARUNG","WNB001","JT"
"JAWA TENGAH","KAB. WONOSOBO","KEJAJAR","JAWA TENGAH","WONOSOBO","WNB","KEJAJAR","WNB003","JT"
"JAWA TENGAH","KAB. WONOSOBO","SUKOHARJO","JAWA TENGAH","WONOSOBO","WNB","SUKOHARJO-WNB","WNB007","JT"
"JAWA TENGAH","KAB. WONOSOBO","KALIBAWANG","JAWA TENGAH","WONOSOBO","WNB","KALIBAWANG-WNB","WNB014","JT"
"JAWA TENGAH","KOTA MAGELANG","MAGELANG SELATAN","JAWA TENGAH","MAGELANG","MGL","MAGELANG SELATAN","MGL022","JT"
"JAWA TENGAH","KOTA MAGELANG","MAGELANG UTARA","JAWA TENGAH","MAGELANG","MGL","MAGELANG UTARA","MGL024","JT"
"JAWA TENGAH","KOTA MAGELANG","MAGELANG TENGAH","JAWA TENGAH","MAGELANG","MGL","MAGELANG TENGAH","MGL023","JT"
"JAWA TENGAH","KOTA PEKALONGAN","PEKALONGAN BARAT","JAWA TENGAH","PEKALONGAN","PKL","PEKALONGAN BARAT","PKL001","JT"
"JAWA TENGAH","KOTA PEKALONGAN","PEKALONGAN TIMUR","JAWA TENGAH","PEKALONGAN","PKL","PEKALONGAN TIMUR","PKL002","JT"
"JAWA TENGAH","KOTA PEKALONGAN","PEKALONGAN UTARA","JAWA TENGAH","PEKALONGAN","PKL","PEKALONGAN UTARA","PKL003","JT"
"JAWA TENGAH","KOTA PEKALONGAN","PEKALONGAN SELATAN","JAWA TENGAH","PEKALONGAN","PKL","PEKALONGAN SELATAN","PKL004","JT"
"JAWA TENGAH","KOTA SALATIGA","SIDOREJO","JAWA TENGAH","SALATIGA","SLT","SIDOREJO-SLT","SLT002","JT"
"JAWA TENGAH","KOTA SALATIGA","TINGKIR","JAWA TENGAH","SALATIGA","SLT","TINGKIR","SLT001","JT"
"JAWA TENGAH","KOTA SALATIGA","ARGOMULYO","JAWA TENGAH","SALATIGA","SLT","ARGOMULYO","SLT004","JT"
"JAWA TENGAH","KOTA SALATIGA","SIDOMUKTI","JAWA TENGAH","SALATIGA","SLT","SIDOMUKTI","SLT003","JT"
"JAWA TENGAH","KOTA SEMARANG","SEMARANG TENGAH","JAWA TENGAH","SEMARANG","SRG","SEMARANG TENGAH","SRG016","JT"
"JAWA TENGAH","KOTA SEMARANG","SEMARANG UTARA","JAWA TENGAH","SEMARANG","SRG","SEMARANG UTARA","SRG015","JT"
"JAWA TENGAH","KOTA SEMARANG","SEMARANG TIMUR","JAWA TENGAH","SEMARANG","SRG","SEMARANG TIMUR","SRG006","JT"
"JAWA TENGAH","KOTA SEMARANG","GAYAMSARI","JAWA TENGAH","SEMARANG","SRG","GAYAMSARI","SRG005","JT"
"JAWA TENGAH","KOTA SEMARANG","GENUK","JAWA TENGAH","SEMARANG","SRG","GENUK","SRG008","JT"
"JAWA TENGAH","KOTA SEMARANG","PEDURUNGAN","JAWA TENGAH","SEMARANG","SRG","PEDURUNGAN","SRG009","JT"
"JAWA TENGAH","KOTA SEMARANG","SEMARANG SELATAN","JAWA TENGAH","SEMARANG","SRG","SEMARANG SELATAN","SRG001","JT"
"JAWA TENGAH","KOTA SEMARANG","CANDISARI","JAWA TENGAH","SEMARANG","SRG","CANDISARI","SRG012","JT"
"JAWA TENGAH","KOTA SEMARANG","GAJAHMUNGKUR","JAWA TENGAH","SEMARANG","SRG","GAJAHMUNGKUR","SRG013","JT"
"JAWA TENGAH","KOTA SEMARANG","TEMBALANG","JAWA TENGAH","SEMARANG","SRG","TEMBALANG","SRG014","JT"
"JAWA TENGAH","KOTA SEMARANG","BANYUMANIK","JAWA TENGAH","SEMARANG","SRG","BANYUMANIK","SRG002","JT"
"JAWA TENGAH","KOTA SEMARANG","GUNUNGPATI","JAWA TENGAH","SEMARANG","SRG","GUNUNGPATI","SRG007","JT"
"JAWA TENGAH","KOTA SEMARANG","SEMARANG BARAT","JAWA TENGAH","SEMARANG","SRG","SEMARANG BARAT","SRG003","JT"
"JAWA TENGAH","KOTA SEMARANG","MIJEN","JAWA TENGAH","SEMARANG","SRG","MIJEN-SRG","SRG011","JT"
"JAWA TENGAH","KOTA SEMARANG","NGALIYAN","JAWA TENGAH","SEMARANG","SRG","NGALIYAN","SRG004","JT"
"JAWA TENGAH","KOTA SEMARANG","TUGU","JAWA TENGAH","SEMARANG","SRG","TUGU-SRG","SRG010","JT"
"JAWA TENGAH","KOTA SURAKARTA","LAWEYAN","JAWA TENGAH","SOLO","SOC","LAWEYAN","SOC001","JT"
"JAWA TENGAH","KOTA SURAKARTA","SERENGAN","JAWA TENGAH","SOLO","SOC","SERENGAN","SOC006","JT"
"JAWA TENGAH","KOTA SURAKARTA","PASAR KLIWON","JAWA TENGAH","SOLO","SOC","PASAR KLIWON","SOC003","JT"
"JAWA TENGAH","KOTA SURAKARTA","JEBRES","JAWA TENGAH","SOLO","SOC","JEBRES","SOC004","JT"
"JAWA TENGAH","KOTA SURAKARTA","BANJARSARI","JAWA TENGAH","SOLO","SOC","BANJARSARI-SOC","SOC005","JT"
"JAWA TENGAH","KOTA TEGAL","TEGAL BARAT","JAWA TENGAH","TEGAL","TGL","TEGAL BARAT","TGL002","JT"
"JAWA TENGAH","KOTA TEGAL","TEGAL TIMUR","JAWA TENGAH","TEGAL","TGL","TEGAL TIMUR","TGL001","JT"
"JAWA TENGAH","KOTA TEGAL","TEGAL SELATAN","JAWA TENGAH","TEGAL","TGL","TEGAL SELATAN","TGL004","JT"
"JAWA TENGAH","KOTA TEGAL","MARGADANA","JAWA TENGAH","TEGAL","TGL","MARGADANA","TGL003","JT"
"JAWA TIMUR","KAB. BANGKALAN","BANGKALAN","JAWA TIMUR","BANGKALAN","BWX","BANGKALAN","BWX002","JI"
"JAWA TIMUR","KAB. BANGKALAN","SOCAH","JAWA TIMUR","BANGKALAN","BWX","SOCAH","BWX010","JI"
"JAWA TIMUR","KAB. BANGKALAN","BURNEH","JAWA TIMUR","BANGKALAN","BWX","BURNEH","BWX003","JI"
"JAWA TIMUR","KAB. BANGKALAN","KAMAL","JAWA TIMUR","BANGKALAN","BWX","KAMAL-BWX","BWX005","JI"
"JAWA TIMUR","KAB. BANGKALAN","AROSBAYA","JAWA TIMUR","BANGKALAN","BWX","AROSBAYA","BWX001","JI"
"JAWA TIMUR","KAB. BANGKALAN","GEGER","JAWA TIMUR","BANGKALAN","BWX","GEGER-BWX","BWX004","JI"
"JAWA TIMUR","KAB. BANGKALAN","KLAMPIS","JAWA TIMUR","BANGKALAN","BWX","KLAMPIS","BWX006","JI"
"JAWA TIMUR","KAB. BANGKALAN","SEPULU","JAWA TIMUR","BANGKALAN","BWX","SEPULU","BWX009","JI"
"JAWA TIMUR","KAB. BANGKALAN","TANJUNG BUMI","JAWA TIMUR","BANGKALAN","BWX","TANJUNGBUMI","BWX011","JI"
"JAWA TIMUR","KAB. BANGKALAN","KOKOP","JAWA TIMUR","BANGKALAN","BWX","KOKOP","BWX007","JI"
"JAWA TIMUR","KAB. BANGKALAN","KWANYAR","JAWA TIMUR","BANGKALAN","BWX","KWANYAR","BWX016","JI"
"JAWA TIMUR","KAB. BANGKALAN","LABANG","JAWA TIMUR","BANGKALAN","BWX","LABANG","BWX008","JI"
"JAWA TIMUR","KAB. BANGKALAN","TANAH MERAH","JAWA TIMUR","BANGKALAN","BWX","TANAH MERAH-BWX","BWX013","JI"
"JAWA TIMUR","KAB. BANGKALAN","TRAGAH","JAWA TIMUR","BANGKALAN","BWX","TRAGAH","BWX012","JI"
"JAWA TIMUR","KAB. BANGKALAN","BLEGA","JAWA TIMUR","BANGKALAN","BWX","BLEGA","BWX018","JI"
"JAWA TIMUR","KAB. BANGKALAN","MODUNG","JAWA TIMUR","BANGKALAN","BWX","MODUNG","BWX014","JI"
"JAWA TIMUR","KAB. BANGKALAN","KONANG","JAWA TIMUR","BANGKALAN","BWX","KONANG","BWX015","JI"
"JAWA TIMUR","KAB. BANGKALAN","GALIS","JAWA TIMUR","BANGKALAN","BWX","GALIS-BWX","BWX017","JI"
"JAWA TIMUR","KAB. BANYUWANGI","PESANGGARAN","JAWA TIMUR","BANYUWANGI","BWI","PESANGGRAHAN-BWI","BWI015","JI"
"JAWA TIMUR","KAB. BANYUWANGI","BANGOREJO","JAWA TIMUR","BANYUWANGI","BWI","BANGOREJO","BWI018","JI"
"JAWA TIMUR","KAB. BANYUWANGI","PURWOHARJO","JAWA TIMUR","BANYUWANGI","BWI","PURWOHARJO","BWI014","JI"
"JAWA TIMUR","KAB. BANYUWANGI","TEGALDLIMO","JAWA TIMUR","BANYUWANGI","BWI","TEGALDIMO","BWI016","JI"
"JAWA TIMUR","KAB. BANYUWANGI","MUNCAR","JAWA TIMUR","BANYUWANGI","BWI","MUNCAR","BWI020","JI"
"JAWA TIMUR","KAB. BANYUWANGI","CLURING","JAWA TIMUR","BANYUWANGI","BWI","CLURING","BWI019","JI"
"JAWA TIMUR","KAB. BANYUWANGI","GAMBIRAN","JAWA TIMUR","BANYUWANGI","BWI","GAMBIRAN","BWI008","JI"
"JAWA TIMUR","KAB. BANYUWANGI","SRONO","JAWA TIMUR","BANYUWANGI","BWI","SRONO","BWI024","JI"
"JAWA TIMUR","KAB. BANYUWANGI","GENTENG","JAWA TIMUR","BANYUWANGI","BWI","GENTENG-BWI","BWI010","JI"
"JAWA TIMUR","KAB. BANYUWANGI","GLENMORE","JAWA TIMUR","BANYUWANGI","BWI","GLENMORE","BWI009","JI"
"JAWA TIMUR","KAB. BANYUWANGI","KALIBARU","JAWA TIMUR","BANYUWANGI","BWI","KALIBARU","BWI011","JI"
"JAWA TIMUR","KAB. BANYUWANGI","SINGOJURUH","JAWA TIMUR","BANYUWANGI","BWI","SINGOJURUH","BWI022","JI"
"JAWA TIMUR","KAB. BANYUWANGI","ROGOJAMPI","JAWA TIMUR","BANYUWANGI","BWI","ROGOJAMPI","BWI021","JI"
"JAWA TIMUR","KAB. BANYUWANGI","KABAT","JAWA TIMUR","BANYUWANGI","BWI","KABAT","BWI004","JI"
"JAWA TIMUR","KAB. BANYUWANGI","GLAGAH","JAWA TIMUR","BANYUWANGI","BWI","GLAGAH-BWI","BWI003","JI"
"JAWA TIMUR","KAB. BANYUWANGI","BANYUWANGI","JAWA TIMUR","BANYUWANGI","BWI","BANYUWANGI","BWI001","JI"
"JAWA TIMUR","KAB. BANYUWANGI","GIRI","JAWA TIMUR","BANYUWANGI","BWI","GIRI","BWI002","JI"
"JAWA TIMUR","KAB. BANYUWANGI","WONGSOREJO","JAWA TIMUR","BANYUWANGI","BWI","WONGSOREJO","BWI007","JI"
"JAWA TIMUR","KAB. BANYUWANGI","SONGGON","JAWA TIMUR","BANYUWANGI","BWI","SONGGON","BWI023","JI"
"JAWA TIMUR","KAB. BANYUWANGI","SEMPU","JAWA TIMUR","BANYUWANGI","BWI","SEMPU","BWI012","JI"
"JAWA TIMUR","KAB. BANYUWANGI","KALIPURO","JAWA TIMUR","BANYUWANGI","BWI","KALIPURO","BWI005","JI"
"JAWA TIMUR","KAB. BANYUWANGI","SILIRAGUNG","JAWA TIMUR","BANYUWANGI","BWI","SILIR AGUNG","BWI017","JI"
"JAWA TIMUR","KAB. BANYUWANGI","TEGALSARI","JAWA TIMUR","BANYUWANGI","BWI","TEGALSARI-BWI","BWI013","JI"
"JAWA TIMUR","KAB. BANYUWANGI","LICIN","JAWA TIMUR","BANYUWANGI","BWI","LICIN","BWI006","JI"
"JAWA TIMUR","KAB. BLITAR","WONODADI","JAWA TIMUR","WLINGI","WLG","WONODADI","WLG012","JI"
"JAWA TIMUR","KAB. BLITAR","UDANAWU","JAWA TIMUR","WLINGI","WLG","UDANAWU","WLG011","JI"
"JAWA TIMUR","KAB. BLITAR","SRENGAT","JAWA TIMUR","WLINGI","WLG","SRENGAT","WLG009","JI"
"JAWA TIMUR","KAB. BLITAR","KADEMANGAN","JAWA TIMUR","WLINGI","WLG","KADEMANGAN-WLG","WLG004","JI"
"JAWA TIMUR","KAB. BLITAR","BAKUNG","JAWA TIMUR","WLINGI","WLG","BAKUNG","WLG001","JI"
"JAWA TIMUR","KAB. BLITAR","PONGGOK","JAWA TIMUR","WLINGI","WLG","PONGGOK","WLG007","JI"
"JAWA TIMUR","KAB. BLITAR","SANANKULON","JAWA TIMUR","WLINGI","WLG","SANAN KULON","WLG008","JI"
"JAWA TIMUR","KAB. BLITAR","WONOTIRTO","JAWA TIMUR","WLINGI","WLG","WONOTIRTO","WLG013","JI"
"JAWA TIMUR","KAB. BLITAR","NGLEGOK","JAWA TIMUR","WLINGI","WLG","NGLEGOK","WLG006","JI"
"JAWA TIMUR","KAB. BLITAR","KANIGORO","JAWA TIMUR","WLINGI","WLG","KANIGORO","WLG005","JI"
"JAWA TIMUR","KAB. BLITAR","GARUM","JAWA TIMUR","WLINGI","WLG","GARUM","WLG003","JI"
"JAWA TIMUR","KAB. BLITAR","SUTOJAYAN","JAWA TIMUR","WLINGI","WLG","SUTOJAYAN","WLG010","JI"
"JAWA TIMUR","KAB. BLITAR","PANGGUNGREJO","JAWA TIMUR","WLINGI","WLG","PANGGUNGREJO-WLG","WLG019","JI"
"JAWA TIMUR","KAB. BLITAR","TALUN","JAWA TIMUR","WLINGI","WLG","TALUN-WLG","WLG016","JI"
"JAWA TIMUR","KAB. BLITAR","GANDUSARI","JAWA TIMUR","WLINGI","WLG","GANDUSARI-WLG","WLG022","JI"
"JAWA TIMUR","KAB. BLITAR","BINANGUN","JAWA TIMUR","WLINGI","WLG","BINANGUN-WLG","WLG002","JI"
"JAWA TIMUR","KAB. BLITAR","WLINGI","JAWA TIMUR","WLINGI","WLG","WLINGI","WLG015","JI"
"JAWA TIMUR","KAB. BLITAR","DOKO","JAWA TIMUR","WLINGI","WLG","DOKO","WLG021","JI"
"JAWA TIMUR","KAB. BLITAR","KESAMBEN","JAWA TIMUR","WLINGI","WLG","KESAMBEN-WLG","WLG020","JI"
"JAWA TIMUR","KAB. BLITAR","WATES","JAWA TIMUR","WLINGI","WLG","WATES-WLG","WLG014","JI"
"JAWA TIMUR","KAB. BLITAR","SELOREJO","JAWA TIMUR","WLINGI","WLG","SELOREJO","WLG018","JI"
"JAWA TIMUR","KAB. BLITAR","SELOPURO","JAWA TIMUR","WLINGI","WLG","SELOPURO","WLG017","JI"
"JAWA TIMUR","KAB. BOJONEGORO","NGRAHO","JAWA TIMUR","BOJONEGORO","BJE","NGRAHO","BJE018","JI"
"JAWA TIMUR","KAB. BOJONEGORO","TAMBAKREJO","JAWA TIMUR","BOJONEGORO","BJE","TAMBAKREJO","BJE020","JI"
"JAWA TIMUR","KAB. BOJONEGORO","NGAMBON","JAWA TIMUR","BOJONEGORO","BJE","NGAMBON","BJE022","JI"
"JAWA TIMUR","KAB. BOJONEGORO","NGASEM","JAWA TIMUR","BOJONEGORO","BJE","NGASEM-BJE","BJE023","JI"
"JAWA TIMUR","KAB. BOJONEGORO","BUBULAN","JAWA TIMUR","BOJONEGORO","BJE","BUBULAN","BJE004","JI"
"JAWA TIMUR","KAB. BOJONEGORO","DANDER","JAWA TIMUR","BOJONEGORO","BJE","DANDER","BJE005","JI"
"JAWA TIMUR","KAB. BOJONEGORO","SUGIHWARAS","JAWA TIMUR","BOJONEGORO","BJE","SUGIHWARAS","BJE011","JI"
"JAWA TIMUR","KAB. BOJONEGORO","KEDUNGADEM","JAWA TIMUR","BOJONEGORO","BJE","KEDUNGADEM","BJE008","JI"
"JAWA TIMUR","KAB. BOJONEGORO","KEPOHBARU","JAWA TIMUR","BOJONEGORO","BJE","KEPOH BARU","BJE009","JI"
"JAWA TIMUR","KAB. BOJONEGORO","BAURENO","JAWA TIMUR","BOJONEGORO","BJE","BAURENO","BJE002","JI"
"JAWA TIMUR","KAB. BOJONEGORO","KANOR","JAWA TIMUR","BOJONEGORO","BJE","KANOR","BJE006","JI"
"JAWA TIMUR","KAB. BOJONEGORO","SUMBEREJO","JAWA TIMUR","BOJONEGORO","BJE","SUMBEREJO-BJE","BJE013","JI"
"JAWA TIMUR","KAB. BOJONEGORO","BALEN","JAWA TIMUR","BOJONEGORO","BJE","BALEN","BJE001","JI"
"JAWA TIMUR","KAB. BOJONEGORO","KAPAS","JAWA TIMUR","BOJONEGORO","BJE","KAPAS","BJE007","JI"
"JAWA TIMUR","KAB. BOJONEGORO","BOJONEGORO","JAWA TIMUR","BOJONEGORO","BJE","BOJONEGORO","BJE003","JI"
"JAWA TIMUR","KAB. BOJONEGORO","KALITIDU","JAWA TIMUR","BOJONEGORO","BJE","KALITIDU","BJE028","JI"
"JAWA TIMUR","KAB. BOJONEGORO","MALO","JAWA TIMUR","BOJONEGORO","BJE","MALO","BJE021","JI"
"JAWA TIMUR","KAB. BOJONEGORO","PURWOSARI","JAWA TIMUR","BOJONEGORO","BJE","PURWOSARI-BJE","BJE025","JI"
"JAWA TIMUR","KAB. BOJONEGORO","PADANGAN","JAWA TIMUR","BOJONEGORO","BJE","PADANGAN","BJE024","JI"
"JAWA TIMUR","KAB. BOJONEGORO","KASIMAN","JAWA TIMUR","BOJONEGORO","BJE","KASIMAN","BJE026","JI"
"JAWA TIMUR","KAB. BOJONEGORO","TEMAYANG","JAWA TIMUR","BOJONEGORO","BJE","TEMAYANG","BJE014","JI"
"JAWA TIMUR","KAB. BOJONEGORO","MARGOMULYO","JAWA TIMUR","BOJONEGORO","BJE","MARGOMULYO","BJE017","JI"
"JAWA TIMUR","KAB. BOJONEGORO","TRUCUK","JAWA TIMUR","BOJONEGORO","BJE","TRUCUK-BJE","BJE016","JI"
"JAWA TIMUR","KAB. BOJONEGORO","SUKOSEWU","JAWA TIMUR","BOJONEGORO","BJE","SUKOSEWU","BJE012","JI"
"JAWA TIMUR","KAB. BOJONEGORO","KEDEWAN","JAWA TIMUR","BOJONEGORO","BJE","KEDEWAN","BJE027","JI"
"JAWA TIMUR","KAB. BOJONEGORO","GONDANG","JAWA TIMUR","BOJONEGORO","BJE","GONDANG-BJE","BJE015","JI"
"JAWA TIMUR","KAB. BOJONEGORO","SEKAR","JAWA TIMUR","BOJONEGORO","BJE","SEKAR","BJE010","JI"
"JAWA TIMUR","KAB. BOJONEGORO","GAYAM","JAWA TIMUR","BOJONEGORO","BJE","GAYAM-BJE","BJE019","JI"
"JAWA TIMUR","KAB. BONDOWOSO","MAESAN","JAWA TIMUR","BONDOWOSO","BWS","MAESAN","BWS004","JI"
"JAWA TIMUR","KAB. BONDOWOSO","TAMANAN","JAWA TIMUR","BONDOWOSO","BWS","TAMANAN","BWS005","JI"
"JAWA TIMUR","KAB. BONDOWOSO","TLOGOSARI","JAWA TIMUR","BONDOWOSO","BWS","TLOGOSARI","BWS022","JI"
"JAWA TIMUR","KAB. BONDOWOSO","SUKOSARI","JAWA TIMUR","BONDOWOSO","BWS","SUKOSARI","BWS009","JI"
"JAWA TIMUR","KAB. BONDOWOSO","PUJER","JAWA TIMUR","BONDOWOSO","BWS","PUJER","BWS006","JI"
"JAWA TIMUR","KAB. BONDOWOSO","GRUJUGAN","JAWA TIMUR","BONDOWOSO","BWS","GRUJUGAN","BWS003","JI"
"JAWA TIMUR","KAB. BONDOWOSO","CURAHDAMI","JAWA TIMUR","BONDOWOSO","BWS","CURAHDAMI","BWS018","JI"
"JAWA TIMUR","KAB. BONDOWOSO","TENGGARANG","JAWA TIMUR","BONDOWOSO","BWS","TENGGARANG","BWS007","JI"
"JAWA TIMUR","KAB. BONDOWOSO","WONOSARI","JAWA TIMUR","BONDOWOSO","BWS","WONOSARI-BWS","BWS008","JI"
"JAWA TIMUR","KAB. BONDOWOSO","TAPEN","JAWA TIMUR","BONDOWOSO","BWS","TAPEN","BWS015","JI"
"JAWA TIMUR","KAB. BONDOWOSO","BONDOWOSO","JAWA TIMUR","BONDOWOSO","BWS","BONDOWOSO","BWS011","JI"
"JAWA TIMUR","KAB. BONDOWOSO","WRINGIN","JAWA TIMUR","BONDOWOSO","BWS","WRINGIN","BWS002","JI"
"JAWA TIMUR","KAB. BONDOWOSO","TEGALAMPEL","JAWA TIMUR","BONDOWOSO","BWS","TEGAL AMPEL","BWS010","JI"
"JAWA TIMUR","KAB. BONDOWOSO","KLABANG","JAWA TIMUR","BONDOWOSO","BWS","KELABANG","BWS001","JI"
"JAWA TIMUR","KAB. BONDOWOSO","CERMEE","JAWA TIMUR","BONDOWOSO","BWS","CERMEE","BWS017","JI"
"JAWA TIMUR","KAB. BONDOWOSO","PRAJEKAN","JAWA TIMUR","BONDOWOSO","BWS","PRAJEKAN","BWS019","JI"
"JAWA TIMUR","KAB. BONDOWOSO","PAKEM","JAWA TIMUR","BONDOWOSO","BWS","PAKEM-BWS","BWS023","JI"
"JAWA TIMUR","KAB. BONDOWOSO","SUMBERWRINGIN","JAWA TIMUR","BONDOWOSO","BWS","SUMBERWRINGIN","BWS021","JI"
"JAWA TIMUR","KAB. BONDOWOSO","SEMPOL","JAWA TIMUR","BONDOWOSO","BWS","SEMPOL","BWS020","JI"
"JAWA TIMUR","KAB. BONDOWOSO","BINAKAL","JAWA TIMUR","BONDOWOSO","BWS","BINAKAL","BWS016","JI"
"JAWA TIMUR","KAB. BONDOWOSO","TAMAN KROCOK","JAWA TIMUR","BONDOWOSO","BWS","KEROCOK","BWS014","JI"
"JAWA TIMUR","KAB. BONDOWOSO","BOTOLINGGO","JAWA TIMUR","BONDOWOSO","BWS","BOTO LINGGO","BWS012","JI"
"JAWA TIMUR","KAB. BONDOWOSO","JAMBESARI DARUS SHOLAH","JAWA TIMUR","BONDOWOSO","BWS","JAMBISARI D S","BWS013","JI"
"JAWA TIMUR","KAB. GRESIK","DUKUN","JAWA TIMUR","GRESIK","GSK","DUKUN","GSK010","JI"
"JAWA TIMUR","KAB. GRESIK","BALONGPANGGANG","JAWA TIMUR","GRESIK","GSK","BALONGPANGGANG","GSK002","JI"
"JAWA TIMUR","KAB. GRESIK","PANCENG","JAWA TIMUR","GRESIK","GSK","PANCENG","GSK015","JI"
"JAWA TIMUR","KAB. GRESIK","BENJENG","JAWA TIMUR","GRESIK","GSK","BENJENG","GSK003","JI"
"JAWA TIMUR","KAB. GRESIK","DUDUKSAMPEYAN","JAWA TIMUR","GRESIK","GSK","DUDUK SAMPEYAN","GSK005","JI"
"JAWA TIMUR","KAB. GRESIK","WRINGINANOM","JAWA TIMUR","GRESIK","GSK","WRINGIN ANOM","GSK018","JI"
"JAWA TIMUR","KAB. GRESIK","UJUNGPANGKAH","JAWA TIMUR","GRESIK","GSK","UJUNG PANGKAH","GSK017","JI"
"JAWA TIMUR","KAB. GRESIK","KEDAMEAN","JAWA TIMUR","GRESIK","GSK","KEDAMEAN","GSK012","JI"
"JAWA TIMUR","KAB. GRESIK","SIDAYU","JAWA TIMUR","GRESIK","GSK","SIDAYU","GSK016","JI"
"JAWA TIMUR","KAB. GRESIK","MANYAR","JAWA TIMUR","GRESIK","GSK","MANYAR","GSK013","JI"
"JAWA TIMUR","KAB. GRESIK","CERME","JAWA TIMUR","GRESIK","GSK","CERME","GSK004","JI"
"JAWA TIMUR","KAB. GRESIK","BUNGAH","JAWA TIMUR","GRESIK","GSK","BUNGAH","GSK008","JI"
"JAWA TIMUR","KAB. GRESIK","MENGANTI","JAWA TIMUR","GRESIK","GSK","MENGANTI","GSK014","JI"
"JAWA TIMUR","KAB. GRESIK","KEBOMAS","JAWA TIMUR","GRESIK","GSK","KEBOMAS","GSK001","JI"
"JAWA TIMUR","KAB. GRESIK","DRIYOREJO","JAWA TIMUR","GRESIK","GSK","DRIYOREJO","GSK009","JI"
"JAWA TIMUR","KAB. GRESIK","GRESIK","JAWA TIMUR","GRESIK","GSK","GRESIK","GSK011","JI"
"JAWA TIMUR","KAB. GRESIK","SANGKAPURA","JAWA TIMUR","GRESIK","GSK","SANGKAPURA","GSK006","JI"
"JAWA TIMUR","KAB. GRESIK","TAMBAK","JAWA TIMUR","GRESIK","GSK","TAMBAK-GSK","GSK007","JI"
"JAWA TIMUR","KAB. JEMBER","JOMBANG","JAWA TIMUR","JEMBER","JBR","JOMBANG-JBR","JBR021","JI"
"JAWA TIMUR","KAB. JEMBER","KENCONG","JAWA TIMUR","JEMBER","JBR","KENCONG","JBR017","JI"
"JAWA TIMUR","KAB. JEMBER","SUMBERBARU","JAWA TIMUR","JEMBER","JBR","SUMBER BARU","JBR016","JI"
"JAWA TIMUR","KAB. JEMBER","GUMUKMAS","JAWA TIMUR","JEMBER","JBR","GUMUKMAS","JBR018","JI"
"JAWA TIMUR","KAB. JEMBER","UMBULSARI","JAWA TIMUR","JEMBER","JBR","UMBULSARI","JBR019","JI"
"JAWA TIMUR","KAB. JEMBER","TANGGUL","JAWA TIMUR","JEMBER","JBR","TANGGUL","JBR015","JI"
"JAWA TIMUR","KAB. JEMBER","SEMBORO","JAWA TIMUR","JEMBER","JBR","SEMBORO","JBR020","JI"
"JAWA TIMUR","KAB. JEMBER","PUGER","JAWA TIMUR","JEMBER","JBR","PUGER","JBR007","JI"
"JAWA TIMUR","KAB. JEMBER","BANGSALSARI","JAWA TIMUR","JEMBER","JBR","BANGSALSARI","JBR025","JI"
"JAWA TIMUR","KAB. JEMBER","BALUNG","JAWA TIMUR","JEMBER","JBR","BALUNG","JBR006","JI"
"JAWA TIMUR","KAB. JEMBER","WULUHAN","JAWA TIMUR","JEMBER","JBR","WULUHAN","JBR008","JI"
"JAWA TIMUR","KAB. JEMBER","AMBULU","JAWA TIMUR","JEMBER","JBR","AMBULU","JBR005","JI"
"JAWA TIMUR","KAB. JEMBER","RAMBIPUJI","JAWA TIMUR","JEMBER","JBR","RAMBIPUJI","JBR022","JI"
"JAWA TIMUR","KAB. JEMBER","PANTI","JAWA TIMUR","JEMBER","JBR","PANTI-JBR","JBR024","JI"
"JAWA TIMUR","KAB. JEMBER","SUKORAMBI","JAWA TIMUR","JEMBER","JBR","SUKORAMBI","JBR023","JI"
"JAWA TIMUR","KAB. JEMBER","JENGGAWAH","JAWA TIMUR","JEMBER","JBR","JENGGAWAH","JBR010","JI"
"JAWA TIMUR","KAB. JEMBER","AJUNG","JAWA TIMUR","JEMBER","JBR","AJUNG","JBR014","JI"
"JAWA TIMUR","KAB. JEMBER","TEMPUREJO","JAWA TIMUR","JEMBER","JBR","TEMPUREJO","JBR009","JI"
"JAWA TIMUR","KAB. JEMBER","KALIWATES","JAWA TIMUR","JEMBER","JBR","KALIWATES","JBR013","JI"
"JAWA TIMUR","KAB. JEMBER","PATRANG","JAWA TIMUR","JEMBER","JBR","PATRANG","JBR001","JI"
"JAWA TIMUR","KAB. JEMBER","SUMBERSARI","JAWA TIMUR","JEMBER","JBR","SUMBERSARI","JBR002","JI"
"JAWA TIMUR","KAB. JEMBER","ARJASA","JAWA TIMUR","JEMBER","JBR","ARJASA-JBR","JBR003","JI"
"JAWA TIMUR","KAB. JEMBER","MUMBULSARI","JAWA TIMUR","JEMBER","JBR","MUMBULSARI","JBR012","JI"
"JAWA TIMUR","KAB. JEMBER","PAKUSARI","JAWA TIMUR","JEMBER","JBR","PAKUSARI","JBR004","JI"
"JAWA TIMUR","KAB. JEMBER","JELBUK","JAWA TIMUR","JEMBER","JBR","JELBUK","JBR011","JI"
"JAWA TIMUR","KAB. JEMBER","MAYANG","JAWA TIMUR","JEMBER","JBR","MAYANG","JBR030","JI"
"JAWA TIMUR","KAB. JEMBER","KALISAT","JAWA TIMUR","JEMBER","JBR","KALISAT","JBR026","JI"
"JAWA TIMUR","KAB. JEMBER","LEDOKOMBO","JAWA TIMUR","JEMBER","JBR","LEDOKOMBO","JBR029","JI"
"JAWA TIMUR","KAB. JEMBER","SUKOWONO","JAWA TIMUR","JEMBER","JBR","SUKOWONO","JBR027","JI"
"JAWA TIMUR","KAB. JEMBER","SILO","JAWA TIMUR","JEMBER","JBR","SILO","JBR031","JI"
"JAWA TIMUR","KAB. JEMBER","SUMBERJAMBE","JAWA TIMUR","JEMBER","JBR","SUMBER JAMBE","JBR028","JI"
"JAWA TIMUR","KAB. JOMBANG","PERAK","JAWA TIMUR","JOMBANG","JBG","PERAK","JBG010","JI"
"JAWA TIMUR","KAB. JOMBANG","GUDO","JAWA TIMUR","JOMBANG","JBG","GUDO","JBG005","JI"
"JAWA TIMUR","KAB. JOMBANG","NGORO","JAWA TIMUR","JOMBANG","JBG","NGORO-JBG","JBG018","JI"
"JAWA TIMUR","KAB. JOMBANG","BARENG","JAWA TIMUR","JOMBANG","JBG","BARENG","JBG020","JI"
"JAWA TIMUR","KAB. JOMBANG","WONOSALAM","JAWA TIMUR","JOMBANG","JBG","WONOSALAM-JBG","JBG014","JI"
"JAWA TIMUR","KAB. JOMBANG","MOJOAGUNG","JAWA TIMUR","JOMBANG","JBG","MOJOAGUNG","JBG016","JI"
"JAWA TIMUR","KAB. JOMBANG","MOJOWARNO","JAWA TIMUR","JOMBANG","JBG","MOJOWARNO","JBG017","JI"
"JAWA TIMUR","KAB. JOMBANG","DIWEK","JAWA TIMUR","JOMBANG","JBG","DIWEK","JBG003","JI"
"JAWA TIMUR","KAB. JOMBANG","JOMBANG","JAWA TIMUR","JOMBANG","JBG","JOMBANG-JBG","JBG001","JI"
"JAWA TIMUR","KAB. JOMBANG","PETERONGAN","JAWA TIMUR","JOMBANG","JBG","PETERONGAN","JBG002","JI"
"JAWA TIMUR","KAB. JOMBANG","SUMOBITO","JAWA TIMUR","JOMBANG","JBG","SUMOBITO","JBG015","JI"
"JAWA TIMUR","KAB. JOMBANG","KESAMBEN","JAWA TIMUR","JOMBANG","JBG","KESAMBEN-JBG","JBG019","JI"
"JAWA TIMUR","KAB. JOMBANG","TEMBELANG","JAWA TIMUR","JOMBANG","JBG","TEMBELANG","JBG013","JI"
"JAWA TIMUR","KAB. JOMBANG","PLOSO","JAWA TIMUR","JOMBANG","JBG","PLOSO","JBG012","JI"
"JAWA TIMUR","KAB. JOMBANG","PLANDAAN","JAWA TIMUR","JOMBANG","JBG","PLANDAAN","JBG011","JI"
"JAWA TIMUR","KAB. JOMBANG","KABUH","JAWA TIMUR","JOMBANG","JBG","KABUH","JBG006","JI"
"JAWA TIMUR","KAB. JOMBANG","KUDU","JAWA TIMUR","JOMBANG","JBG","KUDU","JBG007","JI"
"JAWA TIMUR","KAB. JOMBANG","BANDARKEDUNGMULYO","JAWA TIMUR","JOMBANG","JBG","BANDAR KEDUNG MULYO","JBG004","JI"
"JAWA TIMUR","KAB. JOMBANG","JOGOROTO","JAWA TIMUR","JOMBANG","JBG","JOGOROTO","JBG021","JI"
"JAWA TIMUR","KAB. JOMBANG","MEGALUH","JAWA TIMUR","JOMBANG","JBG","MEGALUH","JBG008","JI"
"JAWA TIMUR","KAB. JOMBANG","NGUSIKAN","JAWA TIMUR","JOMBANG","JBG","NGUSIKAN","JBG009","JI"
"JAWA TIMUR","KAB. KEDIRI","SEMEN","JAWA TIMUR","NGASEM","NGA","SEMEN","NGA018","JI"
"JAWA TIMUR","KAB. KEDIRI","MOJO","JAWA TIMUR","NGASEM","NGA","MOJO","NGA015","JI"
"JAWA TIMUR","KAB. KEDIRI","KRAS","JAWA TIMUR","NGASEM","NGA","KRAS","NGA014","JI"
"JAWA TIMUR","KAB. KEDIRI","NGADILUWIH","JAWA TIMUR","NGASEM","NGA","NGADILUWIH","NGA016","JI"
"JAWA TIMUR","KAB. KEDIRI","KANDAT","JAWA TIMUR","NGASEM","NGA","KANDAT","NGA003","JI"
"JAWA TIMUR","KAB. KEDIRI","WATES","JAWA TIMUR","NGASEM","NGA","WATES-NGA","NGA005","JI"
"JAWA TIMUR","KAB. KEDIRI","NGANCAR","JAWA TIMUR","NGASEM","NGA","NGANCAR","NGA006","JI"
"JAWA TIMUR","KAB. KEDIRI","PUNCU","JAWA TIMUR","NGASEM","NGA","PUNCU","NGA025","JI"
"JAWA TIMUR","KAB. KEDIRI","PLOSOKLATEN","JAWA TIMUR","NGASEM","NGA","PLOSOKLATEN","NGA001","JI"
"JAWA TIMUR","KAB. KEDIRI","GURAH","JAWA TIMUR","NGASEM","NGA","GURAH","NGA009","JI"
"JAWA TIMUR","KAB. KEDIRI","PAGU","JAWA TIMUR","NGASEM","NGA","PAGU","NGA007","JI"
"JAWA TIMUR","KAB. KEDIRI","GAMPENGREJO","JAWA TIMUR","NGASEM","NGA","GAMPENGREJO","NGA012","JI"
"JAWA TIMUR","KAB. KEDIRI","GROGOL","JAWA TIMUR","NGASEM","NGA","GROGOL-NGA","NGA013","JI"
"JAWA TIMUR","KAB. KEDIRI","PAPAR","JAWA TIMUR","NGASEM","NGA","PAPAR","NGA002","JI"
"JAWA TIMUR","KAB. KEDIRI","PURWOASRI","JAWA TIMUR","NGASEM","NGA","PURWOSARI-NGA","NGA026","JI"
"JAWA TIMUR","KAB. KEDIRI","PLEMAHAN","JAWA TIMUR","NGASEM","NGA","PLEMAHAN","NGA021","JI"
"JAWA TIMUR","KAB. KEDIRI","PARE","JAWA TIMUR","NGASEM","NGA","PARE","NGA020","JI"
"JAWA TIMUR","KAB. KEDIRI","KEPUNG","JAWA TIMUR","NGASEM","NGA","KEPUNG","NGA023","JI"
"JAWA TIMUR","KAB. KEDIRI","KANDANGAN","JAWA TIMUR","NGASEM","NGA","KANDANGAN-NGA","NGA024","JI"
"JAWA TIMUR","KAB. KEDIRI","TAROKAN","JAWA TIMUR","NGASEM","NGA","TAROKAN","NGA019","JI"
"JAWA TIMUR","KAB. KEDIRI","KUNJANG","JAWA TIMUR","NGASEM","NGA","KUNJANG","NGA022","JI"
"JAWA TIMUR","KAB. KEDIRI","BANYAKAN","JAWA TIMUR","NGASEM","NGA","BANYAKAN","NGA011","JI"
"JAWA TIMUR","KAB. KEDIRI","RINGINREJO","JAWA TIMUR","NGASEM","NGA","RINGINREJO","NGA004","JI"
"JAWA TIMUR","KAB. KEDIRI","KAYEN KIDUL","JAWA TIMUR","NGASEM","NGA","KAYEN KEDUL","NGA008","JI"
"JAWA TIMUR","KAB. KEDIRI","NGASEM","JAWA TIMUR","NGASEM","NGA","NGASEM-NGA","NGA017","JI"
"JAWA TIMUR","KAB. KEDIRI","BADAS","JAWA TIMUR","NGASEM","NGA","BADAS","NGA010","JI"
"JAWA TIMUR","KAB. LAMONGAN","SUKORAME","JAWA TIMUR","LAMONGAN","LMG","SUKORAME","LMG015","JI"
"JAWA TIMUR","KAB. LAMONGAN","BLULUK","JAWA TIMUR","LAMONGAN","LMG","BLULUK","LMG026","JI"
"JAWA TIMUR","KAB. LAMONGAN","MODO","JAWA TIMUR","LAMONGAN","LMG","MODO","LMG020","JI"
"JAWA TIMUR","KAB. LAMONGAN","NGIMBANG","JAWA TIMUR","LAMONGAN","LMG","NGIMBANG","LMG021","JI"
"JAWA TIMUR","KAB. LAMONGAN","BABAT","JAWA TIMUR","LAMONGAN","LMG","BABAT","LMG025","JI"
"JAWA TIMUR","KAB. LAMONGAN","KEDUNGPRING","JAWA TIMUR","LAMONGAN","LMG","KEDUNGPIRING","LMG024","JI"
"JAWA TIMUR","KAB. LAMONGAN","BRONDONG","JAWA TIMUR","LAMONGAN","LMG","BRONDONG","LMG027","JI"
"JAWA TIMUR","KAB. LAMONGAN","LAREN","JAWA TIMUR","LAMONGAN","LMG","LAREN","LMG022","JI"
"JAWA TIMUR","KAB. LAMONGAN","SEKARAN","JAWA TIMUR","LAMONGAN","LMG","SEKARAN","LMG017","JI"
"JAWA TIMUR","KAB. LAMONGAN","MADURAN","JAWA TIMUR","LAMONGAN","LMG","MADURAN","LMG023","JI"
"JAWA TIMUR","KAB. LAMONGAN","SAMBENG","JAWA TIMUR","LAMONGAN","LMG","SAMBENG","LMG019","JI"
"JAWA TIMUR","KAB. LAMONGAN","SUGIO","JAWA TIMUR","LAMONGAN","LMG","SUGIO","LMG018","JI"
"JAWA TIMUR","KAB. LAMONGAN","PUCUK","JAWA TIMUR","LAMONGAN","LMG","PUCUK","LMG013","JI"
"JAWA TIMUR","KAB. LAMONGAN","PACIRAN","JAWA TIMUR","LAMONGAN","LMG","PACIRAN","LMG012","JI"
"JAWA TIMUR","KAB. LAMONGAN","SOLOKURO","JAWA TIMUR","LAMONGAN","LMG","SOLOKURO","LMG014","JI"
"JAWA TIMUR","KAB. LAMONGAN","MANTUP","JAWA TIMUR","LAMONGAN","LMG","MANTUP","LMG011","JI"
"JAWA TIMUR","KAB. LAMONGAN","SUKODADI","JAWA TIMUR","LAMONGAN","LMG","SUKODADI","LMG002","JI"
"JAWA TIMUR","KAB. LAMONGAN","KARANGGENENG","JAWA TIMUR","LAMONGAN","LMG","KARANG GENENG","LMG008","JI"
"JAWA TIMUR","KAB. LAMONGAN","KEMBANGBAHU","JAWA TIMUR","LAMONGAN","LMG","KEMBANGBAHU","LMG010","JI"
"JAWA TIMUR","KAB. LAMONGAN","KALITENGAH","JAWA TIMUR","LAMONGAN","LMG","KALITENGAH","LMG007","JI"
"JAWA TIMUR","KAB. LAMONGAN","TURI","JAWA TIMUR","LAMONGAN","LMG","TURI-LMG","LMG003","JI"
"JAWA TIMUR","KAB. LAMONGAN","LAMONGAN","JAWA TIMUR","LAMONGAN","LMG","LAMONGAN","LMG001","JI"
"JAWA TIMUR","KAB. LAMONGAN","TIKUNG","JAWA TIMUR","LAMONGAN","LMG","TIKUNG","LMG016","JI"
"JAWA TIMUR","KAB. LAMONGAN","KARANGBINANGUN","JAWA TIMUR","LAMONGAN","LMG","KARANGBINANGUN","LMG009","JI"
"JAWA TIMUR","KAB. LAMONGAN","DEKET","JAWA TIMUR","LAMONGAN","LMG","DEKET","LMG004","JI"
"JAWA TIMUR","KAB. LAMONGAN","GLAGAH","JAWA TIMUR","LAMONGAN","LMG","GLAGAH-LMG","LMG006","JI"
"JAWA TIMUR","KAB. LAMONGAN","SARIREJO","JAWA TIMUR","LAMONGAN","LMG","SARIREJO","LMG005","JI"
"JAWA TIMUR","KAB. LUMAJANG","TEMPURSARI","JAWA TIMUR","LUMAJANG","LMJ","TEMPURSARI","LMJ019","JI"
"JAWA TIMUR","KAB. LUMAJANG","PRONOJIWO","JAWA TIMUR","LUMAJANG","LMJ","PROONOJIWO","LMJ020","JI"
"JAWA TIMUR","KAB. LUMAJANG","CANDIPURO","JAWA TIMUR","LUMAJANG","LMJ","CANDIPURO-LMJ","LMJ018","JI"
"JAWA TIMUR","KAB. LUMAJANG","PASIRIAN","JAWA TIMUR","LUMAJANG","LMJ","PASIRIAN","LMJ017","JI"
"JAWA TIMUR","KAB. LUMAJANG","TEMPEH","JAWA TIMUR","LUMAJANG","LMJ","TEMPEH","LMJ016","JI"
"JAWA TIMUR","KAB. LUMAJANG","KUNIR","JAWA TIMUR","LUMAJANG","LMJ","KUNIR","LMJ006","JI"
"JAWA TIMUR","KAB. LUMAJANG","YOSOWILANGUN","JAWA TIMUR","LUMAJANG","LMJ","YOSOWILANGUN","LMJ007","JI"
"JAWA TIMUR","KAB. LUMAJANG","ROWOKANGKUNG","JAWA TIMUR","LUMAJANG","LMJ","ROWOKANGKUNG","LMJ015","JI"
"JAWA TIMUR","KAB. LUMAJANG","TEKUNG","JAWA TIMUR","LUMAJANG","LMJ","TEKUNG","LMJ003","JI"
"JAWA TIMUR","KAB. LUMAJANG","LUMAJANG","JAWA TIMUR","LUMAJANG","LMJ","LUMAJANG","LMJ001","JI"
"JAWA TIMUR","KAB. LUMAJANG","PASRUJAMBE","JAWA TIMUR","LUMAJANG","LMJ","PASRUJAMBE","LMJ012","JI"
"JAWA TIMUR","KAB. LUMAJANG","SENDURO","JAWA TIMUR","LUMAJANG","LMJ","SENDURO","LMJ005","JI"
"JAWA TIMUR","KAB. LUMAJANG","GUCIALIT","JAWA TIMUR","LUMAJANG","LMJ","GUCIALIT","LMJ008","JI"
"JAWA TIMUR","KAB. LUMAJANG","PADANG","JAWA TIMUR","LUMAJANG","LMJ","PADANG","LMJ011","JI"
"JAWA TIMUR","KAB. LUMAJANG","SUKODONO","JAWA TIMUR","LUMAJANG","LMJ","SUKODONO-LMJ","LMJ002","JI"
"JAWA TIMUR","KAB. LUMAJANG","KEDUNGJAJANG","JAWA TIMUR","LUMAJANG","LMJ","KEDUNGJAJANG","LMJ004","JI"
"JAWA TIMUR","KAB. LUMAJANG","JATIROTO","JAWA TIMUR","LUMAJANG","LMJ","JATIROTO-LMJ","LMJ009","JI"
"JAWA TIMUR","KAB. LUMAJANG","RANDUAGUNG","JAWA TIMUR","LUMAJANG","LMJ","RANDUAGUNG","LMJ013","JI"
"JAWA TIMUR","KAB. LUMAJANG","KLAKAH","JAWA TIMUR","LUMAJANG","LMJ","KLAKAH","LMJ010","JI"
"JAWA TIMUR","KAB. LUMAJANG","RANUYOSO","JAWA TIMUR","LUMAJANG","LMJ","RANUYOSO","LMJ014","JI"
"JAWA TIMUR","KAB. LUMAJANG","SUMBERSUKO","JAWA TIMUR","LUMAJANG","LMJ","SUMBERSUKO","LMJ021","JI"
"JAWA TIMUR","KAB. MADIUN","KEBON SARI","JAWA TIMUR","CARUBAN","CAB","KEBONSARI","CAB007","JI"
"JAWA TIMUR","KAB. MADIUN","DOLOPO","JAWA TIMUR","CARUBAN","CAB","DOLOPO","CAB003","JI"
"JAWA TIMUR","KAB. MADIUN","GEGER","JAWA TIMUR","CARUBAN","CAB","GEGER-CAB","CAB004","JI"
"JAWA TIMUR","KAB. MADIUN","DAGANGAN","JAWA TIMUR","CARUBAN","CAB","DAGANGAN","CAB002","JI"
"JAWA TIMUR","KAB. MADIUN","KARE","JAWA TIMUR","CARUBAN","CAB","KARE","CAB006","JI"
"JAWA TIMUR","KAB. MADIUN","GEMARANG","JAWA TIMUR","CARUBAN","CAB","GEMARANG","CAB011","JI"
"JAWA TIMUR","KAB. MADIUN","WUNGU","JAWA TIMUR","CARUBAN","CAB","WUNGU","CAB010","JI"
"JAWA TIMUR","KAB. MADIUN","MADIUN","JAWA TIMUR","CARUBAN","CAB","MADIUN","CAB008","JI"
"JAWA TIMUR","KAB. MADIUN","JIWAN","JAWA TIMUR","CARUBAN","CAB","JIWAN","CAB005","JI"
"JAWA TIMUR","KAB. MADIUN","BALEREJO","JAWA TIMUR","CARUBAN","CAB","BALEREJO","CAB001","JI"
"JAWA TIMUR","KAB. MADIUN","MEJAYAN","JAWA TIMUR","CARUBAN","CAB","MEJAYAN","CAB012","JI"
"JAWA TIMUR","KAB. MADIUN","SARADAN","JAWA TIMUR","CARUBAN","CAB","SARADAN","CAB014","JI"
"JAWA TIMUR","KAB. MADIUN","PILANGKENCENG","JAWA TIMUR","CARUBAN","CAB","PILANGKENCENG","CAB013","JI"
"JAWA TIMUR","KAB. MADIUN","SAWAHAN","JAWA TIMUR","CARUBAN","CAB","SAWAHAN-CAB","CAB009","JI"
"JAWA TIMUR","KAB. MADIUN","WONOASRI","JAWA TIMUR","CARUBAN","CAB","WONOSARI-CAB","CAB015","JI"
"JAWA TIMUR","KAB. MAGETAN","PONCOL","JAWA TIMUR","MAGETAN","MTX","PONCOL","MTX015","JI"
"JAWA TIMUR","KAB. MAGETAN","PARANG","JAWA TIMUR","MAGETAN","MTX","PARANG","MTX013","JI"
"JAWA TIMUR","KAB. MAGETAN","LEMBEYAN","JAWA TIMUR","MAGETAN","MTX","LAMBEYAN","MTX007","JI"
"JAWA TIMUR","KAB. MAGETAN","TAKERAN","JAWA TIMUR","MAGETAN","MTX","TAKERAN","MTX018","JI"
"JAWA TIMUR","KAB. MAGETAN","KAWEDANAN","JAWA TIMUR","MAGETAN","MTX","KAWEDANAN","MTX006","JI"
"JAWA TIMUR","KAB. MAGETAN","MAGETAN","JAWA TIMUR","MAGETAN","MTX","MAGETAN","MTX008","JI"
"JAWA TIMUR","KAB. MAGETAN","PLAOSAN","JAWA TIMUR","MAGETAN","MTX","PLAOSAN","MTX014","JI"
"JAWA TIMUR","KAB. MAGETAN","PANEKAN","JAWA TIMUR","MAGETAN","MTX","PANEKAN","MTX012","JI"
"JAWA TIMUR","KAB. MAGETAN","SUKOMORO","JAWA TIMUR","MAGETAN","MTX","SUKOMORO-MTX","MTX017","JI"
"JAWA TIMUR","KAB. MAGETAN","BENDO","JAWA TIMUR","MAGETAN","MTX","BENDO","MTX002","JI"
"JAWA TIMUR","KAB. MAGETAN","MAOSPATI","JAWA TIMUR","MAGETAN","MTX","MAOSPATI","MTX009","JI"
"JAWA TIMUR","KAB. MAGETAN","BARAT","JAWA TIMUR","MAGETAN","MTX","BARAT-MTX","MTX001","JI"
"JAWA TIMUR","KAB. MAGETAN","KARANGREJO","JAWA TIMUR","MAGETAN","MTX","KARANGREJO","MTX003","JI"
"JAWA TIMUR","KAB. MAGETAN","KARAS","JAWA TIMUR","MAGETAN","MTX","KARAS-MTX","MTX004","JI"
"JAWA TIMUR","KAB. MAGETAN","KARTOHARJO","JAWA TIMUR","MAGETAN","MTX","KARTOHARJO-MTX","MTX005","JI"
"JAWA TIMUR","KAB. MAGETAN","NGARIBOYO","JAWA TIMUR","MAGETAN","MTX","NGARIBOYO","MTX010","JI"
"JAWA TIMUR","KAB. MAGETAN","NGUNTORONADI","JAWA TIMUR","MAGETAN","MTX","NGUNTORONADI-MTX","MTX011","JI"
"JAWA TIMUR","KAB. MAGETAN","SIDOREJO","JAWA TIMUR","MAGETAN","MTX","SIDOREJO-MTX","MTX016","JI"
"JAWA TIMUR","KAB. MALANG","DONOMULYO","JAWA TIMUR","KEPANJEN","KPJ","DONOMULYO","KPJ014","JI"
"JAWA TIMUR","KAB. MALANG","PAGAK","JAWA TIMUR","KEPANJEN","KPJ","PAGAK","KPJ011","JI"
"JAWA TIMUR","KAB. MALANG","BANTUR","JAWA TIMUR","KEPANJEN","KPJ","BANTUR","KPJ012","JI"
"JAWA TIMUR","KAB. MALANG","SUMBERMANJING WETAN","JAWA TIMUR","KEPANJEN","KPJ","SUMBERMANJING WETAN","KPJ018","JI"
"JAWA TIMUR","KAB. MALANG","DAMPIT","JAWA TIMUR","KEPANJEN","KPJ","DAMPIT","KPJ017","JI"
"JAWA TIMUR","KAB. MALANG","AMPELGADING","JAWA TIMUR","KEPANJEN","KPJ","AMPELGADING","KPJ019","JI"
"JAWA TIMUR","KAB. MALANG","PONCOKUSUMO","JAWA TIMUR","MALANG","MLG","PONCOKUSUMO","MLG006","JI"
"JAWA TIMUR","KAB. MALANG","WAJAK","JAWA TIMUR","MALANG","MLG","WAJAK","MLG008","JI"
"JAWA TIMUR","KAB. MALANG","TUREN","JAWA TIMUR","KEPANJEN","KPJ","TUREN","KPJ016","JI"
"JAWA TIMUR","KAB. MALANG","GONDANGLEGI","JAWA TIMUR","KEPANJEN","KPJ","GONDANGLEGI","KPJ008","JI"
"JAWA TIMUR","KAB. MALANG","KALIPARE","JAWA TIMUR","KEPANJEN","KPJ","KALIPARE","KPJ010","JI"
"JAWA TIMUR","KAB. MALANG","SUMBERPUCUNG","JAWA TIMUR","KEPANJEN","KPJ","SUMBERPUCUNG","KPJ006","JI"
"JAWA TIMUR","KAB. MALANG","KEPANJEN","JAWA TIMUR","KEPANJEN","KPJ","KEPANJEN","KPJ007","JI"
"JAWA TIMUR","KAB. MALANG","BULULAWANG","JAWA TIMUR","KEPANJEN","KPJ","BULULAWANG","KPJ001","JI"
"JAWA TIMUR","KAB. MALANG","TAJINAN","JAWA TIMUR","MALANG","MLG","TAJINAN","MLG014","JI"
"JAWA TIMUR","KAB. MALANG","TUMPANG","JAWA TIMUR","MALANG","MLG","TUMPANG","MLG007","JI"
"JAWA TIMUR","KAB. MALANG","JABUNG","JAWA TIMUR","MALANG","MLG","JABUNG-MLG","MLG004","JI"
"JAWA TIMUR","KAB. MALANG","PAKIS","JAWA TIMUR","MALANG","MLG","PAKIS-MLG","MLG005","JI"
"JAWA TIMUR","KAB. MALANG","PAKISAJI","JAWA TIMUR","KEPANJEN","KPJ","PAKISAJI","KPJ002","JI"
"JAWA TIMUR","KAB. MALANG","NGAJUM","JAWA TIMUR","KEPANJEN","KPJ","NGAJUNG","KPJ003","JI"
"JAWA TIMUR","KAB. MALANG","WAGIR","JAWA TIMUR","MALANG","MLG","WAGIR","MLG003","JI"
"JAWA TIMUR","KAB. MALANG","DAU","JAWA TIMUR","BATU","BAT","DAU","BAT007","JI"
"JAWA TIMUR","KAB. MALANG","KARANG PLOSO","JAWA TIMUR","MALANG","MLG","KARANGPLOSO","MLG012","JI"
"JAWA TIMUR","KAB. MALANG","SINGOSARI","JAWA TIMUR","MALANG","MLG","SINGOSARI","MLG010","JI"
"JAWA TIMUR","KAB. MALANG","LAWANG","JAWA TIMUR","MALANG","MLG","LAWANG","MLG009","JI"
"JAWA TIMUR","KAB. MALANG","PUJON","JAWA TIMUR","BATU","BAT","PUJON","BAT005","JI"
"JAWA TIMUR","KAB. MALANG","NGANTANG","JAWA TIMUR","BATU","BAT","NGANTANG","BAT006","JI"
"JAWA TIMUR","KAB. MALANG","KASEMBON","JAWA TIMUR","BATU","BAT","KASEMBON","BAT004","JI"
"JAWA TIMUR","KAB. MALANG","GEDANGAN","JAWA TIMUR","KEPANJEN","KPJ","GEDANGAN-KPJ","KPJ013","JI"
"JAWA TIMUR","KAB. MALANG","TIRTOYUDO","JAWA TIMUR","KEPANJEN","KPJ","TIRTOYUDO","KPJ015","JI"
"JAWA TIMUR","KAB. MALANG","KROMENGAN","JAWA TIMUR","KEPANJEN","KPJ","KROMENGAN","KPJ005","JI"
"JAWA TIMUR","KAB. MALANG","WONOSARI","JAWA TIMUR","KEPANJEN","KPJ","WONOSARI-KPJ","KPJ004","JI"
"JAWA TIMUR","KAB. MALANG","PAGELARAN","JAWA TIMUR","KEPANJEN","KPJ","PAGELARAN-KPJ","KPJ009","JI"
"JAWA TIMUR","KAB. MOJOKERTO","JATIREJO","JAWA TIMUR","MOJOKERTO","MJK","JATIREJO","MJK008","JI"
"JAWA TIMUR","KAB. MOJOKERTO","GONDANG","JAWA TIMUR","MOJOKERTO","MJK","GONDANG-MJK","MJK007","JI"
"JAWA TIMUR","KAB. MOJOKERTO","PACET","JAWA TIMUR","MOJOSARI","MOJ","PACET-MOJ","MOJ005","JI"
"JAWA TIMUR","KAB. MOJOKERTO","TRAWAS","JAWA TIMUR","MOJOSARI","MOJ","TRAWAS","MOJ007","JI"
"JAWA TIMUR","KAB. MOJOKERTO","NGORO","JAWA TIMUR","MOJOSARI","MOJ","NGORO-MOJ","MOJ004","JI"
"JAWA TIMUR","KAB. MOJOKERTO","PUNGGING","JAWA TIMUR","MOJOSARI","MOJ","PUNGGING","MOJ006","JI"
"JAWA TIMUR","KAB. MOJOKERTO","KUTOREJO","JAWA TIMUR","MOJOSARI","MOJ","KUTOREJO","MOJ002","JI"
"JAWA TIMUR","KAB. MOJOKERTO","MOJOSARI","JAWA TIMUR","MOJOSARI","MOJ","MOJOSARI","MOJ003","JI"
"JAWA TIMUR","KAB. MOJOKERTO","DLANGGU","JAWA TIMUR","MOJOKERTO","MJK","DLANGGU","MJK005","JI"
"JAWA TIMUR","KAB. MOJOKERTO","BANGSAL","JAWA TIMUR","MOJOSARI","MOJ","BANGSAL","MOJ001","JI"
"JAWA TIMUR","KAB. MOJOKERTO","PURI","JAWA TIMUR","MOJOKERTO","MJK","PURI","MJK012","JI"
"JAWA TIMUR","KAB. MOJOKERTO","TROWULAN","JAWA TIMUR","MOJOKERTO","MJK","TROWULAN","MJK014","JI"
"JAWA TIMUR","KAB. MOJOKERTO","SOOKO","JAWA TIMUR","MOJOKERTO","MJK","SOOKO-MJK","MJK013","JI"
"JAWA TIMUR","KAB. MOJOKERTO","GEDEG","JAWA TIMUR","MOJOKERTO","MJK","GEDEG","MJK006","JI"
"JAWA TIMUR","KAB. MOJOKERTO","KEMLAGI","JAWA TIMUR","MOJOKERTO","MJK","KEMLAGI","MJK010","JI"
"JAWA TIMUR","KAB. MOJOKERTO","JETIS","JAWA TIMUR","MOJOKERTO","MJK","JETIS-MJK","MJK009","JI"
"JAWA TIMUR","KAB. MOJOKERTO","DAWARBLANDONG","JAWA TIMUR","MOJOKERTO","MJK","DAWAR BLANDONG","MJK004","JI"
"JAWA TIMUR","KAB. MOJOKERTO","MOJOANYAR","JAWA TIMUR","MOJOKERTO","MJK","MOJOANYAR","MJK011","JI"
"JAWA TIMUR","KAB. NGANJUK","SAWAHAN","JAWA TIMUR","NGANJUK","NGK","SAWAHAN-NGK","NGK010","JI"
"JAWA TIMUR","KAB. NGANJUK","NGETOS","JAWA TIMUR","NGANJUK","NGK","NGETOS","NGK006","JI"
"JAWA TIMUR","KAB. NGANJUK","BERBEK","JAWA TIMUR","NGANJUK","NGK","BERBEK","NGK003","JI"
"JAWA TIMUR","KAB. NGANJUK","LOCERET","JAWA TIMUR","NGANJUK","NGK","LOCERET","NGK005","JI"
"JAWA TIMUR","KAB. NGANJUK","PACE","JAWA TIMUR","NGANJUK","NGK","PACE","NGK008","JI"
"JAWA TIMUR","KAB. NGANJUK","PRAMBON","JAWA TIMUR","NGANJUK","NGK","PRAMBON-NGK","NGK019","JI"
"JAWA TIMUR","KAB. NGANJUK","NGRONGGOT","JAWA TIMUR","NGANJUK","NGK","NGRONGGOT","NGK017","JI"
"JAWA TIMUR","KAB. NGANJUK","KERTOSONO","JAWA TIMUR","NGANJUK","NGK","KERTOSONO","NGK015","JI"
"JAWA TIMUR","KAB. NGANJUK","PATIANROWO","JAWA TIMUR","NGANJUK","NGK","PATIANROWO","NGK018","JI"
"JAWA TIMUR","KAB. NGANJUK","BARON","JAWA TIMUR","NGANJUK","NGK","BARON","NGK013","JI"
"JAWA TIMUR","KAB. NGANJUK","TANJUNGANOM","JAWA TIMUR","NGANJUK","NGK","TANJUNGANOM","NGK020","JI"
"JAWA TIMUR","KAB. NGANJUK","SUKOMORO","JAWA TIMUR","NGANJUK","NGK","SUKOMORO-NGK","NGK011","JI"
"JAWA TIMUR","KAB. NGANJUK","NGANJUK","JAWA TIMUR","NGANJUK","NGK","NGANJUK","NGK001","JI"
"JAWA TIMUR","KAB. NGANJUK","BAGOR","JAWA TIMUR","NGANJUK","NGK","BAGOR","NGK002","JI"
"JAWA TIMUR","KAB. NGANJUK","WILANGAN","JAWA TIMUR","NGANJUK","NGK","WILANGAN","NGK012","JI"
"JAWA TIMUR","KAB. NGANJUK","REJOSO","JAWA TIMUR","NGANJUK","NGK","REJOSO-NGK","NGK009","JI"
"JAWA TIMUR","KAB. NGANJUK","GONDANG","JAWA TIMUR","NGANJUK","NGK","GONDANG-NGK","NGK004","JI"
"JAWA TIMUR","KAB. NGANJUK","NGLUYU","JAWA TIMUR","NGANJUK","NGK","NGLUYU","NGK007","JI"
"JAWA TIMUR","KAB. NGANJUK","LENGKONG","JAWA TIMUR","NGANJUK","NGK","LENGKONG-NGK","NGK016","JI"
"JAWA TIMUR","KAB. NGANJUK","JATIKALEN","JAWA TIMUR","NGANJUK","NGK","JATIKALEN","NGK014","JI"
"JAWA TIMUR","KAB. NGAWI","SINE","JAWA TIMUR","NGAWI","NIW","SINE","NIW018","JI"
"JAWA TIMUR","KAB. NGAWI","NGRAMBE","JAWA TIMUR","NGAWI","NIW","NGRAMBE","NIW013","JI"
"JAWA TIMUR","KAB. NGAWI","JOGOROGO","JAWA TIMUR","NGAWI","NIW","JOGOROGO","NIW004","JI"
"JAWA TIMUR","KAB. NGAWI","KENDAL","JAWA TIMUR","NGAWI","NIW","KENDAL-NIW","NIW009","JI"
"JAWA TIMUR","KAB. NGAWI","GENENG","JAWA TIMUR","NGAWI","NIW","GENENG","NIW002","JI"
"JAWA TIMUR","KAB. NGAWI","KWADUNGAN","JAWA TIMUR","NGAWI","NIW","KWADUNGAN","NIW010","JI"
"JAWA TIMUR","KAB. NGAWI","KARANGJATI","JAWA TIMUR","NGAWI","NIW","KARANGJATI","NIW006","JI"
"JAWA TIMUR","KAB. NGAWI","PADAS","JAWA TIMUR","NGAWI","NIW","PADAS","NIW014","JI"
"JAWA TIMUR","KAB. NGAWI","NGAWI","JAWA TIMUR","NGAWI","NIW","NGAWI","NIW012","JI"
"JAWA TIMUR","KAB. NGAWI","PARON","JAWA TIMUR","NGAWI","NIW","PARON","NIW016","JI"
"JAWA TIMUR","KAB. NGAWI","KEDUNGGALAR","JAWA TIMUR","NGAWI","NIW","KEDUNGGALAR","NIW008","JI"
"JAWA TIMUR","KAB. NGAWI","WIDODAREN","JAWA TIMUR","NGAWI","NIW","WIDODAREN","NIW019","JI"
"JAWA TIMUR","KAB. NGAWI","MANTINGAN","JAWA TIMUR","NGAWI","NIW","MANTINGAN","NIW011","JI"
"JAWA TIMUR","KAB. NGAWI","PANGKUR","JAWA TIMUR","NGAWI","NIW","PANGKUR","NIW015","JI"
"JAWA TIMUR","KAB. NGAWI","BRINGIN","JAWA TIMUR","NGAWI","NIW","BRINGIN-NIW","NIW001","JI"
"JAWA TIMUR","KAB. NGAWI","PITU","JAWA TIMUR","NGAWI","NIW","PITU","NIW017","JI"
"JAWA TIMUR","KAB. NGAWI","KARANGANYAR","JAWA TIMUR","NGAWI","NIW","KARANGANYAR-NIW","NIW005","JI"
"JAWA TIMUR","KAB. NGAWI","GERIH","JAWA TIMUR","NGAWI","NIW","GERIH","NIW003","JI"
"JAWA TIMUR","KAB. NGAWI","KASREMAN","JAWA TIMUR","NGAWI","NIW","KASREMAN","NIW007","JI"
"JAWA TIMUR","KAB. PACITAN","DONOROJO","JAWA TIMUR","PACITAN","PCI","DONOROJO","PCI001","JI"
"JAWA TIMUR","KAB. PACITAN","PRINGKUKU","JAWA TIMUR","PACITAN","PCI","PRINGKUKU","PCI003","JI"
"JAWA TIMUR","KAB. PACITAN","PUNUNG","JAWA TIMUR","PACITAN","PCI","PUNUNG","PCI002","JI"
"JAWA TIMUR","KAB. PACITAN","PACITAN","JAWA TIMUR","PACITAN","PCI","PACITAN","PCI004","JI"
"JAWA TIMUR","KAB. PACITAN","KEBONAGUNG","JAWA TIMUR","PACITAN","PCI","KEBONAGUNG-PCI","PCI005","JI"
"JAWA TIMUR","KAB. PACITAN","ARJOSARI","JAWA TIMUR","PACITAN","PCI","ARJOSARI","PCI006","JI"
"JAWA TIMUR","KAB. PACITAN","NAWANGAN","JAWA TIMUR","PACITAN","PCI","NAWANGAN","PCI007","JI"
"JAWA TIMUR","KAB. PACITAN","BANDAR","JAWA TIMUR","PACITAN","PCI","BANDAR-PCI","PCI008","JI"
"JAWA TIMUR","KAB. PACITAN","TEGALOMBO","JAWA TIMUR","PACITAN","PCI","TEGALOMBO","PCI009","JI"
"JAWA TIMUR","KAB. PACITAN","TULAKAN","JAWA TIMUR","PACITAN","PCI","TULAKAN","PCI010","JI"
"JAWA TIMUR","KAB. PACITAN","NGADIROJO","JAWA TIMUR","PACITAN","PCI","NGADIROJO-PCI","PCI011","JI"
"JAWA TIMUR","KAB. PACITAN","SUDIMORO","JAWA TIMUR","PACITAN","PCI","SUDIMORO","PCI012","JI"
"JAWA TIMUR","KAB. PAMEKASAN","TLANAKAN","JAWA TIMUR","PAMEKASAN","PKS","TLANAKAN","PKS008","JI"
"JAWA TIMUR","KAB. PAMEKASAN","PADEMAWU","JAWA TIMUR","PAMEKASAN","PKS","PADEMAWU","PKS004","JI"
"JAWA TIMUR","KAB. PAMEKASAN","GALIS","JAWA TIMUR","PAMEKASAN","PKS","GALIS-PKS","PKS001","JI"
"JAWA TIMUR","KAB. PAMEKASAN","PAMEKASAN","JAWA TIMUR","PAMEKASAN","PKS","PAMEKASAN","PKS006","JI"
"JAWA TIMUR","KAB. PAMEKASAN","PROPPO","JAWA TIMUR","PAMEKASAN","PKS","PROPPO","PKS007","JI"
"JAWA TIMUR","KAB. PAMEKASAN","PALENGGAAN","JAWA TIMUR","PAMEKASAN","PKS","PALENGA AN","PKS005","JI"
"JAWA TIMUR","KAB. PAMEKASAN","PEGANTENAN","JAWA TIMUR","PAMEKASAN","PKS","PEGANTENAN","PKS012","JI"
"JAWA TIMUR","KAB. PAMEKASAN","LARANGAN","JAWA TIMUR","PAMEKASAN","PKS","LARANGAN-PKS","PKS003","JI"
"JAWA TIMUR","KAB. PAMEKASAN","PAKONG","JAWA TIMUR","PAMEKASAN","PKS","PAKONG","PKS013","JI"
"JAWA TIMUR","KAB. PAMEKASAN","WARU","JAWA TIMUR","PAMEKASAN","PKS","WARU-PKS","PKS009","JI"
"JAWA TIMUR","KAB. PAMEKASAN","BATUMARMAR","JAWA TIMUR","PAMEKASAN","PKS","BATUMARMAR","PKS010","JI"
"JAWA TIMUR","KAB. PAMEKASAN","KADUR","JAWA TIMUR","PAMEKASAN","PKS","KADUR","PKS002","JI"
"JAWA TIMUR","KAB. PAMEKASAN","PASEAN","JAWA TIMUR","PAMEKASAN","PKS","PASEAN","PKS011","JI"
"JAWA TIMUR","KAB. PASURUAN","PURWODADI","JAWA TIMUR","PANDAAN","PND","PURWODADI-PND","PND003","JI"
"JAWA TIMUR","KAB. PASURUAN","TUTUR","JAWA TIMUR","PANDAAN","PND","TUTUR","PND006","JI"
"JAWA TIMUR","KAB. PASURUAN","PUSPO","JAWA TIMUR","PASURUAN","PSR","PUSPO","PSR014","JI"
"JAWA TIMUR","KAB. PASURUAN","LUMBANG","JAWA TIMUR","PASURUAN","PSR","LUMBANG-PSR","PSR010","JI"
"JAWA TIMUR","KAB. PASURUAN","PASREPAN","JAWA TIMUR","PASURUAN","PSR","PASREPAN","PSR012","JI"
"JAWA TIMUR","KAB. PASURUAN","KEJAYAN","JAWA TIMUR","PASURUAN","PSR","KEJAYAN","PSR007","JI"
"JAWA TIMUR","KAB. PASURUAN","WONOREJO","JAWA TIMUR","PASURUAN","PSR","WONOREJO","PSR018","JI"
"JAWA TIMUR","KAB. PASURUAN","PURWOSARI","JAWA TIMUR","PANDAAN","PND","PURWOSARI-PND","PND004","JI"
"JAWA TIMUR","KAB. PASURUAN","SUKOREJO","JAWA TIMUR","PANDAAN","PND","SUKOREJO-PND","PND005","JI"
"JAWA TIMUR","KAB. PASURUAN","PRIGEN","JAWA TIMUR","PANDAAN","PND","PRIGEN","PND002","JI"
"JAWA TIMUR","KAB. PASURUAN","PANDAAN","JAWA TIMUR","PANDAAN","PND","PANDAAN","PND001","JI"
"JAWA TIMUR","KAB. PASURUAN","GEMPOL","JAWA TIMUR","PASURUAN","PSR","GEMPOL-PSR","PSR022","JI"
"JAWA TIMUR","KAB. PASURUAN","BEJI","JAWA TIMUR","PASURUAN","PSR","BEJI-PSR","PSR021","JI"
"JAWA TIMUR","KAB. PASURUAN","BANGIL","JAWA TIMUR","PASURUAN","PSR","BANGIL","PSR020","JI"
"JAWA TIMUR","KAB. PASURUAN","REMBANG","JAWA TIMUR","PASURUAN","PSR","REMBANG-PSR","PSR019","JI"
"JAWA TIMUR","KAB. PASURUAN","KRATON","JAWA TIMUR","PASURUAN","PSR","KRATON-PSR","PSR008","JI"
"JAWA TIMUR","KAB. PASURUAN","POHJENTREK","JAWA TIMUR","PASURUAN","PSR","POHJENTREK","PSR013","JI"
"JAWA TIMUR","KAB. PASURUAN","GONDANGWETAN","JAWA TIMUR","PASURUAN","PSR","GONDANG WETAN","PSR005","JI"
"JAWA TIMUR","KAB. PASURUAN","WINONGAN","JAWA TIMUR","PASURUAN","PSR","WINONGAN","PSR017","JI"
"JAWA TIMUR","KAB. PASURUAN","GRATI","JAWA TIMUR","PASURUAN","PSR","GRATI","PSR006","JI"
"JAWA TIMUR","KAB. PASURUAN","NGULING","JAWA TIMUR","PASURUAN","PSR","NGULING","PSR011","JI"
"JAWA TIMUR","KAB. PASURUAN","LEKOK","JAWA TIMUR","PASURUAN","PSR","LEKOK","PSR009","JI"
"JAWA TIMUR","KAB. PASURUAN","REJOSO","JAWA TIMUR","PASURUAN","PSR","REJOSO-PSR","PSR015","JI"
"JAWA TIMUR","KAB. PASURUAN","TOSARI","JAWA TIMUR","PASURUAN","PSR","TOSARI","PSR016","JI"
"JAWA TIMUR","KAB. PONOROGO","SLAHUNG","JAWA TIMUR","PONOROGO","PNO","SLAHUNG","PNO002","JI"
"JAWA TIMUR","KAB. PONOROGO","NGRAYUN","JAWA TIMUR","PONOROGO","PNO","NGRAYUN","PNO001","JI"
"JAWA TIMUR","KAB. PONOROGO","BUNGKAL","JAWA TIMUR","PONOROGO","PNO","BUNGKAL","PNO003","JI"
"JAWA TIMUR","KAB. PONOROGO","SAMBIT","JAWA TIMUR","PONOROGO","PNO","SAMBIT","PNO004","JI"
"JAWA TIMUR","KAB. PONOROGO","SAWOO","JAWA TIMUR","PONOROGO","PNO","SAWOO","PNO005","JI"
"JAWA TIMUR","KAB. PONOROGO","SOOKO","JAWA TIMUR","PONOROGO","PNO","SOOKO-PNO","PNO006","JI"
"JAWA TIMUR","KAB. PONOROGO","PULUNG","JAWA TIMUR","PONOROGO","PNO","PULUNG","PNO008","JI"
"JAWA TIMUR","KAB. PONOROGO","MLARAK","JAWA TIMUR","PONOROGO","PNO","MLARAK","PNO009","JI"
"JAWA TIMUR","KAB. PONOROGO","JETIS","JAWA TIMUR","PONOROGO","PNO","JETIS-PNO","PNO011","JI"
"JAWA TIMUR","KAB. PONOROGO","SIMAN","JAWA TIMUR","PONOROGO","PNO","SIMAN","PNO010","JI"
"JAWA TIMUR","KAB. PONOROGO","BALONG","JAWA TIMUR","PONOROGO","PNO","BALONG","PNO012","JI"
"JAWA TIMUR","KAB. PONOROGO","KAUMAN","JAWA TIMUR","PONOROGO","PNO","KAUMAN-PNO","PNO013","JI"
"JAWA TIMUR","KAB. PONOROGO","BADEGAN","JAWA TIMUR","PONOROGO","PNO","BADEGAN","PNO015","JI"
"JAWA TIMUR","KAB. PONOROGO","SAMPUNG","JAWA TIMUR","PONOROGO","PNO","SAMPUNG","PNO016","JI"
"JAWA TIMUR","KAB. PONOROGO","SUKOREJO","JAWA TIMUR","PONOROGO","PNO","SUKOREJO-PNO","PNO017","JI"
"JAWA TIMUR","KAB. PONOROGO","BABADAN","JAWA TIMUR","PONOROGO","PNO","BABADAN","PNO019","JI"
"JAWA TIMUR","KAB. PONOROGO","PONOROGO","JAWA TIMUR","PONOROGO","PNO","PONOROGO","PNO018","JI"
"JAWA TIMUR","KAB. PONOROGO","JENANGAN","JAWA TIMUR","PONOROGO","PNO","JENANGAN","PNO020","JI"
"JAWA TIMUR","KAB. PONOROGO","NGEBEL","JAWA TIMUR","PONOROGO","PNO","NGEBEL","PNO021","JI"
"JAWA TIMUR","KAB. PONOROGO","JAMBON","JAWA TIMUR","PONOROGO","PNO","JAMBON","PNO014","JI"
"JAWA TIMUR","KAB. PONOROGO","PUDAK","JAWA TIMUR","PONOROGO","PNO","PUDAK","PNO007","JI"
"JAWA TIMUR","KAB. PROBOLINGGO","SUKAPURA","JAWA TIMUR","PAITON","PTN","SUKAPURA","PTN009","JI"
"JAWA TIMUR","KAB. PROBOLINGGO","SUMBER","JAWA TIMUR","PAITON","PTN","SUMBER-PTN","PTN010","JI"
"JAWA TIMUR","KAB. PROBOLINGGO","KURIPAN","JAWA TIMUR","PAITON","PTN","KURIPAN-PTN","PTN005","JI"
"JAWA TIMUR","KAB. PROBOLINGGO","BANTARAN","JAWA TIMUR","PAITON","PTN","BANTARAN","PTN001","JI"
"JAWA TIMUR","KAB. PROBOLINGGO","LECES","JAWA TIMUR","PAITON","PTN","LECES","PTN006","JI"
"JAWA TIMUR","KAB. PROBOLINGGO","BANYUANYAR","JAWA TIMUR","PAITON","PTN","BANYU ANYAR","PTN002","JI"
"JAWA TIMUR","KAB. PROBOLINGGO","TIRIS","JAWA TIMUR","PAITON","PTN","TIRIS","PTN024","JI"
"JAWA TIMUR","KAB. PROBOLINGGO","KRUCIL","JAWA TIMUR","PAITON","PTN","KRUCIL","PTN017","JI"
"JAWA TIMUR","KAB. PROBOLINGGO","GADING","JAWA TIMUR","PAITON","PTN","GADING","PTN019","JI"
"JAWA TIMUR","KAB. PROBOLINGGO","PAKUNIRAN","JAWA TIMUR","PAITON","PTN","PAKUNIRAN","PTN008","JI"
"JAWA TIMUR","KAB. PROBOLINGGO","KOTAANYAR","JAWA TIMUR","PAITON","PTN","KOTA ANYAR","PTN004","JI"
"JAWA TIMUR","KAB. PROBOLINGGO","PAITON","JAWA TIMUR","PAITON","PTN","PAITON","PTN022","JI"
"JAWA TIMUR","KAB. PROBOLINGGO","BESUK","JAWA TIMUR","PAITON","PTN","BESUK","PTN018","JI"
"JAWA TIMUR","KAB. PROBOLINGGO","KRAKSAAN","JAWA TIMUR","PAITON","PTN","KRAKSAAN","PTN015","JI"
"JAWA TIMUR","KAB. PROBOLINGGO","KREJENGAN","JAWA TIMUR","PAITON","PTN","KREJENGAN","PTN016","JI"
"JAWA TIMUR","KAB. PROBOLINGGO","PEJARAKAN","JAWA TIMUR","PAITON","PTN","PAJARAKAN","PTN023","JI"
"JAWA TIMUR","KAB. PROBOLINGGO","MARON","JAWA TIMUR","PAITON","PTN","MARON","PTN021","JI"
"JAWA TIMUR","KAB. PROBOLINGGO","GENDING","JAWA TIMUR","PAITON","PTN","GENDING","PTN020","JI"
"JAWA TIMUR","KAB. PROBOLINGGO","DRINGU","JAWA TIMUR","PAITON","PTN","DRINGU","PTN003","JI"
"JAWA TIMUR","KAB. PROBOLINGGO","TEGALSIWALAN","JAWA TIMUR","PAITON","PTN","TEGAL SIWALAN","PTN012","JI"
"JAWA TIMUR","KAB. PROBOLINGGO","SUMBERASIH","JAWA TIMUR","PAITON","PTN","SUMBERASIH","PTN011","JI"
"JAWA TIMUR","KAB. PROBOLINGGO","WONOMERTO","JAWA TIMUR","PAITON","PTN","WONOMERTO","PTN014","JI"
"JAWA TIMUR","KAB. PROBOLINGGO","TONGAS","JAWA TIMUR","PAITON","PTN","TONGAS","PTN013","JI"
"JAWA TIMUR","KAB. PROBOLINGGO","LUMBANG","JAWA TIMUR","PAITON","PTN","LUMBANG-PTN","PTN007","JI"
"JAWA TIMUR","KAB. SAMPANG","SRESEH","JAWA TIMUR","SAMPANG","SPG","SRESEH","SPG012","JI"
"JAWA TIMUR","KAB. SAMPANG","TORJUN","JAWA TIMUR","SAMPANG","SPG","TORJUN","SPG014","JI"
"JAWA TIMUR","KAB. SAMPANG","SAMPANG","JAWA TIMUR","SAMPANG","SPG","SAMPANG-SPG","SPG010","JI"
"JAWA TIMUR","KAB. SAMPANG","CAMPLONG","JAWA TIMUR","SAMPANG","SPG","CAMPLONG","SPG002","JI"
"JAWA TIMUR","KAB. SAMPANG","OMBEN","JAWA TIMUR","SAMPANG","SPG","OMBEN","SPG007","JI"
"JAWA TIMUR","KAB. SAMPANG","KEDUNGDUNG","JAWA TIMUR","SAMPANG","SPG","KEDUNGDUNG","SPG005","JI"
"JAWA TIMUR","KAB. SAMPANG","JRENGIK","JAWA TIMUR","SAMPANG","SPG","JRENGIK","SPG003","JI"
"JAWA TIMUR","KAB. SAMPANG","TAMBELANGAN","JAWA TIMUR","SAMPANG","SPG","TAMBELANGAN","SPG013","JI"
"JAWA TIMUR","KAB. SAMPANG","BANYUATES","JAWA TIMUR","SAMPANG","SPG","BANYUATES","SPG001","JI"
"JAWA TIMUR","KAB. SAMPANG","ROBATAL","JAWA TIMUR","SAMPANG","SPG","ROBATAL","SPG009","JI"
"JAWA TIMUR","KAB. SAMPANG","SOKOBANAH","JAWA TIMUR","SAMPANG","SPG","SOKOBANAH","SPG011","JI"
"JAWA TIMUR","KAB. SAMPANG","KETAPANG","JAWA TIMUR","SAMPANG","SPG","KETAPANG-SPG","SPG006","JI"
"JAWA TIMUR","KAB. SAMPANG","PANGARENGAN","JAWA TIMUR","SAMPANG","SPG","PANGARENGAN","SPG008","JI"
"JAWA TIMUR","KAB. SAMPANG","KARANGPENANG","JAWA TIMUR","SAMPANG","SPG","KARANG PENANG","SPG004","JI"
"JAWA TIMUR","KAB. SIDOARJO","TARIK","JAWA TIMUR","SIDOARJO","SDA","TARIK","SDA008","JI"
"JAWA TIMUR","KAB. SIDOARJO","PRAMBON","JAWA TIMUR","SIDOARJO","SDA","PRAMBON-SDA","SDA007","JI"
"JAWA TIMUR","KAB. SIDOARJO","KREMBUNG","JAWA TIMUR","SIDOARJO","SDA","KREMBUNG","SDA014","JI"
"JAWA TIMUR","KAB. SIDOARJO","PORONG","JAWA TIMUR","SIDOARJO","SDA","PORONG","SDA015","JI"
"JAWA TIMUR","KAB. SIDOARJO","JABON","JAWA TIMUR","SIDOARJO","SDA","JABON","SDA013","JI"
"JAWA TIMUR","KAB. SIDOARJO","TANGGULANGIN","JAWA TIMUR","SIDOARJO","SDA","TANGGULANGIN","SDA016","JI"
"JAWA TIMUR","KAB. SIDOARJO","CANDI","JAWA TIMUR","SIDOARJO","SDA","CANDI","SDA001","JI"
"JAWA TIMUR","KAB. SIDOARJO","SIDOARJO","JAWA TIMUR","SIDOARJO","SDA","SIDOARJO","SDA002","JI"
"JAWA TIMUR","KAB. SIDOARJO","TULANGAN","JAWA TIMUR","SIDOARJO","SDA","TULANGAN","SDA017","JI"
"JAWA TIMUR","KAB. SIDOARJO","WONOAYU","JAWA TIMUR","SIDOARJO","SDA","WONOAYU","SDA009","JI"
"JAWA TIMUR","KAB. SIDOARJO","KRIAN","JAWA TIMUR","SIDOARJO","SDA","KRIAN","SDA006","JI"
"JAWA TIMUR","KAB. SIDOARJO","BALONGBENDO","JAWA TIMUR","SIDOARJO","SDA","BALONGBENDO","SDA005","JI"
"JAWA TIMUR","KAB. SIDOARJO","TAMAN","JAWA TIMUR","SIDOARJO","SDA","TAMAN-SDA","SDA018","JI"
"JAWA TIMUR","KAB. SIDOARJO","SUKODONO","JAWA TIMUR","SIDOARJO","SDA","SUKODONO-SDA","SDA011","JI"
"JAWA TIMUR","KAB. SIDOARJO","BUDURAN","JAWA TIMUR","SIDOARJO","SDA","BUDURAN","SDA010","JI"
"JAWA TIMUR","KAB. SIDOARJO","GEDANGAN","JAWA TIMUR","SIDOARJO","SDA","GEDANGAN-SDA","SDA004","JI"
"JAWA TIMUR","KAB. SIDOARJO","SEDATI","JAWA TIMUR","SIDOARJO","SDA","SEDATI","SDA003","JI"
"JAWA TIMUR","KAB. SIDOARJO","WARU","JAWA TIMUR","SIDOARJO","SDA","WARU-SDA","SDA012","JI"
"JAWA TIMUR","KAB. SITUBONDO","JATIBANTENG","JAWA TIMUR","SITUBONDO","SBD","JATIBANTENG","SBD013","JI"
"JAWA TIMUR","KAB. SITUBONDO","BESUKI","JAWA TIMUR","SITUBONDO","SBD","BESUKI-SBD","SBD010","JI"
"JAWA TIMUR","KAB. SITUBONDO","SUBOH","JAWA TIMUR","SITUBONDO","SBD","SUBOH","SBD016","JI"
"JAWA TIMUR","KAB. SITUBONDO","MLANDINGAN","JAWA TIMUR","SITUBONDO","SBD","MLANDINGAN","SBD015","JI"
"JAWA TIMUR","KAB. SITUBONDO","KENDIT","JAWA TIMUR","SITUBONDO","SBD","KENDIT","SBD014","JI"
"JAWA TIMUR","KAB. SITUBONDO","PANARUKAN","JAWA TIMUR","SITUBONDO","SBD","PANARUKAN","SBD004","JI"
"JAWA TIMUR","KAB. SITUBONDO","SITUBONDO","JAWA TIMUR","SITUBONDO","SBD","SITUBONDO","SBD001","JI"
"JAWA TIMUR","KAB. SITUBONDO","PANJI","JAWA TIMUR","SITUBONDO","SBD","PANJI","SBD002","JI"
"JAWA TIMUR","KAB. SITUBONDO","MANGARAN","JAWA TIMUR","SITUBONDO","SBD","MANGARAN","SBD003","JI"
"JAWA TIMUR","KAB. SITUBONDO","KAPONGAN","JAWA TIMUR","SITUBONDO","SBD","KAPONGAN","SBD005","JI"
"JAWA TIMUR","KAB. SITUBONDO","ARJASA","JAWA TIMUR","SITUBONDO","SBD","ARJASA-SBD","SBD006","JI"
"JAWA TIMUR","KAB. SITUBONDO","JANGKAR","JAWA TIMUR","SITUBONDO","SBD","JANGKAR","SBD012","JI"
"JAWA TIMUR","KAB. SITUBONDO","ASEMBAGUS","JAWA TIMUR","SITUBONDO","SBD","ASEMBAGUS","SBD007","JI"
"JAWA TIMUR","KAB. SITUBONDO","BANYUPUTIH","JAWA TIMUR","SITUBONDO","SBD","BANYUPUTIH-SBD","SBD009","JI"
"JAWA TIMUR","KAB. SITUBONDO","SUMBERMALANG","JAWA TIMUR","SITUBONDO","SBD","SUMBERMALANG","SBD017","JI"
"JAWA TIMUR","KAB. SITUBONDO","BANYUGLUGUR","JAWA TIMUR","SITUBONDO","SBD","BANYUGLUGUR","SBD008","JI"
"JAWA TIMUR","KAB. SITUBONDO","BUNGATAN","JAWA TIMUR","SITUBONDO","SBD","BUNGATAN","SBD011","JI"
"JAWA TIMUR","KAB. SUMENEP","KOTA SUMENEP","JAWA TIMUR","SUMENEP","SNX","KOTA SUMENEP","SNX011","JI"
"JAWA TIMUR","KAB. SUMENEP","KALIANGET","JAWA TIMUR","SUMENEP","SNX","KALIANGET","SNX019","JI"
"JAWA TIMUR","KAB. SUMENEP","MANDING","JAWA TIMUR","SUMENEP","SNX","MANDING","SNX013","JI"
"JAWA TIMUR","KAB. SUMENEP","TALANGO","JAWA TIMUR","SUMENEP","SNX","TALANGO","SNX018","JI"
"JAWA TIMUR","KAB. SUMENEP","BLUTO","JAWA TIMUR","SUMENEP","SNX","BLUTO","SNX005","JI"
"JAWA TIMUR","KAB. SUMENEP","SARONGGI","JAWA TIMUR","SUMENEP","SNX","SARONGGI","SNX017","JI"
"JAWA TIMUR","KAB. SUMENEP","LENTENG","JAWA TIMUR","SUMENEP","SNX","LENTENG","SNX012","JI"
"JAWA TIMUR","KAB. SUMENEP","GILIGINTING","JAWA TIMUR","SUMENEP","SNX","GILI GINTING","SNX026","JI"
"JAWA TIMUR","KAB. SUMENEP","GULUK-GULUK","JAWA TIMUR","SUMENEP","SNX","GULUK GULUK","SNX010","JI"
"JAWA TIMUR","KAB. SUMENEP","GANDING","JAWA TIMUR","SUMENEP","SNX","GANDING","SNX008","JI"
"JAWA TIMUR","KAB. SUMENEP","PRAGAAN","JAWA TIMUR","SUMENEP","SNX","PRAGAAN","SNX015","JI"
"JAWA TIMUR","KAB. SUMENEP","AMBUNTEN","JAWA TIMUR","SUMENEP","SNX","AMBUNTEN","SNX001","JI"
"JAWA TIMUR","KAB. SUMENEP","PASONGSONGAN","JAWA TIMUR","SUMENEP","SNX","PASONGSONGAN","SNX014","JI"
"JAWA TIMUR","KAB. SUMENEP","DASUK","JAWA TIMUR","SUMENEP","SNX","DASUK","SNX006","JI"
"JAWA TIMUR","KAB. SUMENEP","RUBARU","JAWA TIMUR","SUMENEP","SNX","RUBARU","SNX016","JI"
"JAWA TIMUR","KAB. SUMENEP","BATANG BATANG","JAWA TIMUR","SUMENEP","SNX","BATANG BATANG","SNX002","JI"
"JAWA TIMUR","KAB. SUMENEP","BATUPUTIH","JAWA TIMUR","SUMENEP","SNX","BATUPUTIH","SNX004","JI"
"JAWA TIMUR","KAB. SUMENEP","DUNGKEK","JAWA TIMUR","SUMENEP","SNX","DUNGKEK","SNX007","JI"
"JAWA TIMUR","KAB. SUMENEP","GAPURA","JAWA TIMUR","SUMENEP","SNX","GAPURA","SNX009","JI"
"JAWA TIMUR","KAB. SUMENEP","GAYAM","JAWA TIMUR","SUMENEP","SNX","GAYAM-SNX","SNX025","JI"
"JAWA TIMUR","KAB. SUMENEP","NONGGUNONG","JAWA TIMUR","SUMENEP","SNX","NONGGUNONG","SNX023","JI"
"JAWA TIMUR","KAB. SUMENEP","RA""AS","JAWA TIMUR","SUMENEP","SNX","RAAS","SNX021","JI"
"JAWA TIMUR","KAB. SUMENEP","MASALEMBU","JAWA TIMUR","SUMENEP","SNX","MASALEMBU","SNX022","JI"
"JAWA TIMUR","KAB. SUMENEP","ARJASA","JAWA TIMUR","SUMENEP","SNX","ARJASA-SNX","SNX027","JI"
"JAWA TIMUR","KAB. SUMENEP","SAPEKEN","JAWA TIMUR","SUMENEP","SNX","SAPEKEN","SNX020","JI"
"JAWA TIMUR","KAB. SUMENEP","BATUAN","JAWA TIMUR","SUMENEP","SNX","BATUAN","SNX003","JI"
"JAWA TIMUR","KAB. SUMENEP","KANGAYAN","JAWA TIMUR","SUMENEP","SNX","KANGAYAN","SNX024","JI"
"JAWA TIMUR","KAB. TRENGGALEK","PANGGUL","JAWA TIMUR","TRENGGALEK KOTA","TGK","PANGGUL","TGK014","JI"
"JAWA TIMUR","KAB. TRENGGALEK","MUNJUNGAN","JAWA TIMUR","TRENGGALEK KOTA","TGK","MUNJUNGAN","TGK013","JI"
"JAWA TIMUR","KAB. TRENGGALEK","PULE","JAWA TIMUR","TRENGGALEK KOTA","TGK","PULE","TGK006","JI"
"JAWA TIMUR","KAB. TRENGGALEK","DONGKO","JAWA TIMUR","TRENGGALEK KOTA","TGK","DONGKO","TGK012","JI"
"JAWA TIMUR","KAB. TRENGGALEK","TUGU","JAWA TIMUR","TRENGGALEK KOTA","TGK","TUGU-TGK","TGK009","JI"
"JAWA TIMUR","KAB. TRENGGALEK","KARANGAN","JAWA TIMUR","TRENGGALEK KOTA","TGK","KARANGAN-TGK","TGK002","JI"
"JAWA TIMUR","KAB. TRENGGALEK","KAMPAK","JAWA TIMUR","TRENGGALEK KOTA","TGK","KAMPAK","TGK004","JI"
"JAWA TIMUR","KAB. TRENGGALEK","WATULIMO","JAWA TIMUR","TRENGGALEK KOTA","TGK","WATULIMO","TGK010","JI"
"JAWA TIMUR","KAB. TRENGGALEK","BENDUNGAN","JAWA TIMUR","TRENGGALEK KOTA","TGK","BENDUNGAN","TGK008","JI"
"JAWA TIMUR","KAB. TRENGGALEK","GANDUSARI","JAWA TIMUR","TRENGGALEK KOTA","TGK","GANDUSARI-TGK","TGK003","JI"
"JAWA TIMUR","KAB. TRENGGALEK","TRENGGALEK","JAWA TIMUR","TRENGGALEK KOTA","TGK","TRENGGALEK","TGK001","JI"
"JAWA TIMUR","KAB. TRENGGALEK","POGALAN","JAWA TIMUR","TRENGGALEK KOTA","TGK","POGALAN","TGK005","JI"
"JAWA TIMUR","KAB. TRENGGALEK","DURENAN","JAWA TIMUR","TRENGGALEK KOTA","TGK","DURENAN","TGK011","JI"
"JAWA TIMUR","KAB. TRENGGALEK","SURUH","JAWA TIMUR","TRENGGALEK KOTA","TGK","SURUH-TGK","TGK007","JI"
"JAWA TIMUR","KAB. TUBAN","KENDURUAN","JAWA TIMUR","TUBAN","TBN","KENDURUAN","TBN017","JI"
"JAWA TIMUR","KAB. TUBAN","JATIROGO","JAWA TIMUR","TUBAN","TBN","JATIROGO","TBN016","JI"
"JAWA TIMUR","KAB. TUBAN","BANGILAN","JAWA TIMUR","TUBAN","TBN","BANGILAN","TBN020","JI"
"JAWA TIMUR","KAB. TUBAN","BANCAR","JAWA TIMUR","TUBAN","TBN","BANCAR","TBN019","JI"
"JAWA TIMUR","KAB. TUBAN","SENORI","JAWA TIMUR","TUBAN","TBN","SENORI","TBN014","JI"
"JAWA TIMUR","KAB. TUBAN","TAMBAKBOYO","JAWA TIMUR","TUBAN","TBN","TAMBAKBOYO","TBN013","JI"
"JAWA TIMUR","KAB. TUBAN","SINGGAHAN","JAWA TIMUR","TUBAN","TBN","SINGGAHAN","TBN015","JI"
"JAWA TIMUR","KAB. TUBAN","KEREK","JAWA TIMUR","TUBAN","TBN","KEREK","TBN006","JI"
"JAWA TIMUR","KAB. TUBAN","PARENGAN","JAWA TIMUR","TUBAN","TBN","PARENGAN","TBN018","JI"
"JAWA TIMUR","KAB. TUBAN","MONTONG","JAWA TIMUR","TUBAN","TBN","MONTONG","TBN008","JI"
"JAWA TIMUR","KAB. TUBAN","SOKO","JAWA TIMUR","TUBAN","TBN","SOKO","TBN012","JI"
"JAWA TIMUR","KAB. TUBAN","JENU","JAWA TIMUR","TUBAN","TBN","JENU","TBN001","JI"
"JAWA TIMUR","KAB. TUBAN","MERAKURAK","JAWA TIMUR","TUBAN","TBN","MERAKURAK","TBN007","JI"
"JAWA TIMUR","KAB. TUBAN","RENGEL","JAWA TIMUR","TUBAN","TBN","RENGAL","TBN010","JI"
"JAWA TIMUR","KAB. TUBAN","SEMANDING","JAWA TIMUR","TUBAN","TBN","SEMANDING","TBN011","JI"
"JAWA TIMUR","KAB. TUBAN","TUBAN","JAWA TIMUR","TUBAN","TBN","TUBAN","TBN003","JI"
"JAWA TIMUR","KAB. TUBAN","PLUMPANG","JAWA TIMUR","TUBAN","TBN","PLUMPANG","TBN002","JI"
"JAWA TIMUR","KAB. TUBAN","PALANG","JAWA TIMUR","TUBAN","TBN","PALANG","TBN009","JI"
"JAWA TIMUR","KAB. TUBAN","WIDANG","JAWA TIMUR","TUBAN","TBN","WIDANG","TBN004","JI"
"JAWA TIMUR","KAB. TUBAN","GRABAGAN","JAWA TIMUR","TUBAN","TBN","GRABAGAN","TBN005","JI"
"JAWA TIMUR","KAB. TULUNGAGUNG","TULUNGAGUNG","JAWA TIMUR","TULUNG AGUNG","TLA","TULUNGAGUNG","TLA003","JI"
"JAWA TIMUR","KAB. TULUNGAGUNG","BOYOLANGU","JAWA TIMUR","TULUNG AGUNG","TLA","BONYOLANGU","TLA016","JI"
"JAWA TIMUR","KAB. TULUNGAGUNG","KEDUNGWARU","JAWA TIMUR","TULUNG AGUNG","TLA","KEDUNG WARU","TLA002","JI"
"JAWA TIMUR","KAB. TULUNGAGUNG","NGANTRU","JAWA TIMUR","TULUNG AGUNG","TLA","NGANTRU","TLA006","JI"
"JAWA TIMUR","KAB. TULUNGAGUNG","KAUMAN","JAWA TIMUR","TULUNG AGUNG","TLA","KAUMAN-TLA","TLA001","JI"
"JAWA TIMUR","KAB. TULUNGAGUNG","PAGERWOJO","JAWA TIMUR","TULUNG AGUNG","TLA","PAGERWOJO","TLA008","JI"
"JAWA TIMUR","KAB. TULUNGAGUNG","SENDANG","JAWA TIMUR","TULUNG AGUNG","TLA","SENDANG","TLA011","JI"
"JAWA TIMUR","KAB. TULUNGAGUNG","KARANGREJO","JAWA TIMUR","TULUNG AGUNG","TLA","KARANG REJO","TLA005","JI"
"JAWA TIMUR","KAB. TULUNGAGUNG","GONDANG","JAWA TIMUR","TULUNG AGUNG","TLA","GONDANG-TLA","TLA004","JI"
"JAWA TIMUR","KAB. TULUNGAGUNG","SUMBERGEMPOL","JAWA TIMUR","TULUNG AGUNG","TLA","SUMBERGEMPOL","TLA012","JI"
"JAWA TIMUR","KAB. TULUNGAGUNG","NGUNUT","JAWA TIMUR","TULUNG AGUNG","TLA","NGUNUT","TLA007","JI"
"JAWA TIMUR","KAB. TULUNGAGUNG","PUCANGLABAN","JAWA TIMUR","TULUNG AGUNG","TLA","PUCANGLABAN","TLA009","JI"
"JAWA TIMUR","KAB. TULUNGAGUNG","REJOTANGAN","JAWA TIMUR","TULUNG AGUNG","TLA","REJOTANGAN","TLA010","JI"
"JAWA TIMUR","KAB. TULUNGAGUNG","KALIDAWIR","JAWA TIMUR","TULUNG AGUNG","TLA","KALIDAWIR","TLA019","JI"
"JAWA TIMUR","KAB. TULUNGAGUNG","BESUKI","JAWA TIMUR","TULUNG AGUNG","TLA","BESUKI-TLA","TLA015","JI"
"JAWA TIMUR","KAB. TULUNGAGUNG","CAMPURDARAT","JAWA TIMUR","TULUNG AGUNG","TLA","CAMPUR DARAT","TLA017","JI"
"JAWA TIMUR","KAB. TULUNGAGUNG","BANDUNG","JAWA TIMUR","TULUNG AGUNG","TLA","BANDUNG-TLA","TLA014","JI"
"JAWA TIMUR","KAB. TULUNGAGUNG","PAKEL","JAWA TIMUR","TULUNG AGUNG","TLA","PAKEL","TLA018","JI"
"JAWA TIMUR","KAB. TULUNGAGUNG","TANGGUNGGUNUNG","JAWA TIMUR","TULUNG AGUNG","TLA","TANGGUNG GUNUNG","TLA013","JI"
"JAWA TIMUR","KOTA BATU","BATU","JAWA TIMUR","BATU","BAT","BATU","BAT008","JI"
"JAWA TIMUR","KOTA BATU","BUMIAJI","JAWA TIMUR","BATU","BAT","BUMIAJI","BAT002","JI"
"JAWA TIMUR","KOTA BATU","JUNREJO","JAWA TIMUR","BATU","BAT","JUNREJO","BAT003","JI"
"JAWA TIMUR","KOTA BLITAR","KEPANJENKIDUL","JAWA TIMUR","BLITAR","BLT","KEPANJEN KIDUL","BLT001","JI"
"JAWA TIMUR","KOTA BLITAR","SUKOREJO","JAWA TIMUR","BLITAR","BLT","SUKOREJO-BLT","BLT004","JI"
"JAWA TIMUR","KOTA BLITAR","SANANWETAN","JAWA TIMUR","BLITAR","BLT","SANAN WETAN","BLT002","JI"
"JAWA TIMUR","KOTA KEDIRI","MOJOROTO","JAWA TIMUR","KEDIRI","KDR","MOJOROTO","KDR002","JI"
"JAWA TIMUR","KOTA KEDIRI","KOTA","JAWA TIMUR","KEDIRI","KDR","KEDIRI KOTA","KDR001","JI"
"JAWA TIMUR","KOTA KEDIRI","PESANTREN","JAWA TIMUR","KEDIRI","KDR","PESANTREN","KDR003","JI"
"JAWA TIMUR","KOTA MADIUN","KARTOHARJO","JAWA TIMUR","MADIUN","MDN","KARTOHARJO-MDN","MDN001","JI"
"JAWA TIMUR","KOTA MADIUN","MANGUHARJO","JAWA TIMUR","MADIUN","MDN","MANGUNHARJO","MDN002","JI"
"JAWA TIMUR","KOTA MADIUN","TAMAN","JAWA TIMUR","MADIUN","MDN","TAMAN-MDN","MDN003","JI"
"JAWA TIMUR","KOTA MALANG","BLIMBING","JAWA TIMUR","MALANG","MLG","BLIMBING","MLG015","JI"
"JAWA TIMUR","KOTA MALANG","KLOJEN","JAWA TIMUR","MALANG","MLG","KLOJEN","MLG001","JI"
"JAWA TIMUR","KOTA MALANG","KEDUNGKANDANG","JAWA TIMUR","MALANG","MLG","KEDUNGKANDANG","MLG013","JI"
"JAWA TIMUR","KOTA MALANG","SUKUN","JAWA TIMUR","MALANG","MLG","SUKUN","MLG002","JI"
"JAWA TIMUR","KOTA MALANG","LOWOKWARU","JAWA TIMUR","MALANG","MLG","LOWOKWARU","MLG011","JI"
"JAWA TIMUR","KOTA MOJOKERTO","MAGERSARI","JAWA TIMUR","MOJOKERTO","MJK","MAGERSARI","MJK001","JI"
"JAWA TIMUR","KOTA MOJOKERTO","PRAJURITKULON","JAWA TIMUR","MOJOKERTO","MJK","PRAJURIT KULON","MJK002","JI"
"JAWA TIMUR","KOTA PASURUAN","GADINGREJO","JAWA TIMUR","PASURUAN","PSR","GADING REJO-PSR","PSR002","JI"
"JAWA TIMUR","KOTA PASURUAN","PURWOREJO","JAWA TIMUR","PASURUAN","PSR","PURWOREJO-PSR","PSR003","JI"
"JAWA TIMUR","KOTA PASURUAN","BUGUL KIDUL","JAWA TIMUR","PASURUAN","PSR","BUGULKIDUL","PSR001","JI"
"JAWA TIMUR","KOTA PASURUAN","PANGGUNGREJO","JAWA TIMUR","PASURUAN","PSR","PANGGUNGREJO-PSR","PSR004","JI"
"JAWA TIMUR","KOTA PROBOLINGGO","KADEMANGAN","JAWA TIMUR","PROBOLINGGO","PRO","KADEMANGAN-PRO","PRO001","JI"
"JAWA TIMUR","KOTA PROBOLINGGO","WONOASIH","JAWA TIMUR","PROBOLINGGO","PRO","WONOASIH","PRO003","JI"
"JAWA TIMUR","KOTA PROBOLINGGO","MAYANGAN","JAWA TIMUR","PROBOLINGGO","PRO","MAYANGAN","PRO002","JI"
"JAWA TIMUR","KOTA PROBOLINGGO","KANIGARAN","JAWA TIMUR","PROBOLINGGO","PRO","KANIGARAN","PRO004","JI"
"JAWA TIMUR","KOTA PROBOLINGGO","KEDOPOK","JAWA TIMUR","PROBOLINGGO","PRO","KEDOPOK","PRO005","JI"
"JAWA TIMUR","KOTA SURABAYA","KARANGPILANG","JAWA TIMUR","SURABAYA","SUB","KARANGPILANG","SUB014","JI"
"JAWA TIMUR","KOTA SURABAYA","WONOCOLO","JAWA TIMUR","SURABAYA","SUB","WONOCOLO","SUB025","JI"
"JAWA TIMUR","KOTA SURABAYA","RUNGKUT","JAWA TIMUR","SURABAYA","SUB","RUNGKUT","SUB019","JI"
"JAWA TIMUR","KOTA SURABAYA","WONOKROMO","JAWA TIMUR","SURABAYA","SUB","WONOKROMO","SUB001","JI"
"JAWA TIMUR","KOTA SURABAYA","TEGALSARI","JAWA TIMUR","SURABAYA","SUB","TEGALSARI-SUB","SUB030","JI"
"JAWA TIMUR","KOTA SURABAYA","SAWAHAN","JAWA TIMUR","SURABAYA","SUB","SAWAHAN-SUB","SUB024","JI"
"JAWA TIMUR","KOTA SURABAYA","GENTENG","JAWA TIMUR","SURABAYA","SUB","GENTENG-SUB","SUB027","JI"
"JAWA TIMUR","KOTA SURABAYA","GUBENG","JAWA TIMUR","SURABAYA","SUB","GUBENG","SUB012","JI"
"JAWA TIMUR","KOTA SURABAYA","SUKOLILO","JAWA TIMUR","SURABAYA","SUB","SUKOLILO-SUB","SUB009","JI"
"JAWA TIMUR","KOTA SURABAYA","TAMBAKSARI","JAWA TIMUR","SURABAYA","SUB","TAMBAKSARI-SUB","SUB031","JI"
"JAWA TIMUR","KOTA SURABAYA","SIMOKERTO","JAWA TIMUR","SURABAYA","SUB","SIMOKERTO","SUB005","JI"
"JAWA TIMUR","KOTA SURABAYA","PABEAN CANTIAN","JAWA TIMUR","SURABAYA","SUB","PABEAN CANTIKAN","SUB007","JI"
"JAWA TIMUR","KOTA SURABAYA","BUBUTAN","JAWA TIMUR","SURABAYA","SUB","BUBUTAN","SUB023","JI"
"JAWA TIMUR","KOTA SURABAYA","TANDES","JAWA TIMUR","SURABAYA","SUB","TANDES","SUB003","JI"
"JAWA TIMUR","KOTA SURABAYA","KREMBANGAN","JAWA TIMUR","SURABAYA","SUB","KREMBANGAN","SUB008","JI"
"JAWA TIMUR","KOTA SURABAYA","SEMAMPIR","JAWA TIMUR","SURABAYA","SUB","SEMAMPIR","SUB006","JI"
"JAWA TIMUR","KOTA SURABAYA","KENJERAN","JAWA TIMUR","SURABAYA","SUB","KENJERAN","SUB021","JI"
"JAWA TIMUR","KOTA SURABAYA","LAKARSANTRI","JAWA TIMUR","SURABAYA","SUB","LAKARSANTRI","SUB016","JI"
"JAWA TIMUR","KOTA SURABAYA","BENOWO","JAWA TIMUR","SURABAYA","SUB","BENOWO","SUB011","JI"
"JAWA TIMUR","KOTA SURABAYA","WIYUNG","JAWA TIMUR","SURABAYA","SUB","WIYUNG","SUB013","JI"
"JAWA TIMUR","KOTA SURABAYA","DUKUH PAKIS","JAWA TIMUR","SURABAYA","SUB","DUKUH PAKIS","SUB029","JI"
"JAWA TIMUR","KOTA SURABAYA","GAYUNGAN","JAWA TIMUR","SURABAYA","SUB","GAYUNGAN","SUB018","JI"
"JAWA TIMUR","KOTA SURABAYA","JAMBANGAN","JAWA TIMUR","SURABAYA","SUB","JAMBANGAN","SUB017","JI"
"JAWA TIMUR","KOTA SURABAYA","TENGGILIS MEJOYO","JAWA TIMUR","SURABAYA","SUB","TENGGILIS MEJOYO","SUB026","JI"
"JAWA TIMUR","KOTA SURABAYA","GUNUNG ANYAR","JAWA TIMUR","SURABAYA","SUB","GUNUNGANYAR","SUB020","JI"
"JAWA TIMUR","KOTA SURABAYA","MULYOREJO","JAWA TIMUR","SURABAYA","SUB","MULYOREJO","SUB004","JI"
"JAWA TIMUR","KOTA SURABAYA","SUKOMANUNGGAL","JAWA TIMUR","SURABAYA","SUB","SUKOMANUNGGAL","SUB028","JI"
"JAWA TIMUR","KOTA SURABAYA","ASEM ROWO","JAWA TIMUR","SURABAYA","SUB","ASEMROWO","SUB002","JI"
"JAWA TIMUR","KOTA SURABAYA","BULAK","JAWA TIMUR","SURABAYA","SUB","BULAK","SUB022","JI"
"JAWA TIMUR","KOTA SURABAYA","PAKAL","JAWA TIMUR","SURABAYA","SUB","PAKAL","SUB010","JI"
"JAWA TIMUR","KOTA SURABAYA","SAMBIKEREP","JAWA TIMUR","SURABAYA","SUB","SAMBIKEREP","SUB015","JI"
"KALIMANTAN BARAT","KAB. BENGKAYANG","SUNGAI RAYA","KALIMANTAN BARAT","BENGKAYANG","BEG","SUNGAI RAYA","BEG011","KB"
"KALIMANTAN BARAT","KAB. BENGKAYANG","SAMALANTAN","KALIMANTAN BARAT","BENGKAYANG","BEG","SAMALANTAN","BEG007","KB"
"KALIMANTAN BARAT","KAB. BENGKAYANG","LEDO","KALIMANTAN BARAT","BENGKAYANG","BEG","LEDO","BEG004","KB"
"KALIMANTAN BARAT","KAB. BENGKAYANG","BENGKAYANG","KALIMANTAN BARAT","BENGKAYANG","BEG","BENGKAYANG","BEG017","KB"
"KALIMANTAN BARAT","KAB. BENGKAYANG","SELUAS","KALIMANTAN BARAT","BENGKAYANG","BEG","SELUAS","BEG008","KB"
"KALIMANTAN BARAT","KAB. BENGKAYANG","SANGGAU LEDO","KALIMANTAN BARAT","BENGKAYANG","BEG","SANGGAU LEDO","BEG016","KB"
"KALIMANTAN BARAT","KAB. BENGKAYANG","JAGOI BABANG","KALIMANTAN BARAT","BENGKAYANG","BEG","JAGOI BABANG","BEG003","KB"
"KALIMANTAN BARAT","KAB. BENGKAYANG","MONTERADO","KALIMANTAN BARAT","BENGKAYANG","BEG","MONTERADO","BEG006","KB"
"KALIMANTAN BARAT","KAB. BENGKAYANG","TERIAK","KALIMANTAN BARAT","BENGKAYANG","BEG","TERIAK","BEG014","KB"
"KALIMANTAN BARAT","KAB. BENGKAYANG","SUTI SEMARANG","KALIMANTAN BARAT","BENGKAYANG","BEG","SUTI SEMARANG","BEG013","KB"
"KALIMANTAN BARAT","KAB. BENGKAYANG","CAPKALA","KALIMANTAN BARAT","BENGKAYANG","BEG","CAPKALA","BEG002","KB"
"KALIMANTAN BARAT","KAB. BENGKAYANG","SIDING","KALIMANTAN BARAT","BENGKAYANG","BEG","SIDING","BEG009","KB"
"KALIMANTAN BARAT","KAB. BENGKAYANG","LUMAR","KALIMANTAN BARAT","BENGKAYANG","BEG","LUMAR","BEG001","KB"
"KALIMANTAN BARAT","KAB. BENGKAYANG","SUNGAI BETUNG","KALIMANTAN BARAT","BENGKAYANG","BEG","SUNGAI BETUNG","BEG010","KB"
"KALIMANTAN BARAT","KAB. BENGKAYANG","SUNGAI RAYA KEPULAUAN","KALIMANTAN BARAT","BENGKAYANG","BEG","SUNGAI RAYA KEPULAUAN","BEG012","KB"
"KALIMANTAN BARAT","KAB. BENGKAYANG","LEMBAH BAWANG","KALIMANTAN BARAT","BENGKAYANG","BEG","LEMBAH BAWANG","BEG005","KB"
"KALIMANTAN BARAT","KAB. BENGKAYANG","TUJUH BELAS","KALIMANTAN BARAT","BENGKAYANG","BEG","TUJUH BELAS","BEG015","KB"
"KALIMANTAN BARAT","KAB. KAPUAS HULU","PUTUSSIBAU UTARA","KALIMANTAN BARAT","KAPUAS HULU","PSU","PUTUSSIBAU UTARA","PSU018","KB"
"KALIMANTAN BARAT","KAB. KAPUAS HULU","BIKA","KALIMANTAN BARAT","KAPUAS HULU","PSU","BIKA","PSU003","KB"
"KALIMANTAN BARAT","KAB. KAPUAS HULU","EMBALOH HILIR","KALIMANTAN BARAT","KAPUAS HULU","PSU","EMBALOH HILIR","PSU012","KB"
"KALIMANTAN BARAT","KAB. KAPUAS HULU","EMBALOH HULU","KALIMANTAN BARAT","KAPUAS HULU","PSU","EMBALOH HULU","PSU013","KB"
"KALIMANTAN BARAT","KAB. KAPUAS HULU","BUNUT HILIR","KALIMANTAN BARAT","KAPUAS HULU","PSU","BUNUT HILIR","PSU010","KB"
"KALIMANTAN BARAT","KAB. KAPUAS HULU","BUNUT HULU","KALIMANTAN BARAT","KAPUAS HULU","PSU","BUNUT HULU","PSU011","KB"
"KALIMANTAN BARAT","KAB. KAPUAS HULU","JONGKONG","KALIMANTAN BARAT","KAPUAS HULU","PSU","JONGKONG","PSU025","KB"
"KALIMANTAN BARAT","KAB. KAPUAS HULU","HULU GURUNG","KALIMANTAN BARAT","KAPUAS HULU","PSU","HULU GURUNG","PSU004","KB"
"KALIMANTAN BARAT","KAB. KAPUAS HULU","SELIMBAU","KALIMANTAN BARAT","KAPUAS HULU","PSU","SELIMBAU","PSU020","KB"
"KALIMANTAN BARAT","KAB. KAPUAS HULU","SEMITAU","KALIMANTAN BARAT","KAPUAS HULU","PSU","SEMITAU","PSU021","KB"
"KALIMANTAN BARAT","KAB. KAPUAS HULU","SEBERUANG","KALIMANTAN BARAT","KAPUAS HULU","PSU","SEBERUANG","PSU019","KB"
"KALIMANTAN BARAT","KAB. KAPUAS HULU","BATANG LUPAR","KALIMANTAN BARAT","KAPUAS HULU","PSU","BATANG LUPAR","PSU007","KB"
"KALIMANTAN BARAT","KAB. KAPUAS HULU","EMPANANG","KALIMANTAN BARAT","KAPUAS HULU","PSU","EMPANANG","PSU015","KB"
"KALIMANTAN BARAT","KAB. KAPUAS HULU","BADAU","KALIMANTAN BARAT","KAPUAS HULU","PSU","BADAU-PSU","PSU006","KB"
"KALIMANTAN BARAT","KAB. KAPUAS HULU","SILAT HILIR","KALIMANTAN BARAT","KAPUAS HULU","PSU","SILAT HILIR","PSU022","KB"
"KALIMANTAN BARAT","KAB. KAPUAS HULU","SILAT HULU","KALIMANTAN BARAT","KAPUAS HULU","PSU","SILAT HULU","PSU023","KB"
"KALIMANTAN BARAT","KAB. KAPUAS HULU","PUTUSSIBAU SELATAN","KALIMANTAN BARAT","KAPUAS HULU","PSU","PUTUSSIBAU SELATAN","PSU001","KB"
"KALIMANTAN BARAT","KAB. KAPUAS HULU","KALIS","KALIMANTAN BARAT","KAPUAS HULU","PSU","KALIS","PSU016","KB"
"KALIMANTAN BARAT","KAB. KAPUAS HULU","BOYAN TANJUNG","KALIMANTAN BARAT","KAPUAS HULU","PSU","BOYAN TANJUNG","PSU009","KB"
"KALIMANTAN BARAT","KAB. KAPUAS HULU","MENTEBAH","KALIMANTAN BARAT","KAPUAS HULU","PSU","MENTEBAH","PSU005","KB"
"KALIMANTAN BARAT","KAB. KAPUAS HULU","SUHAID","KALIMANTAN BARAT","KAPUAS HULU","PSU","SUHAID","PSU024","KB"
"KALIMANTAN BARAT","KAB. KAPUAS HULU","PURING KENCANA","KALIMANTAN BARAT","KAPUAS HULU","PSU","PURING KENCANA","PSU017","KB"
"KALIMANTAN BARAT","KAB. KAYONG UTARA","SUKADANA","KALIMANTAN BARAT","KAYONG UTARA","TLM","SUKADANA-TLM","TLM004","KB"
"KALIMANTAN BARAT","KAB. KAYONG UTARA","SIMPANG HILIR","KALIMANTAN BARAT","KAYONG UTARA","TLM","SIMPANG HILIR","TLM003","KB"
"KALIMANTAN BARAT","KAB. KAYONG UTARA","TELUK BATANG","KALIMANTAN BARAT","KAYONG UTARA","TLM","TELUK BATANG","TLM005","KB"
"KALIMANTAN BARAT","KAB. KAYONG UTARA","PULAU MAYA","KALIMANTAN BARAT","KAYONG UTARA","TLM","PULAU MAYA KARIMATA","TLM001","KB"
"KALIMANTAN BARAT","KAB. KAYONG UTARA","SEPONTI","KALIMANTAN BARAT","KAYONG UTARA","TLM","SEPONTI","TLM002","KB"
"KALIMANTAN BARAT","KAB. KAYONG UTARA","KEPULAUAN KARIMATA","KALIMANTAN BARAT","KAYONG UTARA","TLM","KEPULAUAN KARIMATA","TLM006","KB"
"KALIMANTAN BARAT","KAB. KETAPANG","MATAN HILIR UTARA","KALIMANTAN BARAT","TUMBANG TITI","TTT","MATAN HILIR UTARA","TTT009","KB"
"KALIMANTAN BARAT","KAB. KETAPANG","MARAU","KALIMANTAN BARAT","TUMBANG TITI","TTT","MARAU","TTT007","KB"
"KALIMANTAN BARAT","KAB. KETAPANG","MANIS MATA","KALIMANTAN BARAT","TUMBANG TITI","TTT","MANIS MATA","TTT006","KB"
"KALIMANTAN BARAT","KAB. KETAPANG","KENDAWANGAN","KALIMANTAN BARAT","TUMBANG TITI","TTT","KENDAWANGAN","TTT020","KB"
"KALIMANTAN BARAT","KAB. KETAPANG","SANDAI","KALIMANTAN BARAT","TUMBANG TITI","TTT","SANDAI","TTT013","KB"
"KALIMANTAN BARAT","KAB. KETAPANG","SUNGAI LAUR","KALIMANTAN BARAT","TUMBANG TITI","TTT","SUNGAI LAUR","TTT017","KB"
"KALIMANTAN BARAT","KAB. KETAPANG","SIMPANG HULU","KALIMANTAN BARAT","TUMBANG TITI","TTT","SIMPANG HULU","TTT015","KB"
"KALIMANTAN BARAT","KAB. KETAPANG","NANGA TAYAP","KALIMANTAN BARAT","TUMBANG TITI","TTT","NANGA TAYAP","TTT011","KB"
"KALIMANTAN BARAT","KAB. KETAPANG","MATAN HILIR SELATAN","KALIMANTAN BARAT","TUMBANG TITI","TTT","MATAN HILIR SELATAN","TTT008","KB"
"KALIMANTAN BARAT","KAB. KETAPANG","TUMBANG TITI","KALIMANTAN BARAT","TUMBANG TITI","TTT","TUMBANG TITI","TTT019","KB"
"KALIMANTAN BARAT","KAB. KETAPANG","JELAI HULU","KALIMANTAN BARAT","TUMBANG TITI","TTT","JELAI HULU","TTT005","KB"
"KALIMANTAN BARAT","KAB. KETAPANG","DELTA PAWAN","KALIMANTAN BARAT","TUMBANG TITI","TTT","DELTA PAWAN","TTT001","KB"
"KALIMANTAN BARAT","KAB. KETAPANG","MUARA PAWAN","KALIMANTAN BARAT","TUMBANG TITI","TTT","MUARA PAWAN","TTT010","KB"
"KALIMANTAN BARAT","KAB. KETAPANG","BENUA KAYONG","KALIMANTAN BARAT","TUMBANG TITI","TTT","BENUA KAYONG","TTT003","KB"
"KALIMANTAN BARAT","KAB. KETAPANG","HULU SUNGAI","KALIMANTAN BARAT","TUMBANG TITI","TTT","HULU SUNGAI","TTT004","KB"
"KALIMANTAN BARAT","KAB. KETAPANG","SIMPANG DUA","KALIMANTAN BARAT","TUMBANG TITI","TTT","SIMPANG DUA","TTT014","KB"
"KALIMANTAN BARAT","KAB. KETAPANG","AIR UPAS","KALIMANTAN BARAT","TUMBANG TITI","TTT","AIR UPAS","TTT002","KB"
"KALIMANTAN BARAT","KAB. KETAPANG","SINGKUP","KALIMANTAN BARAT","TUMBANG TITI","TTT","SINGKUP","TTT016","KB"
"KALIMANTAN BARAT","KAB. KETAPANG","PEMAHAN","KALIMANTAN BARAT","TUMBANG TITI","TTT","PEMAHAN","TTT012","KB"
"KALIMANTAN BARAT","KAB. KETAPANG","SUNGAI MELAYU RAYAK","KALIMANTAN BARAT","TUMBANG TITI","TTT","SUNGAI MELAYU RAYAK","TTT018","KB"
"KALIMANTAN BARAT","KAB. KUBU RAYA","SUNGAI RAYA","KALIMANTAN BARAT","KUBURAYA","KUB","SUNGAI RAYA-KUB","KUB009","KB"
"KALIMANTAN BARAT","KAB. KUBU RAYA","KUALA MANDOR B","KALIMANTAN BARAT","KUBURAYA","KUB","KUALA MANDOR-B","KUB007","KB"
"KALIMANTAN BARAT","KAB. KUBU RAYA","SUNGAI AMBAWANG","KALIMANTAN BARAT","KUBURAYA","KUB","SUNGAI AMBAWANG","KUB002","KB"
"KALIMANTAN BARAT","KAB. KUBU RAYA","TERENTANG","KALIMANTAN BARAT","KUBURAYA","KUB","TERENTANG","KUB008","KB"
"KALIMANTAN BARAT","KAB. KUBU RAYA","BATU AMPAR","KALIMANTAN BARAT","KUBURAYA","KUB","BATU AMPAR-KUB","KUB003","KB"
"KALIMANTAN BARAT","KAB. KUBU RAYA","KUBU","KALIMANTAN BARAT","KUBURAYA","KUB","KUBU RAYA","KUB004","KB"
"KALIMANTAN BARAT","KAB. KUBU RAYA","RASAU JAYA","KALIMANTAN BARAT","KUBURAYA","KUB","RASAU JAYA","KUB001","KB"
"KALIMANTAN BARAT","KAB. KUBU RAYA","TELUK PAKEDAI","KALIMANTAN BARAT","KUBURAYA","KUB","TELUK PAKEDAI","KUB006","KB"
"KALIMANTAN BARAT","KAB. KUBU RAYA","SUNGAI KAKAP","KALIMANTAN BARAT","KUBURAYA","KUB","SUNGAI KAKAP","KUB005","KB"
"KALIMANTAN BARAT","KAB. LANDAK","NGABANG","KALIMANTAN BARAT","NGABANG","NGG","NGABANG","NGG001","KB"
"KALIMANTAN BARAT","KAB. LANDAK","MEMPAWAH HULU","KALIMANTAN BARAT","NGABANG","NGG","MEMPAWAH HULU","NGG007","KB"
"KALIMANTAN BARAT","KAB. LANDAK","MENJALIN","KALIMANTAN BARAT","NGABANG","NGG","MENJALIN","NGG008","KB"
"KALIMANTAN BARAT","KAB. LANDAK","MANDOR","KALIMANTAN BARAT","NGABANG","NGG","MANDOR","NGG006","KB"
"KALIMANTAN BARAT","KAB. LANDAK","AIR BESAR","KALIMANTAN BARAT","NGABANG","NGG","AIR BESAR","NGG002","KB"
"KALIMANTAN BARAT","KAB. LANDAK","MENYUKE","KALIMANTAN BARAT","NGABANG","NGG","MENYUKE","NGG009","KB"
"KALIMANTAN BARAT","KAB. LANDAK","SENGAH TEMILA","KALIMANTAN BARAT","NGABANG","NGG","SENGAH TEMILA","NGG012","KB"
"KALIMANTAN BARAT","KAB. LANDAK","MERANTI","KALIMANTAN BARAT","NGABANG","NGG","MERANTI-NGG","NGG010","KB"
"KALIMANTAN BARAT","KAB. LANDAK","KUALA BEHE","KALIMANTAN BARAT","NGABANG","NGG","KUALA BEHE","NGG005","KB"
"KALIMANTAN BARAT","KAB. LANDAK","SEBANGKI","KALIMANTAN BARAT","NGABANG","NGG","SEBANGKI","NGG011","KB"
"KALIMANTAN BARAT","KAB. LANDAK","JELIMPO","KALIMANTAN BARAT","NGABANG","NGG","JELIMPO","NGG004","KB"
"KALIMANTAN BARAT","KAB. LANDAK","BANYUKE HULU","KALIMANTAN BARAT","NGABANG","NGG","BANYUKE HULU","NGG003","KB"
"KALIMANTAN BARAT","KAB. LANDAK","SOMPAK","KALIMANTAN BARAT","NGABANG","NGG","SOMPAK","NGG013","KB"
"KALIMANTAN BARAT","KAB. MELAWI","BELIMBING","KALIMANTAN BARAT","MELAWI","MLW","BELIMBING-MLW","MLW003","KB"
"KALIMANTAN BARAT","KAB. MELAWI","NANGA PINOH","KALIMANTAN BARAT","MELAWI","MLW","NANGA PINOH","MLW001","KB"
"KALIMANTAN BARAT","KAB. MELAWI","ELLA HILIR","KALIMANTAN BARAT","MELAWI","MLW","ELLA HILIR","MLW005","KB"
"KALIMANTAN BARAT","KAB. MELAWI","MENUKUNG","KALIMANTAN BARAT","MELAWI","MLW","MENUKUNG","MLW006","KB"
"KALIMANTAN BARAT","KAB. MELAWI","SAYAN","KALIMANTAN BARAT","MELAWI","MLW","SAYAN","MLW008","KB"
"KALIMANTAN BARAT","KAB. MELAWI","TANAH PINOH","KALIMANTAN BARAT","MELAWI","MLW","TANAH PINOH","MLW009","KB"
"KALIMANTAN BARAT","KAB. MELAWI","SOKAN","KALIMANTAN BARAT","MELAWI","MLW","SOKAN","MLW002","KB"
"KALIMANTAN BARAT","KAB. MELAWI","PINOH UTARA","KALIMANTAN BARAT","MELAWI","MLW","PINOH UTARA","MLW007","KB"
"KALIMANTAN BARAT","KAB. MELAWI","PINOH SELATAN","KALIMANTAN BARAT","MELAWI","MLW","PINOH SELATAN","MLW011","KB"
"KALIMANTAN BARAT","KAB. MELAWI","BELIMBING HULU","KALIMANTAN BARAT","MELAWI","MLW","BELIMBING HULU","MLW004","KB"
"KALIMANTAN BARAT","KAB. MELAWI","TANAH PINOH BARAT","KALIMANTAN BARAT","MELAWI","MLW","TANAH PINOH BARAT","MLW010","KB"
"KALIMANTAN BARAT","KAB. MEMPAWAH","MEMPAWAH HILIR","KALIMANTAN BARAT","MEMPAWAH","MMW","MEMPAWAH HILIR","MMW007","KB"
"KALIMANTAN BARAT","KAB. MEMPAWAH","TOHO","KALIMANTAN BARAT","MEMPAWAH","MMW","TOHO","MMW005","KB"
"KALIMANTAN BARAT","KAB. MEMPAWAH","SUNGAI PINYUH","KALIMANTAN BARAT","MEMPAWAH","MMW","SUNGAI PINYUH","MMW001","KB"
"KALIMANTAN BARAT","KAB. MEMPAWAH","SIANTAN","KALIMANTAN BARAT","MEMPAWAH","MMW","SIANTAN-MMW","MMW006","KB"
"KALIMANTAN BARAT","KAB. MEMPAWAH","SUNGAI KUNYIT","KALIMANTAN BARAT","MEMPAWAH","MMW","SUNGAI KUNYIT","MMW009","KB"
"KALIMANTAN BARAT","KAB. MEMPAWAH","SEGEDONG","KALIMANTAN BARAT","MEMPAWAH","MMW","SEGEDONG","MMW004","KB"
"KALIMANTAN BARAT","KAB. MEMPAWAH","ANJONGAN","KALIMANTAN BARAT","MEMPAWAH","MMW","ANJONGAN","MMW002","KB"
"KALIMANTAN BARAT","KAB. MEMPAWAH","SADANIANG","KALIMANTAN BARAT","MEMPAWAH","MMW","SADANIANG","MMW003","KB"
"KALIMANTAN BARAT","KAB. MEMPAWAH","MEMPAWAH TIMUR","KALIMANTAN BARAT","MEMPAWAH","MMW","MEMPAWAH TIMUR","MMW008","KB"
"KALIMANTAN BARAT","KAB. SAMBAS","SAMBAS","KALIMANTAN BARAT","SAMBAS","SAS","SAMBAS","SAS019","KB"
"KALIMANTAN BARAT","KAB. SAMBAS","SUBAH","KALIMANTAN BARAT","SAMBAS","SAS","SUBAH-SAS","SAS011","KB"
"KALIMANTAN BARAT","KAB. SAMBAS","TELUK KERAMAT","KALIMANTAN BARAT","SAMBAS","SAS","TELUK KERAMAT","SAS018","KB"
"KALIMANTAN BARAT","KAB. SAMBAS","JAWAI","KALIMANTAN BARAT","SAMBAS","SAS","JAWAI","SAS003","KB"
"KALIMANTAN BARAT","KAB. SAMBAS","TEBAS","KALIMANTAN BARAT","SAMBAS","SAS","TEBAS","SAS001","KB"
"KALIMANTAN BARAT","KAB. SAMBAS","PEMANGKAT","KALIMANTAN BARAT","SAMBAS","SAS","PEMANGKAT","SAS014","KB"
"KALIMANTAN BARAT","KAB. SAMBAS","SEJANGKUNG","KALIMANTAN BARAT","SAMBAS","SAS","SEJANGKUNG","SAS010","KB"
"KALIMANTAN BARAT","KAB. SAMBAS","SELAKAU","KALIMANTAN BARAT","SAMBAS","SAS","SELAKAU","SAS017","KB"
"KALIMANTAN BARAT","KAB. SAMBAS","PALOH","KALIMANTAN BARAT","SAMBAS","SAS","PALOH","SAS005","KB"
"KALIMANTAN BARAT","KAB. SAMBAS","SAJINGAN BESAR","KALIMANTAN BARAT","SAMBAS","SAS","SAJINGAN BESAR","SAS007","KB"
"KALIMANTAN BARAT","KAB. SAMBAS","GALING","KALIMANTAN BARAT","SAMBAS","SAS","GALING","SAS002","KB"
"KALIMANTAN BARAT","KAB. SAMBAS","TEKARANG","KALIMANTAN BARAT","SAMBAS","SAS","TEKARANG","SAS013","KB"
"KALIMANTAN BARAT","KAB. SAMBAS","SEMPARUK","KALIMANTAN BARAT","SAMBAS","SAS","SEMPARUK","SAS015","KB"
"KALIMANTAN BARAT","KAB. SAMBAS","SAJAD","KALIMANTAN BARAT","SAMBAS","SAS","SAJAD","SAS006","KB"
"KALIMANTAN BARAT","KAB. SAMBAS","SEBAWI","KALIMANTAN BARAT","SAMBAS","SAS","SEBAWI","SAS009","KB"
"KALIMANTAN BARAT","KAB. SAMBAS","JAWAI SELATAN","KALIMANTAN BARAT","SAMBAS","SAS","JAWAI SELATAN","SAS004","KB"
"KALIMANTAN BARAT","KAB. SAMBAS","TANGARAN","KALIMANTAN BARAT","SAMBAS","SAS","TANGARAN","SAS012","KB"
"KALIMANTAN BARAT","KAB. SAMBAS","SALATIGA","KALIMANTAN BARAT","SAMBAS","SAS","SALATIGA","SAS008","KB"
"KALIMANTAN BARAT","KAB. SAMBAS","SELAKAU TIMUR","KALIMANTAN BARAT","SAMBAS","SAS","SELAKAU TIMUR","SAS016","KB"
"KALIMANTAN BARAT","KAB. SANGGAU","KAPUAS","KALIMANTAN BARAT","SANGGAU","SAG","SANGGAU KAPUAS","SAG001","KB"
"KALIMANTAN BARAT","KAB. SANGGAU","MUKOK","KALIMANTAN BARAT","SANGGAU","SAG","MUKOK","SAG006","KB"
"KALIMANTAN BARAT","KAB. SANGGAU","NOYAN","KALIMANTAN BARAT","SANGGAU","SAG","NOYAN","SAG007","KB"
"KALIMANTAN BARAT","KAB. SANGGAU","JANGKANG","KALIMANTAN BARAT","SANGGAU","SAG","JANGKANG","SAG004","KB"
"KALIMANTAN BARAT","KAB. SANGGAU","BONTI","KALIMANTAN BARAT","SANGGAU","SAG","BONTI","SAG002","KB"
"KALIMANTAN BARAT","KAB. SANGGAU","BEDUAI","KALIMANTAN BARAT","SANGGAU","SAG","BEDUAI","SAG014","KB"
"KALIMANTAN BARAT","KAB. SANGGAU","SEKAYAM","KALIMANTAN BARAT","SANGGAU","SAG","SEKAYAM","SAG012","KB"
"KALIMANTAN BARAT","KAB. SANGGAU","KEMBAYAN","KALIMANTAN BARAT","SANGGAU","SAG","KEMBAYAN","SAG013","KB"
"KALIMANTAN BARAT","KAB. SANGGAU","PARINDU","KALIMANTAN BARAT","SANGGAU","SAG","PARINDU","SAG008","KB"
"KALIMANTAN BARAT","KAB. SANGGAU","TAYAN HULU","KALIMANTAN BARAT","SANGGAU","SAG","TAYAN HULU","SAG010","KB"
"KALIMANTAN BARAT","KAB. SANGGAU","TAYAN HILIR","KALIMANTAN BARAT","SANGGAU","SAG","TAYAN HILIR","SAG011","KB"
"KALIMANTAN BARAT","KAB. SANGGAU","BALAI","KALIMANTAN BARAT","SANGGAU","SAG","BALAI KARANGAN","SAG015","KB"
"KALIMANTAN BARAT","KAB. SANGGAU","TOBA","KALIMANTAN BARAT","SANGGAU","SAG","TOBA","SAG009","KB"
"KALIMANTAN BARAT","KAB. SANGGAU","MELIAU","KALIMANTAN BARAT","SANGGAU","SAG","MELIAU","SAG005","KB"
"KALIMANTAN BARAT","KAB. SANGGAU","ENTIKONG","KALIMANTAN BARAT","SANGGAU","SAG","ENTIKONG","SAG003","KB"
"KALIMANTAN BARAT","KAB. SEKADAU","SEKADAU HILIR","KALIMANTAN BARAT","SEKADAU","SKH","SEKADAU HILIR","SKH007","KB"
"KALIMANTAN BARAT","KAB. SEKADAU","SEKADAU HULU","KALIMANTAN BARAT","SEKADAU","SKH","SEKADAU HULU","SKH006","KB"
"KALIMANTAN BARAT","KAB. SEKADAU","NANGA TAMAN","KALIMANTAN BARAT","SEKADAU","SKH","NANGA TAMAN","SKH005","KB"
"KALIMANTAN BARAT","KAB. SEKADAU","NANGA MAHAP","KALIMANTAN BARAT","SEKADAU","SKH","NANGA MAHAP","SKH004","KB"
"KALIMANTAN BARAT","KAB. SEKADAU","BELITANG HILIR","KALIMANTAN BARAT","SEKADAU","SKH","BELITANG HILIR","SKH002","KB"
"KALIMANTAN BARAT","KAB. SEKADAU","BELITANG HULU","KALIMANTAN BARAT","SEKADAU","SKH","BELITANG HULU","SKH003","KB"
"KALIMANTAN BARAT","KAB. SEKADAU","BELITANG","KALIMANTAN BARAT","SEKADAU","SKH","BELITANG","SKH001","KB"
"KALIMANTAN BARAT","KAB. SINTANG","SINTANG","KALIMANTAN BARAT","SINTANG","SQG","SINTANG","SQG001","KB"
"KALIMANTAN BARAT","KAB. SINTANG","TEMPUNAK","KALIMANTAN BARAT","SINTANG","SQG","TEMPUNAK","SQG013","KB"
"KALIMANTAN BARAT","KAB. SINTANG","SEPAUK","KALIMANTAN BARAT","SINTANG","SQG","SEPAUK","SQG014","KB"
"KALIMANTAN BARAT","KAB. SINTANG","KETUNGAU HILIR","KALIMANTAN BARAT","SINTANG","SQG","KETUNGAU HILIR","SQG008","KB"
"KALIMANTAN BARAT","KAB. SINTANG","KETUNGAU TENGAH","KALIMANTAN BARAT","SINTANG","SQG","KETUNGAU TENGAH","SQG010","KB"
"KALIMANTAN BARAT","KAB. SINTANG","KETUNGAU HULU","KALIMANTAN BARAT","SINTANG","SQG","KETUNGAU HULU","SQG009","KB"
"KALIMANTAN BARAT","KAB. SINTANG","DEDAI","KALIMANTAN BARAT","SINTANG","SQG","DEDAI","SQG004","KB"
"KALIMANTAN BARAT","KAB. SINTANG","KAYAN HILIR","KALIMANTAN BARAT","SINTANG","SQG","KAYAN HILIR-SQG","SQG005","KB"
"KALIMANTAN BARAT","KAB. SINTANG","KAYAN HULU","KALIMANTAN BARAT","SINTANG","SQG","KAYAN HULU-SQG","SQG006","KB"
"KALIMANTAN BARAT","KAB. SINTANG","SERAWAI","KALIMANTAN BARAT","SINTANG","SQG","SERAWAI","SQG011","KB"
"KALIMANTAN BARAT","KAB. SINTANG","AMBALAU","KALIMANTAN BARAT","SINTANG","SQG","AMBALAU-SQG","SQG002","KB"
"KALIMANTAN BARAT","KAB. SINTANG","KELAM PERMAI","KALIMANTAN BARAT","SINTANG","SQG","KELAM PERMAI","SQG007","KB"
"KALIMANTAN BARAT","KAB. SINTANG","SUNGAI TEBELIAN","KALIMANTAN BARAT","SINTANG","SQG","SUNGAI TEBELIAN","SQG012","KB"
"KALIMANTAN BARAT","KAB. SINTANG","BINJAI HULU","KALIMANTAN BARAT","SINTANG","SQG","BINJAI HULU","SQG003","KB"
"KALIMANTAN BARAT","KOTA PONTIANAK","PONTIANAK SELATAN","KALIMANTAN BARAT","PONTIANAK","PNK","PONTIANAK SELATAN","PNK001","KB"
"KALIMANTAN BARAT","KOTA PONTIANAK","PONTIANAK TIMUR","KALIMANTAN BARAT","PONTIANAK","PNK","PONTIANAK TIMUR","PNK006","KB"
"KALIMANTAN BARAT","KOTA PONTIANAK","PONTIANAK BARAT","KALIMANTAN BARAT","PONTIANAK","PNK","PONTIANAK BARAT","PNK004","KB"
"KALIMANTAN BARAT","KOTA PONTIANAK","PONTIANAK UTARA","KALIMANTAN BARAT","PONTIANAK","PNK","PONTIANAK UTARA","PNK003","KB"
"KALIMANTAN BARAT","KOTA PONTIANAK","PONTIANAK KOTA","KALIMANTAN BARAT","PONTIANAK","PNK","PONTIANAK KOTA","PNK005","KB"
"KALIMANTAN BARAT","KOTA PONTIANAK","PONTIANAK TENGGARA","KALIMANTAN BARAT","PONTIANAK","PNK","PONTIANAK TENGGARA","PNK002","KB"
"KALIMANTAN BARAT","KOTA SINGKAWANG","SINGKAWANG TENGAH","KALIMANTAN BARAT","SINGKAWANG","SKW","SINGKAWANG TENGAH","SKW002","KB"
"KALIMANTAN BARAT","KOTA SINGKAWANG","SINGKAWANG BARAT","KALIMANTAN BARAT","SINGKAWANG","SKW","SINGKAWANG BARAT","SKW001","KB"
"KALIMANTAN BARAT","KOTA SINGKAWANG","SINGKAWANG TIMUR","KALIMANTAN BARAT","SINGKAWANG","SKW","SINGKAWANG TIMUR","SKW005","KB"
"KALIMANTAN BARAT","KOTA SINGKAWANG","SINGKAWANG UTARA","KALIMANTAN BARAT","SINGKAWANG","SKW","SINGKAWANG UTARA","SKW004","KB"
"KALIMANTAN BARAT","KOTA SINGKAWANG","SINGKAWANG SELATAN","KALIMANTAN BARAT","SINGKAWANG","SKW","SINGKAWANG SELATAN","SKW003","KB"
"KALIMANTAN SELATAN","KAB. BALANGAN","JUAI","KALIMANTAN SELATAN","BALANGAN","PAG","JUAI","PAG004","KS"
"KALIMANTAN SELATAN","KAB. BALANGAN","HALONG","KALIMANTAN SELATAN","BALANGAN","PAG","HALONG","PAG003","KS"
"KALIMANTAN SELATAN","KAB. BALANGAN","AWAYAN","KALIMANTAN SELATAN","BALANGAN","PAG","AWAYAN","PAG001","KS"
"KALIMANTAN SELATAN","KAB. BALANGAN","BATU MANDI","KALIMANTAN SELATAN","BALANGAN","PAG","BATU MANDI","PAG002","KS"
"KALIMANTAN SELATAN","KAB. BALANGAN","LAMPIHONG","KALIMANTAN SELATAN","BALANGAN","PAG","LAMPIHONG","PAG005","KS"
"KALIMANTAN SELATAN","KAB. BALANGAN","PARINGIN","KALIMANTAN SELATAN","BALANGAN","PAG","PARINGIN","PAG006","KS"
"KALIMANTAN SELATAN","KAB. BALANGAN","PARINGIN SELATAN","KALIMANTAN SELATAN","BALANGAN","PAG","PARINGIN SELATAN","PAG007","KS"
"KALIMANTAN SELATAN","KAB. BALANGAN","TEBING TINGGI","KALIMANTAN SELATAN","BALANGAN","PAG","TEBING TINGGI-PAG","PAG008","KS"
"KALIMANTAN SELATAN","KAB. BANJAR","ALUH ALUH","KALIMANTAN SELATAN","MARTAPURA(BANJARMASIN)","MTA","ALUH-ALUH","MTA017","KS"
"KALIMANTAN SELATAN","KAB. BANJAR","KERTAK HANYAR","KALIMANTAN SELATAN","MARTAPURA(BANJARMASIN)","MTA","KERTAK HANYAR","MTA019","KS"
"KALIMANTAN SELATAN","KAB. BANJAR","GAMBUT","KALIMANTAN SELATAN","MARTAPURA(BANJARMASIN)","MTA","GAMBUT","MTA016","KS"
"KALIMANTAN SELATAN","KAB. BANJAR","SUNGAI TABUK","KALIMANTAN SELATAN","MARTAPURA(BANJARMASIN)","MTA","SEI _ SUNGAI TABUK","MTA018","KS"
"KALIMANTAN SELATAN","KAB. BANJAR","MARTAPURA","KALIMANTAN SELATAN","MARTAPURA(BANJARMASIN)","MTA","MARTAPURA KOTA","MTA005","KS"
"KALIMANTAN SELATAN","KAB. BANJAR","KARANG INTAN","KALIMANTAN SELATAN","MARTAPURA(BANJARMASIN)","MTA","KARANG INTAN","MTA003","KS"
"KALIMANTAN SELATAN","KAB. BANJAR","ASTAMBUL","KALIMANTAN SELATAN","MARTAPURA(BANJARMASIN)","MTA","ASTAMBUL","MTA002","KS"
"KALIMANTAN SELATAN","KAB. BANJAR","SIMPANG EMPAT","KALIMANTAN SELATAN","MARTAPURA(BANJARMASIN)","MTA","SIMPANG EMPAT-MTA","MTA012","KS"
"KALIMANTAN SELATAN","KAB. BANJAR","PENGAROM","KALIMANTAN SELATAN","MARTAPURA(BANJARMASIN)","MTA","PENGARON","MTA008","KS"
"KALIMANTAN SELATAN","KAB. BANJAR","SUNGAI PINANG","KALIMANTAN SELATAN","MARTAPURA(BANJARMASIN)","MTA","SEI _ SUNGAI PINANG","MTA011","KS"
"KALIMANTAN SELATAN","KAB. BANJAR","ARANIO","KALIMANTAN SELATAN","MARTAPURA(BANJARMASIN)","MTA","ARANIO","MTA001","KS"
"KALIMANTAN SELATAN","KAB. BANJAR","MATARAMAN","KALIMANTAN SELATAN","MARTAPURA(BANJARMASIN)","MTA","MATARAMAN","MTA007","KS"
"KALIMANTAN SELATAN","KAB. BANJAR","BERUNTUNG BARU","KALIMANTAN SELATAN","MARTAPURA(BANJARMASIN)","MTA","BERUNTUNG BARU","MTA015","KS"
"KALIMANTAN SELATAN","KAB. BANJAR","MARTAPURA BARAT","KALIMANTAN SELATAN","MARTAPURA(BANJARMASIN)","MTA","MARTAPURA BARAT","MTA004","KS"
"KALIMANTAN SELATAN","KAB. BANJAR","MARTAPURA TIMUR","KALIMANTAN SELATAN","MARTAPURA(BANJARMASIN)","MTA","MARTAPURA TIMUR","MTA006","KS"
"KALIMANTAN SELATAN","KAB. BANJAR","SAMBUNG MAKMUR","KALIMANTAN SELATAN","MARTAPURA(BANJARMASIN)","MTA","SAMBUNG MAKMUR","MTA010","KS"
"KALIMANTAN SELATAN","KAB. BANJAR","TELAGA BAUNTUNG","KALIMANTAN SELATAN","MARTAPURA(BANJARMASIN)","MTA","TELAGA BAUNTUNG","MTA013","KS"
"KALIMANTAN SELATAN","KAB. BANJAR","TATAH MAKMUR","KALIMANTAN SELATAN","MARTAPURA(BANJARMASIN)","MTA","TATAH MAKMUR","MTA014","KS"
"KALIMANTAN SELATAN","KAB. BARITO KUALA","TABUNGANEN","KALIMANTAN SELATAN","MARABAHAN","MRH","TABUNGANEN","MRH015","KS"
"KALIMANTAN SELATAN","KAB. BARITO KUALA","TAMBAN","KALIMANTAN SELATAN","MARABAHAN","MRH","TAMBAN","MRH016","KS"
"KALIMANTAN SELATAN","KAB. BARITO KUALA","ANJIR PASAR","KALIMANTAN SELATAN","MARABAHAN","MRH","ANJIR PASAR","MRH003","KS"
"KALIMANTAN SELATAN","KAB. BARITO KUALA","ANJIR MUARA","KALIMANTAN SELATAN","MARABAHAN","MRH","ANJIR MUARA","MRH002","KS"
"KALIMANTAN SELATAN","KAB. BARITO KUALA","ALALAK","KALIMANTAN SELATAN","MARABAHAN","MRH","ALALAK","MRH001","KS"
"KALIMANTAN SELATAN","KAB. BARITO KUALA","MANDASTANA","KALIMANTAN SELATAN","MARABAHAN","MRH","MANDASTANA","MRH010","KS"
"KALIMANTAN SELATAN","KAB. BARITO KUALA","RANTAU BADAUH","KALIMANTAN SELATAN","MARABAHAN","MRH","RANTAU BADAUH","MRH013","KS"
"KALIMANTAN SELATAN","KAB. BARITO KUALA","BELAWANG","KALIMANTAN SELATAN","MARABAHAN","MRH","BELAWANG","MRH006","KS"
"KALIMANTAN SELATAN","KAB. BARITO KUALA","CERBON","KALIMANTAN SELATAN","MARABAHAN","MRH","CERBON","MRH007","KS"
"KALIMANTAN SELATAN","KAB. BARITO KUALA","BAKUMPAI","KALIMANTAN SELATAN","MARABAHAN","MRH","BAKUMPAI","MRH004","KS"
"KALIMANTAN SELATAN","KAB. BARITO KUALA","KURIPAN","KALIMANTAN SELATAN","MARABAHAN","MRH","KURIPAN-MRH","MRH009","KS"
"KALIMANTAN SELATAN","KAB. BARITO KUALA","TABUKAN","KALIMANTAN SELATAN","MARABAHAN","MRH","TABUKAN","MRH014","KS"
"KALIMANTAN SELATAN","KAB. BARITO KUALA","MEKARSARI","KALIMANTAN SELATAN","MARABAHAN","MRH","MEKAR SARI","MRH012","KS"
"KALIMANTAN SELATAN","KAB. BARITO KUALA","BARAMBAI","KALIMANTAN SELATAN","MARABAHAN","MRH","BARAMBAI","MRH005","KS"
"KALIMANTAN SELATAN","KAB. BARITO KUALA","MARABAHAN","KALIMANTAN SELATAN","MARABAHAN","MRH","MARABAHAN","MRH011","KS"
"KALIMANTAN SELATAN","KAB. BARITO KUALA","WANARAYA","KALIMANTAN SELATAN","MARABAHAN","MRH","WANARAYA","MRH017","KS"
"KALIMANTAN SELATAN","KAB. BARITO KUALA","JEJANGKIT","KALIMANTAN SELATAN","MARABAHAN","MRH","JEJANGKIT","MRH008","KS"
"KALIMANTAN SELATAN","KAB. HULU SUNGAI SELATAN","SUNGAI RAYA","KALIMANTAN SELATAN","KANDANGAN","KDG","SUNGAI RAYA-KDG","KDG010","KS"
"KALIMANTAN SELATAN","KAB. HULU SUNGAI SELATAN","PADANG BATUNG","KALIMANTAN SELATAN","KANDANGAN","KDG","PADANG BATUNG","KDG008","KS"
"KALIMANTAN SELATAN","KAB. HULU SUNGAI SELATAN","TELAGA LANGSAT","KALIMANTAN SELATAN","KANDANGAN","KDG","TELAGA LANGSAT","KDG011","KS"
"KALIMANTAN SELATAN","KAB. HULU SUNGAI SELATAN","ANGKINANG","KALIMANTAN SELATAN","KANDANGAN","KDG","ANGKINANG","KDG001","KS"
"KALIMANTAN SELATAN","KAB. HULU SUNGAI SELATAN","KANDANGAN","KALIMANTAN SELATAN","KANDANGAN","KDG","KANDANGAN-KDG","KDG006","KS"
"KALIMANTAN SELATAN","KAB. HULU SUNGAI SELATAN","SIMPUR","KALIMANTAN SELATAN","KANDANGAN","KDG","SIMPUR","KDG009","KS"
"KALIMANTAN SELATAN","KAB. HULU SUNGAI SELATAN","DAHA SELATAN","KALIMANTAN SELATAN","KANDANGAN","KDG","DAHA SELATAN","KDG003","KS"
"KALIMANTAN SELATAN","KAB. HULU SUNGAI SELATAN","DAHA UTARA","KALIMANTAN SELATAN","KANDANGAN","KDG","DAHA UTARA","KDG004","KS"
"KALIMANTAN SELATAN","KAB. HULU SUNGAI SELATAN","KALUMPANG","KALIMANTAN SELATAN","KANDANGAN","KDG","KALUMPANG-KDG","KDG005","KS"
"KALIMANTAN SELATAN","KAB. HULU SUNGAI SELATAN","LOKSADO","KALIMANTAN SELATAN","KANDANGAN","KDG","LOKSADO","KDG007","KS"
"KALIMANTAN SELATAN","KAB. HULU SUNGAI SELATAN","DAHA BARAT","KALIMANTAN SELATAN","KANDANGAN","KDG","DAHA BARAT","KDG002","KS"
"KALIMANTAN SELATAN","KAB. HULU SUNGAI TENGAH","HARUYAN","KALIMANTAN SELATAN","HULU SUNGAI TENGAH","BAR","HARUYAN","BAR007","KS"
"KALIMANTAN SELATAN","KAB. HULU SUNGAI TENGAH","BATU BENAWA","KALIMANTAN SELATAN","HULU SUNGAI TENGAH","BAR","BATU BENAWA","BAR005","KS"
"KALIMANTAN SELATAN","KAB. HULU SUNGAI TENGAH","LABUAN AMAS SELATAN","KALIMANTAN SELATAN","HULU SUNGAI TENGAH","BAR","LABUAN AMAS SELATAN","BAR008","KS"
"KALIMANTAN SELATAN","KAB. HULU SUNGAI TENGAH","LABUAN AMAS UTARA","KALIMANTAN SELATAN","HULU SUNGAI TENGAH","BAR","LABUAN AMAS UTARA","BAR009","KS"
"KALIMANTAN SELATAN","KAB. HULU SUNGAI TENGAH","PANDAWAN","KALIMANTAN SELATAN","HULU SUNGAI TENGAH","BAR","PANDAWAN","BAR011","KS"
"KALIMANTAN SELATAN","KAB. HULU SUNGAI TENGAH","BARABAI","KALIMANTAN SELATAN","HULU SUNGAI TENGAH","BAR","BARABAI","BAR001","KS"
"KALIMANTAN SELATAN","KAB. HULU SUNGAI TENGAH","BATANG ALAI SELATAN","KALIMANTAN SELATAN","HULU SUNGAI TENGAH","BAR","BATANG ALAI SELATAN","BAR002","KS"
"KALIMANTAN SELATAN","KAB. HULU SUNGAI TENGAH","BATANG ALAI UTARA","KALIMANTAN SELATAN","HULU SUNGAI TENGAH","BAR","BATANG ALAI UTARA","BAR004","KS"
"KALIMANTAN SELATAN","KAB. HULU SUNGAI TENGAH","HANTAKAN","KALIMANTAN SELATAN","HULU SUNGAI TENGAH","BAR","HANTAKAN","BAR006","KS"
"KALIMANTAN SELATAN","KAB. HULU SUNGAI TENGAH","BATANG ALAI TIMUR","KALIMANTAN SELATAN","HULU SUNGAI TENGAH","BAR","BATANG ALAI TIMUR","BAR003","KS"
"KALIMANTAN SELATAN","KAB. HULU SUNGAI TENGAH","LIMPASU","KALIMANTAN SELATAN","HULU SUNGAI TENGAH","BAR","LIMPASU","BAR010","KS"
"KALIMANTAN SELATAN","KAB. HULU SUNGAI UTARA","DANAU PANGGANG","KALIMANTAN SELATAN","AMUNTAI","AMN","DANAU PANGGANG","AMN006","KS"
"KALIMANTAN SELATAN","KAB. HULU SUNGAI UTARA","BABIRIK","KALIMANTAN SELATAN","AMUNTAI","AMN","BABIRIK","AMN004","KS"
"KALIMANTAN SELATAN","KAB. HULU SUNGAI UTARA","SUNGAI PANDAN","KALIMANTAN SELATAN","AMUNTAI","AMN","SUNGAI PANDAN","AMN009","KS"
"KALIMANTAN SELATAN","KAB. HULU SUNGAI UTARA","AMUNTAI SELATAN","KALIMANTAN SELATAN","AMUNTAI","AMN","AMUNTAI SELATAN","AMN001","KS"
"KALIMANTAN SELATAN","KAB. HULU SUNGAI UTARA","AMUNTAI TENGAH","KALIMANTAN SELATAN","AMUNTAI","AMN","AMUNTAI TENGAH","AMN002","KS"
"KALIMANTAN SELATAN","KAB. HULU SUNGAI UTARA","AMUNTAI UTARA","KALIMANTAN SELATAN","AMUNTAI","AMN","AMUNTAI UTARA","AMN003","KS"
"KALIMANTAN SELATAN","KAB. HULU SUNGAI UTARA","BANJANG","KALIMANTAN SELATAN","AMUNTAI","AMN","BANJANG","AMN005","KS"
"KALIMANTAN SELATAN","KAB. HULU SUNGAI UTARA","HAUR GADING","KALIMANTAN SELATAN","AMUNTAI","AMN","HAUR GADING","AMN007","KS"
"KALIMANTAN SELATAN","KAB. HULU SUNGAI UTARA","PAMINGGIR","KALIMANTAN SELATAN","AMUNTAI","AMN","PAMINGGIR","AMN008","KS"
"KALIMANTAN SELATAN","KAB. HULU SUNGAI UTARA","SUNGAI TABUKAN","KALIMANTAN SELATAN","AMUNTAI","AMN","SUNGAI TABUKAN","AMN010","KS"
"KALIMANTAN SELATAN","KAB. KOTABARU","PULAUSEMBILAN","KALIMANTAN SELATAN","KOTABARU","KBW","PULAU SEMBILAN-KBW","KBW018","KS"
"KALIMANTAN SELATAN","KAB. KOTABARU","PULAULAUT BARAT","KALIMANTAN SELATAN","KOTABARU","KBW","PULAU LAUT BARAT","KBW011","KS"
"KALIMANTAN SELATAN","KAB. KOTABARU","PULAULAUT SELATAN","KALIMANTAN SELATAN","KOTABARU","KBW","PULAU LAUT SELATAN","KBW013","KS"
"KALIMANTAN SELATAN","KAB. KOTABARU","PULAULAUT TIMUR","KALIMANTAN SELATAN","KOTABARU","KBW","PULAU LAUT TIMUR","KBW015","KS"
"KALIMANTAN SELATAN","KAB. KOTABARU","PULAUSEBUKU","KALIMANTAN SELATAN","KOTABARU","KBW","PULAU SEBUKU","KBW017","KS"
"KALIMANTAN SELATAN","KAB. KOTABARU","PULAULAUT UTARA","KALIMANTAN SELATAN","KOTABARU","KBW","PULAU LAUT UTARA","KBW016","KS"
"KALIMANTAN SELATAN","KAB. KOTABARU","KELUMPANG SELATAN","KALIMANTAN SELATAN","KOTABARU","KBW","KELUMPANG SELATAN","KBW005","KS"
"KALIMANTAN SELATAN","KAB. KOTABARU","KELUMPANG HULU","KALIMANTAN SELATAN","KOTABARU","KBW","KELUMPANG HULU","KBW004","KS"
"KALIMANTAN SELATAN","KAB. KOTABARU","KELUMPANG TENGAH","KALIMANTAN SELATAN","KOTABARU","KBW","KELUMPANG TENGAH","KBW006","KS"
"KALIMANTAN SELATAN","KAB. KOTABARU","KELUMPANG UTARA","KALIMANTAN SELATAN","KOTABARU","KBW","KELUMPANG UTARA","KBW007","KS"
"KALIMANTAN SELATAN","KAB. KOTABARU","PAMUKAN SELATAN","KALIMANTAN SELATAN","KOTABARU","KBW","PAMUKAN SELATAN","KBW009","KS"
"KALIMANTAN SELATAN","KAB. KOTABARU","SAMPANAHAN","KALIMANTAN SELATAN","KOTABARU","KBW","SAMPANAHAN","KBW019","KS"
"KALIMANTAN SELATAN","KAB. KOTABARU","PAMUKAN UTARA","KALIMANTAN SELATAN","KOTABARU","KBW","PAMUKAN UTARA","KBW010","KS"
"KALIMANTAN SELATAN","KAB. KOTABARU","HAMPANG","KALIMANTAN SELATAN","KOTABARU","KBW","HAMPANG","KBW001","KS"
"KALIMANTAN SELATAN","KAB. KOTABARU","SUNGAIDURIAN","KALIMANTAN SELATAN","KOTABARU","KBW","SUNGAI DURIAN","KBW020","KS"
"KALIMANTAN SELATAN","KAB. KOTABARU","PULAULAUT TENGAH","KALIMANTAN SELATAN","KOTABARU","KBW","PULAU LAUT TENGAH","KBW014","KS"
"KALIMANTAN SELATAN","KAB. KOTABARU","KELUMPANG HILIR","KALIMANTAN SELATAN","KOTABARU","KBW","KELUMPANG HILIR","KBW003","KS"
"KALIMANTAN SELATAN","KAB. KOTABARU","KELUMPANG BARAT","KALIMANTAN SELATAN","KOTABARU","KBW","KELUMPANG BARAT","KBW002","KS"
"KALIMANTAN SELATAN","KAB. KOTABARU","PAMUKAN BARAT","KALIMANTAN SELATAN","KOTABARU","KBW","PAMUKAN BARAT","KBW008","KS"
"KALIMANTAN SELATAN","KAB. KOTABARU","PULAULAUT KEPULAUAN","KALIMANTAN SELATAN","KOTABARU","KBW","PULAU LAUT KEPULAUAN","KBW012","KS"
"KALIMANTAN SELATAN","KAB. KOTABARU","PULAULAUT TANJUNG SELAYAR","KALIMANTAN SELATAN","KOTABARU","KBW","PULAU LAUT TANJUNG SELAYAR","KBW021","KS"
"KALIMANTAN SELATAN","KAB. TABALONG","BANUA LAWAS","KALIMANTAN SELATAN","TABALONG","TJG","BANUA LAWAS","TJG002","KS"
"KALIMANTAN SELATAN","KAB. TABALONG","KELUA","KALIMANTAN SELATAN","TABALONG","TJG","KELUA","TJG006","KS"
"KALIMANTAN SELATAN","KAB. TABALONG","TANTA","KALIMANTAN SELATAN","TABALONG","TJG","TANTA","TJG011","KS"
"KALIMANTAN SELATAN","KAB. TABALONG","TANJUNG","KALIMANTAN SELATAN","TABALONG","TJG","TANJUNG-TJG","TJG001","KS"
"KALIMANTAN SELATAN","KAB. TABALONG","HARUAI","KALIMANTAN SELATAN","TABALONG","TJG","HARUAI","TJG004","KS"
"KALIMANTAN SELATAN","KAB. TABALONG","MURUNG PUDAK","KALIMANTAN SELATAN","TABALONG","TJG","MURUNG PUDAK","TJG009","KS"
"KALIMANTAN SELATAN","KAB. TABALONG","MUARA UYA","KALIMANTAN SELATAN","TABALONG","TJG","MUARA UYA","TJG008","KS"
"KALIMANTAN SELATAN","KAB. TABALONG","MUARA HARUS","KALIMANTAN SELATAN","TABALONG","TJG","MUARA HARUS","TJG007","KS"
"KALIMANTAN SELATAN","KAB. TABALONG","PUGAAN","KALIMANTAN SELATAN","TABALONG","TJG","PUGAAN","TJG010","KS"
"KALIMANTAN SELATAN","KAB. TABALONG","UPAU","KALIMANTAN SELATAN","TABALONG","TJG","UPAU","TJG012","KS"
"KALIMANTAN SELATAN","KAB. TABALONG","JARO","KALIMANTAN SELATAN","TABALONG","TJG","JARO","TJG005","KS"
"KALIMANTAN SELATAN","KAB. TABALONG","BINTANG ARA","KALIMANTAN SELATAN","TABALONG","TJG","BINTANG ARA","TJG003","KS"
"KALIMANTAN SELATAN","KAB. TANAH BUMBU","BATU LICIN","KALIMANTAN SELATAN","TANAH BUMBU","BLN","BATULICIN","BLN001","KS"
"KALIMANTAN SELATAN","KAB. TANAH BUMBU","KUSAN HILIR","KALIMANTAN SELATAN","TANAH BUMBU","BLN","KUSAN HILIR","BLN004","KS"
"KALIMANTAN SELATAN","KAB. TANAH BUMBU","SUNGAI LOBAN","KALIMANTAN SELATAN","TANAH BUMBU","BLN","SUNGAI LOBAN","BLN010","KS"
"KALIMANTAN SELATAN","KAB. TANAH BUMBU","SATUI","KALIMANTAN SELATAN","TANAH BUMBU","BLN","SATUI","BLN009","KS"
"KALIMANTAN SELATAN","KAB. TANAH BUMBU","KUSAN HULU","KALIMANTAN SELATAN","TANAH BUMBU","BLN","KUSAN HULU","BLN005","KS"
"KALIMANTAN SELATAN","KAB. TANAH BUMBU","SIMPANG EMPAT","KALIMANTAN SELATAN","TANAH BUMBU","BLN","SIMPANG EMPAT-BLN","BLN003","KS"
"KALIMANTAN SELATAN","KAB. TANAH BUMBU","KARANG BINTANG","KALIMANTAN SELATAN","TANAH BUMBU","BLN","KARANG BINTANG","BLN002","KS"
"KALIMANTAN SELATAN","KAB. TANAH BUMBU","MANTEWE","KALIMANTAN SELATAN","TANAH BUMBU","BLN","MANTEWE","BLN008","KS"
"KALIMANTAN SELATAN","KAB. TANAH BUMBU","ANGSANA","KALIMANTAN SELATAN","TANAH BUMBU","BLN","ANGSANA-BLN","BLN006","KS"
"KALIMANTAN SELATAN","KAB. TANAH BUMBU","KURANJI","KALIMANTAN SELATAN","TANAH BUMBU","BLN","KURANJI-BLN","BLN007","KS"
"KALIMANTAN SELATAN","KAB. TANAH LAUT","TAKISUNG","KALIMANTAN SELATAN","TANAH LAUT","PLR","TAKISUNG","PLR008","KS"
"KALIMANTAN SELATAN","KAB. TANAH LAUT","JORONG","KALIMANTAN SELATAN","TANAH LAUT","PLR","JORONG","PLR003","KS"
"KALIMANTAN SELATAN","KAB. TANAH LAUT","PELAIHARI","KALIMANTAN SELATAN","TANAH LAUT","PLR","PELAIHARI","PLR007","KS"
"KALIMANTAN SELATAN","KAB. TANAH LAUT","KURAU","KALIMANTAN SELATAN","TANAH LAUT","PLR","KURAU","PLR005","KS"
"KALIMANTAN SELATAN","KAB. TANAH LAUT","BATI BATI","KALIMANTAN SELATAN","TANAH LAUT","PLR","BATI-BATI","PLR001","KS"
"KALIMANTAN SELATAN","KAB. TANAH LAUT","PANYIPATAN","KALIMANTAN SELATAN","TANAH LAUT","PLR","PANYIPATAN","PLR006","KS"
"KALIMANTAN SELATAN","KAB. TANAH LAUT","KINTAP","KALIMANTAN SELATAN","TANAH LAUT","PLR","KINTAP","PLR004","KS"
"KALIMANTAN SELATAN","KAB. TANAH LAUT","TAMBANG ULANG","KALIMANTAN SELATAN","TANAH LAUT","PLR","TAMBANG ULANG","PLR009","KS"
"KALIMANTAN SELATAN","KAB. TANAH LAUT","BATU AMPAR","KALIMANTAN SELATAN","TANAH LAUT","PLR","BATU AMPAR-PLR","PLR002","KS"
"KALIMANTAN SELATAN","KAB. TANAH LAUT","BAJUIN","KALIMANTAN SELATAN","TANAH LAUT","PLR","BAJUIN","PLR010","KS"
"KALIMANTAN SELATAN","KAB. TANAH LAUT","BUMI MAKMUR","KALIMANTAN SELATAN","TANAH LAUT","PLR","BUMI MAKMUR","PLR011","KS"
"KALIMANTAN SELATAN","KAB. TAPIN","BINUANG","KALIMANTAN SELATAN","RANTAU(BANJARMASIN)","RTU","BINUANG-RTU","RTU002","KS"
"KALIMANTAN SELATAN","KAB. TAPIN","TAPIN SELATAN","KALIMANTAN SELATAN","RANTAU(BANJARMASIN)","RTU","TAPIN SELATAN","RTU010","KS"
"KALIMANTAN SELATAN","KAB. TAPIN","TAPIN TENGAH","KALIMANTAN SELATAN","RANTAU(BANJARMASIN)","RTU","TAPIN TENGAH","RTU011","KS"
"KALIMANTAN SELATAN","KAB. TAPIN","TAPIN UTARA","KALIMANTAN SELATAN","RANTAU(BANJARMASIN)","RTU","TAPIN UTARA","RTU012","KS"
"KALIMANTAN SELATAN","KAB. TAPIN","CANDI LARAS SELATAN","KALIMANTAN SELATAN","RANTAU(BANJARMASIN)","RTU","CANDI LARAS SELATAN","RTU004","KS"
"KALIMANTAN SELATAN","KAB. TAPIN","CANDI LARAS UTARA","KALIMANTAN SELATAN","RANTAU(BANJARMASIN)","RTU","CANDI LARAS UTARA","RTU005","KS"
"KALIMANTAN SELATAN","KAB. TAPIN","BAKARANGAN","KALIMANTAN SELATAN","RANTAU(BANJARMASIN)","RTU","BAKARANGAN","RTU001","KS"
"KALIMANTAN SELATAN","KAB. TAPIN","PIANI","KALIMANTAN SELATAN","RANTAU(BANJARMASIN)","RTU","PIANI","RTU008","KS"
"KALIMANTAN SELATAN","KAB. TAPIN","BUNGUR","KALIMANTAN SELATAN","RANTAU(BANJARMASIN)","RTU","BUNGUR","RTU003","KS"
"KALIMANTAN SELATAN","KAB. TAPIN","LOKPAIKAT","KALIMANTAN SELATAN","RANTAU(BANJARMASIN)","RTU","LOKPAIKAT","RTU007","KS"
"KALIMANTAN SELATAN","KAB. TAPIN","SALAM BABARIS","KALIMANTAN SELATAN","RANTAU(BANJARMASIN)","RTU","SALAM BABARIS","RTU009","KS"
"KALIMANTAN SELATAN","KAB. TAPIN","HATUNGUN","KALIMANTAN SELATAN","RANTAU(BANJARMASIN)","RTU","HATUNGAN","RTU006","KS"
"KALIMANTAN SELATAN","KOTA BANJARBARU","LANDASAN ULIN","KALIMANTAN SELATAN","BANJARBARU","BJB","LANDASAN ULIN","BJB004","KS"
"KALIMANTAN SELATAN","KOTA BANJARBARU","CEMPAKA","KALIMANTAN SELATAN","BANJARBARU","BJB","CEMPAKA-BJB","BJB003","KS"
"KALIMANTAN SELATAN","KOTA BANJARBARU","BANJARBARU UTARA","KALIMANTAN SELATAN","BANJARBARU","BJB","BANJARBARU UTARA","BJB002","KS"
"KALIMANTAN SELATAN","KOTA BANJARBARU","BANJARBARU SELATAN","KALIMANTAN SELATAN","BANJARBARU","BJB","BANJARBARU SELATAN","BJB001","KS"
"KALIMANTAN SELATAN","KOTA BANJARBARU","LIANG ANGGANG","KALIMANTAN SELATAN","BANJARBARU","BJB","LIANG ANGGANG","BJB005","KS"
"KALIMANTAN SELATAN","KOTA BANJARMASIN","BANJARMASIN SELATAN","KALIMANTAN SELATAN","BANJARMASIN","BDJ","BANJARMASIN SELATAN","BDJ005","KS"
"KALIMANTAN SELATAN","KOTA BANJARMASIN","BANJARMASIN TIMUR","KALIMANTAN SELATAN","BANJARMASIN","BDJ","BANJARMASIN TIMUR","BDJ002","KS"
"KALIMANTAN SELATAN","KOTA BANJARMASIN","BANJARMASIN BARAT","KALIMANTAN SELATAN","BANJARMASIN","BDJ","BANJARMASIN BARAT","BDJ004","KS"
"KALIMANTAN SELATAN","KOTA BANJARMASIN","BANJARMASIN UTARA","KALIMANTAN SELATAN","BANJARMASIN","BDJ","BANJARMASIN UTARA","BDJ003","KS"
"KALIMANTAN SELATAN","KOTA BANJARMASIN","BANJARMASIN TENGAH","KALIMANTAN SELATAN","BANJARMASIN","BDJ","BANJARMASIN TENGAH","BDJ001","KS"
"KALIMANTAN SELATAN","KAB. BANJAR","PARAMASAN","KALIMANTAN SELATAN","MARTAPURA(BANJARMASIN)","MTA","PERAMASAN","MTA009","KS"
"KALIMANTAN TENGAH","KAB. BARITO SELATAN","JENAMAS","KALIMANTAN TENGAH","BUNTOK","BTW","JENAMAS","BTW001","KT"
"KALIMANTAN TENGAH","KAB. BARITO SELATAN","DUSUN HILIR","KALIMANTAN TENGAH","BUNTOK","BTW","DUSUN HILIR","BTW002","KT"
"KALIMANTAN TENGAH","KAB. BARITO SELATAN","KARAU KUALA","KALIMANTAN TENGAH","BUNTOK","BTW","KURAU KUALA","BTW003","KT"
"KALIMANTAN TENGAH","KAB. BARITO SELATAN","DUSUN UTARA","KALIMANTAN TENGAH","BUNTOK","BTW","DUSUN UTARA","BTW005","KT"
"KALIMANTAN TENGAH","KAB. BARITO SELATAN","GN. BINTANG AWAI","KALIMANTAN TENGAH","BUNTOK","BTW","GUNUNG BINTANG AWAI","BTW006","KT"
"KALIMANTAN TENGAH","KAB. BARITO SELATAN","DUSUN SELATAN","KALIMANTAN TENGAH","BUNTOK","BTW","DUSUN SELATAN","BTW004","KT"
"KALIMANTAN TENGAH","KAB. BARITO TIMUR","DUSUN TIMUR","KALIMANTAN TENGAH","TAMIANG LAYANG","TAL","DUSUN TIMUR","TAL003","KT"
"KALIMANTAN TENGAH","KAB. BARITO TIMUR","BANUA LIMA","KALIMANTAN TENGAH","TAMIANG LAYANG","TAL","BANUA LIMA","TAL002","KT"
"KALIMANTAN TENGAH","KAB. BARITO TIMUR","PATANGKEP TUTUI","KALIMANTAN TENGAH","TAMIANG LAYANG","TAL","PATANGKEP TUTUI","TAL007","KT"
"KALIMANTAN TENGAH","KAB. BARITO TIMUR","AWANG","KALIMANTAN TENGAH","TAMIANG LAYANG","TAL","AWANG","TAL001","KT"
"KALIMANTAN TENGAH","KAB. BARITO TIMUR","DUSUN TENGAH","KALIMANTAN TENGAH","TAMIANG LAYANG","TAL","DUSUN TENGAH","TAL004","KT"
"KALIMANTAN TENGAH","KAB. BARITO TIMUR","PEMATANG KARAU","KALIMANTAN TENGAH","TAMIANG LAYANG","TAL","PEMATANG KARAU","TAL009","KT"
"KALIMANTAN TENGAH","KAB. BARITO TIMUR","PAJU EPAT","KALIMANTAN TENGAH","TAMIANG LAYANG","TAL","PAJU EPAT","TAL005","KT"
"KALIMANTAN TENGAH","KAB. BARITO TIMUR","RAREN BATUAH","KALIMANTAN TENGAH","TAMIANG LAYANG","TAL","RAREN BATUAH","TAL010","KT"
"KALIMANTAN TENGAH","KAB. BARITO TIMUR","PAKU","KALIMANTAN TENGAH","TAMIANG LAYANG","TAL","PAKU","TAL006","KT"
"KALIMANTAN TENGAH","KAB. BARITO TIMUR","KARUSEN JANANG","KALIMANTAN TENGAH","TAMIANG LAYANG","TAL","KARUSENG JANANG","TAL008","KT"
"KALIMANTAN TENGAH","KAB. BARITO UTARA","MONTALLAT","KALIMANTAN TENGAH","MUARA TEWEH","MRW","MONTALAT _ BARITO UTARA","MRW005","KT"
"KALIMANTAN TENGAH","KAB. BARITO UTARA","GUNUNG TIMANG","KALIMANTAN TENGAH","MUARA TEWEH","MRW","GUNUNG TIMANG","MRW002","KT"
"KALIMANTAN TENGAH","KAB. BARITO UTARA","GUNUNG PUREI","KALIMANTAN TENGAH","MUARA TEWEH","MRW","GUNUNG PUREI","MRW001","KT"
"KALIMANTAN TENGAH","KAB. BARITO UTARA","TEWEH TIMUR","KALIMANTAN TENGAH","MUARA TEWEH","MRW","TEWEH TIMUR","MRW009","KT"
"KALIMANTAN TENGAH","KAB. BARITO UTARA","TEWEH TENGAH","KALIMANTAN TENGAH","MUARA TEWEH","MRW","TEWEH TENGAH","MRW008","KT"
"KALIMANTAN TENGAH","KAB. BARITO UTARA","LAHEI","KALIMANTAN TENGAH","MUARA TEWEH","MRW","LAHEI","MRW003","KT"
"KALIMANTAN TENGAH","KAB. BARITO UTARA","TEWEH BARU","KALIMANTAN TENGAH","MUARA TEWEH","MRW","TEWEH BARU","MRW006","KT"
"KALIMANTAN TENGAH","KAB. BARITO UTARA","TEWEH SELATAN","KALIMANTAN TENGAH","MUARA TEWEH","MRW","TEWEH SELATAN","MRW007","KT"
"KALIMANTAN TENGAH","KAB. BARITO UTARA","LAHEI BARAT","KALIMANTAN TENGAH","MUARA TEWEH","MRW","LAHEI BARAT","MRW004","KT"
"KALIMANTAN TENGAH","KAB. GUNUNG MAS","SEPANG SIMIN","KALIMANTAN TENGAH","KUALA KURUN","KUK","SEPANG","KUK005","KT"
"KALIMANTAN TENGAH","KAB. GUNUNG MAS","KURUN","KALIMANTAN TENGAH","KUALA KURUN","KUK","KURUN","KUK007","KT"
"KALIMANTAN TENGAH","KAB. GUNUNG MAS","TEWAH","KALIMANTAN TENGAH","KUALA KURUN","KUK","TEWAH","KUK008","KT"
"KALIMANTAN TENGAH","KAB. GUNUNG MAS","KAHAYAN HULU UTARA","KALIMANTAN TENGAH","KUALA KURUN","KUK","KAHAYAN HULU UTARA","KUK010","KT"
"KALIMANTAN TENGAH","KAB. GUNUNG MAS","RUNGAN","KALIMANTAN TENGAH","KUALA KURUN","KUK","RUNGAN","KUK003","KT"
"KALIMANTAN TENGAH","KAB. GUNUNG MAS","MANUHING","KALIMANTAN TENGAH","KUALA KURUN","KUK","MANUHING","KUK001","KT"
"KALIMANTAN TENGAH","KAB. GUNUNG MAS","MIHING RAYA","KALIMANTAN TENGAH","KUALA KURUN","KUK","MIHING RAYA","KUK006","KT"
"KALIMANTAN TENGAH","KAB. GUNUNG MAS","DAMANG BATU","KALIMANTAN TENGAH","KUALA KURUN","KUK","DAMANG BATU","KUK009","KT"
"KALIMANTAN TENGAH","KAB. GUNUNG MAS","MIRI MANASA","KALIMANTAN TENGAH","KUALA KURUN","KUK","MIRI MANASA","KUK011","KT"
"KALIMANTAN TENGAH","KAB. GUNUNG MAS","RUNGAN HULU","KALIMANTAN TENGAH","KUALA KURUN","KUK","RUNGAN HULU","KUK004","KT"
"KALIMANTAN TENGAH","KAB. GUNUNG MAS","MAHUNING RAYA","KALIMANTAN TENGAH","KUALA KURUN","KUK","MANUHING RAYA","KUK002","KT"
"KALIMANTAN TENGAH","KAB. GUNUNG MAS","RUNGAN BARAT","KALIMANTAN TENGAH","KUALA KURUN","KUK","RUNGAN BARAT","KUK012","KT"
"KALIMANTAN TENGAH","KAB. KAPUAS","SELAT","KALIMANTAN TENGAH","KUALA KAPUAS","KKS","SELAT-KKS","KKS001","KT"
"KALIMANTAN TENGAH","KAB. KAPUAS","KAPUAS HILIR","KALIMANTAN TENGAH","KUALA KAPUAS","KKS","KAPUAS HILIR","KKS002","KT"
"KALIMANTAN TENGAH","KAB. KAPUAS","KAPUAS TIMUR","KALIMANTAN TENGAH","KUALA KAPUAS","KKS","KAPUAS TIMUR","KKS003","KT"
"KALIMANTAN TENGAH","KAB. KAPUAS","KAPUAS KUALA","KALIMANTAN TENGAH","KUALA KAPUAS","KKS","KAPUAS KUALA","KKS004","KT"
"KALIMANTAN TENGAH","KAB. KAPUAS","KAPUAS BARAT","KALIMANTAN TENGAH","KUALA KAPUAS","KKS","KAPUAS BARAT","KKS005","KT"
"KALIMANTAN TENGAH","KAB. KAPUAS","PULAU PETAK","KALIMANTAN TENGAH","KUALA KAPUAS","KKS","PULAU PETAK","KKS006","KT"
"KALIMANTAN TENGAH","KAB. KAPUAS","KAPUAS MURUNG","KALIMANTAN TENGAH","KUALA KAPUAS","KKS","KAPUAS MURUNG","KKS011","KT"
"KALIMANTAN TENGAH","KAB. KAPUAS","BASARANG","KALIMANTAN TENGAH","KUALA KAPUAS","KKS","BASARANG","KKS007","KT"
"KALIMANTAN TENGAH","KAB. KAPUAS","MANTANGAI","KALIMANTAN TENGAH","KUALA KAPUAS","KKS","MANTANGAI","KKS013","KT"
"KALIMANTAN TENGAH","KAB. KAPUAS","TIMPAH","KALIMANTAN TENGAH","KUALA KAPUAS","KKS","TIMPAH","KKS016","KT"
"KALIMANTAN TENGAH","KAB. KAPUAS","KAPUAS TENGAH","KALIMANTAN TENGAH","KUALA KAPUAS","KKS","KAPUAS TENGAH","KKS017","KT"
"KALIMANTAN TENGAH","KAB. KAPUAS","KAPUAS HULU","KALIMANTAN TENGAH","KUALA KAPUAS","KKS","KAPUAS HULU","KKS010","KT"
"KALIMANTAN TENGAH","KAB. KAPUAS","TAMBAN CATUR","KALIMANTAN TENGAH","KUALA KAPUAS","KKS","TAMBAH CATUR","KKS015","KT"
"KALIMANTAN TENGAH","KAB. KAPUAS","PASAK TALAWANG","KALIMANTAN TENGAH","KUALA KAPUAS","KKS","PASAK TALAWANG","KKS014","KT"
"KALIMANTAN TENGAH","KAB. KAPUAS","MANDAU TALAWANG","KALIMANTAN TENGAH","KUALA KAPUAS","KKS","MANDAU TALAWANG","KKS012","KT"
"KALIMANTAN TENGAH","KAB. KAPUAS","DADAHUP","KALIMANTAN TENGAH","KUALA KAPUAS","KKS","DADAHUP","KKS009","KT"
"KALIMANTAN TENGAH","KAB. KAPUAS","BATAGUH","KALIMANTAN TENGAH","KUALA KAPUAS","KKS","BATAGUH","KKS008","KT"
"KALIMANTAN TENGAH","KAB. KATINGAN","KAMIPANG","KALIMANTAN TENGAH","KATINGAN","KSG","KAMIPANG","KSG002","KT"
"KALIMANTAN TENGAH","KAB. KATINGAN","KATINGAN HILIR","KALIMANTAN TENGAH","KATINGAN","KSG","KATINGAN HILIR","KSG003","KT"
"KALIMANTAN TENGAH","KAB. KATINGAN","TEWANG SANGALANG GARING","KALIMANTAN TENGAH","KATINGAN","KSG","TEWANG SANGGALANG GARING","KSG013","KT"
"KALIMANTAN TENGAH","KAB. KATINGAN","PULAU MALAN","KALIMANTAN TENGAH","KATINGAN","KSG","PULAU MALAN","KSG010","KT"
"KALIMANTAN TENGAH","KAB. KATINGAN","KATINGAN TENGAH","KALIMANTAN TENGAH","KATINGAN","KSG","KATINGAN TENGAH","KSG006","KT"
"KALIMANTAN TENGAH","KAB. KATINGAN","SANAMAN MANTIKEI","KALIMANTAN TENGAH","KATINGAN","KSG","SANAMAN MANTIKEI","KSG011","KT"
"KALIMANTAN TENGAH","KAB. KATINGAN","MARIKIT","KALIMANTAN TENGAH","KATINGAN","KSG","MARIKIT","KSG007","KT"
"KALIMANTAN TENGAH","KAB. KATINGAN","KATINGAN HULU","KALIMANTAN TENGAH","KATINGAN","KSG","KATINGAN HULU","KSG004","KT"
"KALIMANTAN TENGAH","KAB. KATINGAN","MENDAWAI","KALIMANTAN TENGAH","KATINGAN","KSG","MENDAWAI","KSG008","KT"
"KALIMANTAN TENGAH","KAB. KATINGAN","KATINGAN KUALA","KALIMANTAN TENGAH","KATINGAN","KSG","KATINGAN KUALA","KSG005","KT"
"KALIMANTAN TENGAH","KAB. KATINGAN","TASIK PAYAWAN","KALIMANTAN TENGAH","KATINGAN","KSG","TASIK PAYAWAN","KSG012","KT"
"KALIMANTAN TENGAH","KAB. KATINGAN","PETAK MALAI","KALIMANTAN TENGAH","KATINGAN","KSG","PETAK MALAI","KSG009","KT"
"KALIMANTAN TENGAH","KAB. KATINGAN","BUKIT RAYA","KALIMANTAN TENGAH","KATINGAN","KSG","BUKIT RAYA-KSG","KSG001","KT"
"KALIMANTAN TENGAH","KAB. KOTAWARINGIN BARAT","KUMAI","KALIMANTAN TENGAH","PANGKALANBUN","PKN","KUMAI","PKN002","KT"
"KALIMANTAN TENGAH","KAB. KOTAWARINGIN BARAT","ARUT SELATAN","KALIMANTAN TENGAH","PANGKALANBUN","PKN","ARUT SELATAN","PKN001","KT"
"KALIMANTAN TENGAH","KAB. KOTAWARINGIN BARAT","KOTAWARINGIN LAMA","KALIMANTAN TENGAH","PANGKALANBUN","PKN","KOTAWARINGIN LAMA","PKN006","KT"
"KALIMANTAN TENGAH","KAB. KOTAWARINGIN BARAT","ARUT UTARA","KALIMANTAN TENGAH","PANGKALANBUN","PKN","ARUT UTARA","PKN005","KT"
"KALIMANTAN TENGAH","KAB. KOTAWARINGIN BARAT","PANGKALAN LADA","KALIMANTAN TENGAH","PANGKALANBUN","PKN","PANGKALAN LADA","PKN003","KT"
"KALIMANTAN TENGAH","KAB. KOTAWARINGIN BARAT","PANGKALAN BANTENG","KALIMANTAN TENGAH","PANGKALANBUN","PKN","PANGKALAN BANTENG","PKN004","KT"
"KALIMANTAN TENGAH","KAB. KOTAWARINGIN TIMUR","KOTA BESI","KALIMANTAN TENGAH","KOTAWARINGIN TIMUR","SMQ","KOTA BESI","SMQ006","KT"
"KALIMANTAN TENGAH","KAB. KOTAWARINGIN TIMUR","CEMPAGA","KALIMANTAN TENGAH","KOTAWARINGIN TIMUR","SMQ","CEMPAGA","SMQ004","KT"
"KALIMANTAN TENGAH","KAB. KOTAWARINGIN TIMUR","MENTAYA HULU","KALIMANTAN TENGAH","KOTAWARINGIN TIMUR","SMQ","MENTAYA HULU","SMQ010","KT"
"KALIMANTAN TENGAH","KAB. KOTAWARINGIN TIMUR","PARENGGEAN","KALIMANTAN TENGAH","KOTAWARINGIN TIMUR","SMQ","PARENGGEAN","SMQ011","KT"
"KALIMANTAN TENGAH","KAB. KOTAWARINGIN TIMUR","BAAMANG","KALIMANTAN TENGAH","KOTAWARINGIN TIMUR","SMQ","BAAMANG","SMQ002","KT"
"KALIMANTAN TENGAH","KAB. KOTAWARINGIN TIMUR","MENTAWA BARU KETAPANG","KALIMANTAN TENGAH","KOTAWARINGIN TIMUR","SMQ","MENTAWA BARU","SMQ007","KT"
"KALIMANTAN TENGAH","KAB. KOTAWARINGIN TIMUR","MENTAYA HILIR UTARA","KALIMANTAN TENGAH","KOTAWARINGIN TIMUR","SMQ","MENTAYA HILIR UTARA","SMQ009","KT"
"KALIMANTAN TENGAH","KAB. KOTAWARINGIN TIMUR","MENTAYA HILIR SELATAN","KALIMANTAN TENGAH","KOTAWARINGIN TIMUR","SMQ","MENTAYA HILIR SELATAN","SMQ008","KT"
"KALIMANTAN TENGAH","KAB. KOTAWARINGIN TIMUR","PULAU HANAUT","KALIMANTAN TENGAH","KOTAWARINGIN TIMUR","SMQ","PULAU HANAUT","SMQ012","KT"
"KALIMANTAN TENGAH","KAB. KOTAWARINGIN TIMUR","ANTANG KALANG","KALIMANTAN TENGAH","KOTAWARINGIN TIMUR","SMQ","ANTANG KALANG","SMQ001","KT"
"KALIMANTAN TENGAH","KAB. KOTAWARINGIN TIMUR","TELUK SAMPIT","KALIMANTAN TENGAH","KOTAWARINGIN TIMUR","SMQ","TELUK SAMPIT","SMQ015","KT"
"KALIMANTAN TENGAH","KAB. KOTAWARINGIN TIMUR","SERANAU","KALIMANTAN TENGAH","KOTAWARINGIN TIMUR","SMQ","SERANAU","SMQ013","KT"
"KALIMANTAN TENGAH","KAB. KOTAWARINGIN TIMUR","CEMPAGA HULU","KALIMANTAN TENGAH","KOTAWARINGIN TIMUR","SMQ","CEMPAGA HULU","SMQ005","KT"
"KALIMANTAN TENGAH","KAB. KOTAWARINGIN TIMUR","TELAWANG","KALIMANTAN TENGAH","KOTAWARINGIN TIMUR","SMQ","TELAWANG","SMQ014","KT"
"KALIMANTAN TENGAH","KAB. KOTAWARINGIN TIMUR","BUKIT SANTUAI","KALIMANTAN TENGAH","KOTAWARINGIN TIMUR","SMQ","BUKIT SANTUEI","SMQ003","KT"
"KALIMANTAN TENGAH","KAB. KOTAWARINGIN TIMUR","TUALAN HULU","KALIMANTAN TENGAH","KOTAWARINGIN TIMUR","SMQ","TUALAN HULU","SMQ017","KT"
"KALIMANTAN TENGAH","KAB. KOTAWARINGIN TIMUR","TELAGA ANTANG","KALIMANTAN TENGAH","KOTAWARINGIN TIMUR","SMQ","TELAGA ANTANG","SMQ016","KT"
"KALIMANTAN TENGAH","KAB. LAMANDAU","LAMANDAU","KALIMANTAN TENGAH","LAMANDAU","LAD","LAMANDAU","LAD008","KT"
"KALIMANTAN TENGAH","KAB. LAMANDAU","DELANG","KALIMANTAN TENGAH","LAMANDAU","LAD","DELANG","LAD007","KT"
"KALIMANTAN TENGAH","KAB. LAMANDAU","BULIK","KALIMANTAN TENGAH","LAMANDAU","LAD","BULIK","LAD001","KT"
"KALIMANTAN TENGAH","KAB. LAMANDAU","BULIK TIMUR","KALIMANTAN TENGAH","LAMANDAU","LAD","BULIK TIMUR","LAD003","KT"
"KALIMANTAN TENGAH","KAB. LAMANDAU","MENTHOBI RAYA","KALIMANTAN TENGAH","LAMANDAU","LAD","METOBHI RAYA","LAD004","KT"
"KALIMANTAN TENGAH","KAB. LAMANDAU","SEMATU JAYA","KALIMANTAN TENGAH","LAMANDAU","LAD","SEMATU JAYA","LAD002","KT"
"KALIMANTAN TENGAH","KAB. LAMANDAU","BELANTIKAN RAYA","KALIMANTAN TENGAH","LAMANDAU","LAD","BELANTIKAN RAYA","LAD006","KT"
"KALIMANTAN TENGAH","KAB. LAMANDAU","BATANG KAWA","KALIMANTAN TENGAH","LAMANDAU","LAD","BATANG KAWA","LAD005","KT"
"KALIMANTAN TENGAH","KAB. MURUNG RAYA","MURUNG","KALIMANTAN TENGAH","MURUNG RAYA","PUK","MURUNG","PUK003","KT"
"KALIMANTAN TENGAH","KAB. MURUNG RAYA","TANAH SIANG","KALIMANTAN TENGAH","MURUNG RAYA","PUK","TANAH SIANG","PUK008","KT"
"KALIMANTAN TENGAH","KAB. MURUNG RAYA","LAUNG TUHUP","KALIMANTAN TENGAH","MURUNG RAYA","PUK","LAUNG TUHUP","PUK002","KT"
"KALIMANTAN TENGAH","KAB. MURUNG RAYA","PERMATA INTAN","KALIMANTAN TENGAH","MURUNG RAYA","PUK","PERMATA INTAN","PUK004","KT"
"KALIMANTAN TENGAH","KAB. MURUNG RAYA","SUMBER BARITO","KALIMANTAN TENGAH","MURUNG RAYA","PUK","SUMBER BARITO","PUK006","KT"
"KALIMANTAN TENGAH","KAB. MURUNG RAYA","BARITO TUHUP RAYA","KALIMANTAN TENGAH","MURUNG RAYA","PUK","BARITO TUHUP RAYA","PUK001","KT"
"KALIMANTAN TENGAH","KAB. MURUNG RAYA","TANAH SIANG SELATAN","KALIMANTAN TENGAH","MURUNG RAYA","PUK","TANAH SIANG SELATAN","PUK009","KT"
"KALIMANTAN TENGAH","KAB. MURUNG RAYA","SUNGAI BABUAT","KALIMANTAN TENGAH","MURUNG RAYA","PUK","SUNGAI BABUAT","PUK007","KT"
"KALIMANTAN TENGAH","KAB. MURUNG RAYA","SERIBU RIAM","KALIMANTAN TENGAH","MURUNG RAYA","PUK","SERIBU RIAM","PUK005","KT"
"KALIMANTAN TENGAH","KAB. MURUNG RAYA","UUT MURUNG","KALIMANTAN TENGAH","MURUNG RAYA","PUK","UUT MURUNG","PUK010","KT"
"KALIMANTAN TENGAH","KAB. PULANG PISAU","PANDIH BATU","KALIMANTAN TENGAH","PULANG PISAU","PUP","PANDIH BATU","PUP007","KT"
"KALIMANTAN TENGAH","KAB. PULANG PISAU","KAHAYAN KUALA","KALIMANTAN TENGAH","PULANG PISAU","PUP","KAHAYAN KUALA","PUP001","KT"
"KALIMANTAN TENGAH","KAB. PULANG PISAU","KAHAYAN TENGAH","KALIMANTAN TENGAH","PULANG PISAU","PUP","KAHAYAN TENGAH","PUP003","KT"
"KALIMANTAN TENGAH","KAB. PULANG PISAU","BANAMA TINGANG","KALIMANTAN TENGAH","PULANG PISAU","PUP","BANAMATINGANG","PUP006","KT"
"KALIMANTAN TENGAH","KAB. PULANG PISAU","KAHAYAN HILIR","KALIMANTAN TENGAH","PULANG PISAU","PUP","KAHAYAN HILIR","PUP004","KT"
"KALIMANTAN TENGAH","KAB. PULANG PISAU","MALIKU","KALIMANTAN TENGAH","PULANG PISAU","PUP","MALIKU","PUP002","KT"
"KALIMANTAN TENGAH","KAB. PULANG PISAU","JABIREN","KALIMANTAN TENGAH","PULANG PISAU","PUP","JABIREN RAYA","PUP005","KT"
"KALIMANTAN TENGAH","KAB. PULANG PISAU","SEBANGAU KUALA","KALIMANTAN TENGAH","PULANG PISAU","PUP","SEBANGAU KUALA","PUP008","KT"
"KALIMANTAN TENGAH","KAB. SERUYAN","SERUYAN HILIR","KALIMANTAN TENGAH","KUALA PEMBUANG","KUP","SERUYAN HILIR","KUP002","KT"
"KALIMANTAN TENGAH","KAB. SERUYAN","SERUYAN TENGAH","KALIMANTAN TENGAH","KUALA PEMBUANG","KUP","SERUYAN TENGAH","KUP009","KT"
"KALIMANTAN TENGAH","KAB. SERUYAN","DANAU SEMBULUH","KALIMANTAN TENGAH","KUALA PEMBUANG","KUP","DANAU SEMBULUH","KUP005","KT"
"KALIMANTAN TENGAH","KAB. SERUYAN","HANAU","KALIMANTAN TENGAH","KUALA PEMBUANG","KUP","HANAU","KUP006","KT"
"KALIMANTAN TENGAH","KAB. SERUYAN","SERUYAN HULU","KALIMANTAN TENGAH","KUALA PEMBUANG","KUP","SERUYAN HULU","KUP007","KT"
"KALIMANTAN TENGAH","KAB. SERUYAN","SERUYAN HILIR TIMUR","KALIMANTAN TENGAH","KUALA PEMBUANG","KUP","SERUYAN HILIR TIMUR","KUP001","KT"
"KALIMANTAN TENGAH","KAB. SERUYAN","SERUYAN RAYA","KALIMANTAN TENGAH","KUALA PEMBUANG","KUP","SERUYAN RAYA","KUP008","KT"
"KALIMANTAN TENGAH","KAB. SERUYAN","DANAU SELULUK","KALIMANTAN TENGAH","KUALA PEMBUANG","KUP","DANAU SELULUK","KUP004","KT"
"KALIMANTAN TENGAH","KAB. SERUYAN","BATU AMPAR","KALIMANTAN TENGAH","KUALA PEMBUANG","KUP","BATU AMPAR-KUP","KUP003","KT"
"KALIMANTAN TENGAH","KAB. SERUYAN","SULING TAMBUN","KALIMANTAN TENGAH","KUALA PEMBUANG","KUP","SULING TAMBUN","KUP010","KT"
"KALIMANTAN TENGAH","KAB. SUKAMARA","SUKAMARA","KALIMANTAN TENGAH","SUKAMARA","SKM","SUKAMARA","SKM002","KT"
"KALIMANTAN TENGAH","KAB. SUKAMARA","JELAI","KALIMANTAN TENGAH","SUKAMARA","SKM","JELAI","SKM004","KT"
"KALIMANTAN TENGAH","KAB. SUKAMARA","BALAI RIAM","KALIMANTAN TENGAH","SUKAMARA","SKM","BALAI RIAM","SKM001","KT"
"KALIMANTAN TENGAH","KAB. SUKAMARA","PANTAI LUNCI","KALIMANTAN TENGAH","SUKAMARA","SKM","PANTAI LUNCI","SKM005","KT"
"KALIMANTAN TENGAH","KAB. SUKAMARA","PERMATA KECUBUNG","KALIMANTAN TENGAH","SUKAMARA","SKM","PERMATA KECUBUNG","SKM003","KT"
"KALIMANTAN TENGAH","KOTA PALANGKARAYA","PAHANDUT","KALIMANTAN TENGAH","PALANGKARAYA","PKY","PAHANDUT","PKY005","KT"
"KALIMANTAN TENGAH","KOTA PALANGKARAYA","BUKIT BATU","KALIMANTAN TENGAH","PALANGKARAYA","PKY","BUKIT BATU-PKY","PKY001","KT"
"KALIMANTAN TENGAH","KOTA PALANGKARAYA","JEKAN RAYA","KALIMANTAN TENGAH","PALANGKARAYA","PKY","JEKAN RAYA","PKY004","KT"
"KALIMANTAN TENGAH","KOTA PALANGKARAYA","SABANGAU","KALIMANTAN TENGAH","PALANGKARAYA","PKY","SEBANGAU","PKY003","KT"
"KALIMANTAN TENGAH","KOTA PALANGKARAYA","RAKUMPIT","KALIMANTAN TENGAH","PALANGKARAYA","PKY","RAKUMPIT","PKY002","KT"
"KALIMANTAN TIMUR","KAB. BERAU","KELAY","KALIMANTAN TIMUR","BERAU","BEU","KELAY","BEU006","KI"
"KALIMANTAN TIMUR","KAB. BERAU","TALISAYAN","KALIMANTAN TIMUR","BERAU","BEU","TALISAYAN","BEU011","KI"
"KALIMANTAN TIMUR","KAB. BERAU","SAMBALIUNG","KALIMANTAN TIMUR","BERAU","BEU","SAMBALIUNG","BEU008","KI"
"KALIMANTAN TIMUR","KAB. BERAU","SEGAH","KALIMANTAN TIMUR","BERAU","BEU","SEGAH","BEU009","KI"
"KALIMANTAN TIMUR","KAB. BERAU","TANJUNG REDEB","KALIMANTAN TIMUR","BERAU","BEU","TANJUNG REDEB","BEU012","KI"
"KALIMANTAN TIMUR","KAB. BERAU","GUNUNG TABUR","KALIMANTAN TIMUR","BERAU","BEU","GUNUNG TABUR","BEU005","KI"
"KALIMANTAN TIMUR","KAB. BERAU","PULAU DERAWAN","KALIMANTAN TIMUR","BERAU","BEU","DERAWAN","BEU004","KI"
"KALIMANTAN TIMUR","KAB. BERAU","BIDUK-BIDUK","KALIMANTAN TIMUR","BERAU","BEU","BIDUK-BIDUK","BEU003","KI"
"KALIMANTAN TIMUR","KAB. BERAU","TELUK BAYUR","KALIMANTAN TIMUR","BERAU","BEU","TELUK BAYUR","BEU013","KI"
"KALIMANTAN TIMUR","KAB. BERAU","TABALAR","KALIMANTAN TIMUR","BERAU","BEU","TABALAR","BEU010","KI"
"KALIMANTAN TIMUR","KAB. BERAU","MARATUA","KALIMANTAN TIMUR","BERAU","BEU","MARATUA","BEU007","KI"
"KALIMANTAN TIMUR","KAB. BERAU","BATU PUTIH","KALIMANTAN TIMUR","BERAU","BEU","BATU PUTIH-BEU","BEU001","KI"
"KALIMANTAN TIMUR","KAB. BERAU","BIATAN","KALIMANTAN TIMUR","BERAU","BEU","BIATAN","BEU002","KI"
"KALIMANTAN TIMUR","KAB. KUTAI BARAT","LONG IRAM","KALIMANTAN TIMUR","SENDAWAR","SED","LONG IRAM","SED013","KI"
"KALIMANTAN TIMUR","KAB. KUTAI BARAT","MELAK","KALIMANTAN TIMUR","SENDAWAR","SED","MELAK","SED002","KI"
"KALIMANTAN TIMUR","KAB. KUTAI BARAT","BARONG TONGKOK","KALIMANTAN TIMUR","SENDAWAR","SED","BARONG TONGKOK","SED001","KI"
"KALIMANTAN TIMUR","KAB. KUTAI BARAT","DAMAI","KALIMANTAN TIMUR","SENDAWAR","SED","DAMAI","SED007","KI"
"KALIMANTAN TIMUR","KAB. KUTAI BARAT","MUARA LAWA","KALIMANTAN TIMUR","SENDAWAR","SED","MUARA LAWA","SED016","KI"
"KALIMANTAN TIMUR","KAB. KUTAI BARAT","MUARA PAHU","KALIMANTAN TIMUR","SENDAWAR","SED","MUARA PAHU","SED017","KI"
"KALIMANTAN TIMUR","KAB. KUTAI BARAT","JEMPANG","KALIMANTAN TIMUR","SENDAWAR","SED","JEMPANG","SED008","KI"
"KALIMANTAN TIMUR","KAB. KUTAI BARAT","BONGAN","KALIMANTAN TIMUR","SENDAWAR","SED","BONGAN","SED006","KI"
"KALIMANTAN TIMUR","KAB. KUTAI BARAT","PENYINGGAHAN","KALIMANTAN TIMUR","SENDAWAR","SED","PENYINGGAHAN","SED019","KI"
"KALIMANTAN TIMUR","KAB. KUTAI BARAT","BENTIAN BESAR","KALIMANTAN TIMUR","SENDAWAR","SED","BENTIAN BESAR","SED005","KI"
"KALIMANTAN TIMUR","KAB. KUTAI BARAT","LINGGANG BIGUNG","KALIMANTAN TIMUR","SENDAWAR","SED","LINGGANG BIGUNG","SED004","KI"
"KALIMANTAN TIMUR","KAB. KUTAI BARAT","NYUATAN","KALIMANTAN TIMUR","SENDAWAR","SED","NYUATAN","SED018","KI"
"KALIMANTAN TIMUR","KAB. KUTAI BARAT","SILUQ NGURAI","KALIMANTAN TIMUR","SENDAWAR","SED","SILUQ NGURAI","SED020","KI"
"KALIMANTAN TIMUR","KAB. KUTAI BARAT","MOOK MANAAR BULATN","KALIMANTAN TIMUR","SENDAWAR","SED","MANOR BULATIN","SED015","KI"
"KALIMANTAN TIMUR","KAB. KUTAI BARAT","TERING","KALIMANTAN TIMUR","SENDAWAR","SED","TERING","SED021","KI"
"KALIMANTAN TIMUR","KAB. KUTAI BARAT","SEKOLAQ DARAT","KALIMANTAN TIMUR","SENDAWAR","SED","SEKOLAQ DARAT","SED003","KI"
"KALIMANTAN TIMUR","KAB. KUTAI KARTANEGARA","MUARA MUNTAI","KALIMANTAN TIMUR","TENGGARONG","TWR","MUARA MUNTAI","TWR009","KI"
"KALIMANTAN TIMUR","KAB. KUTAI KARTANEGARA","LOA KULU","KALIMANTAN TIMUR","TENGGARONG","TWR","LOA KULU","TWR006","KI"
"KALIMANTAN TIMUR","KAB. KUTAI KARTANEGARA","LOA JANAN","KALIMANTAN TIMUR","TENGGARONG","TWR","LOA JANAN-TWR","TWR005","KI"
"KALIMANTAN TIMUR","KAB. KUTAI KARTANEGARA","ANGGANA","KALIMANTAN TIMUR","TENGGARONG","TWR","ANGGANA","TWR001","KI"
"KALIMANTAN TIMUR","KAB. KUTAI KARTANEGARA","MUARA BADAK","KALIMANTAN TIMUR","MUARA BADAK","MUD","MUARA BADAK","MUD001","KI"
"KALIMANTAN TIMUR","KAB. KUTAI KARTANEGARA","TENGGARONG","KALIMANTAN TIMUR","TENGGARONG","TWR","TENGGARONG","TWR015","KI"
"KALIMANTAN TIMUR","KAB. KUTAI KARTANEGARA","SEBULU","KALIMANTAN TIMUR","TENGGARONG","TWR","SEBULU","TWR013","KI"
"KALIMANTAN TIMUR","KAB. KUTAI KARTANEGARA","KOTA BANGUN","KALIMANTAN TIMUR","TENGGARONG","TWR","KOTA BANGUN","TWR004","KI"
"KALIMANTAN TIMUR","KAB. KUTAI KARTANEGARA","KENOHAN","KALIMANTAN TIMUR","TENGGARONG","TWR","KENOHAN","TWR003","KI"
"KALIMANTAN TIMUR","KAB. KUTAI KARTANEGARA","KEMBANG JANGGUT","KALIMANTAN TIMUR","TENGGARONG","TWR","KEMBANG JANGGUT","TWR002","KI"
"KALIMANTAN TIMUR","KAB. KUTAI KARTANEGARA","MUARA KAMAN","KALIMANTAN TIMUR","TENGGARONG","TWR","MUARA KAMAN","TWR008","KI"
"KALIMANTAN TIMUR","KAB. KUTAI KARTANEGARA","TABANG","KALIMANTAN TIMUR","TENGGARONG","TWR","TABANG-TWR","TWR014","KI"
"KALIMANTAN TIMUR","KAB. KUTAI KARTANEGARA","SAMBOJA","KALIMANTAN TIMUR","TENGGARONG","TWR","SEMBOJA","TWR011","KI"
"KALIMANTAN TIMUR","KAB. KUTAI KARTANEGARA","MUARA JAWA","KALIMANTAN TIMUR","TENGGARONG","TWR","MUARA JAWA","TWR007","KI"
"KALIMANTAN TIMUR","KAB. KUTAI KARTANEGARA","SANGA SANGA","KALIMANTAN TIMUR","TENGGARONG","TWR","SANGA-SANGA-TWR","TWR012","KI"
"KALIMANTAN TIMUR","KAB. KUTAI KARTANEGARA","TENGGARONG SEBERANG","KALIMANTAN TIMUR","TENGGARONG","TWR","TENGGARONG SEBERANG","TWR016","KI"
"KALIMANTAN TIMUR","KAB. KUTAI KARTANEGARA","MARANG KAYU","KALIMANTAN TIMUR","MUARA BADAK","MUD","MARANG KAYU","MUD002","KI"
"KALIMANTAN TIMUR","KAB. KUTAI KARTANEGARA","MUARA WIS","KALIMANTAN TIMUR","TENGGARONG","TWR","MUARA WIS","TWR010","KI"
"KALIMANTAN TIMUR","KAB. KUTAI TIMUR","MUARA ANCALONG","KALIMANTAN TIMUR","KUTAI TIMUR","SGT","MUARA ANCALONG","SGT007","KI"
"KALIMANTAN TIMUR","KAB. KUTAI TIMUR","MUARA WAHAU","KALIMANTAN TIMUR","KUTAI TIMUR","SGT","MUARA WAHAU","SGT016","KI"
"KALIMANTAN TIMUR","KAB. KUTAI TIMUR","MUARA BENGKAL","KALIMANTAN TIMUR","KUTAI TIMUR","SGT","MUARA BENGKAL","SGT008","KI"
"KALIMANTAN TIMUR","KAB. KUTAI TIMUR","SANGATTA UTARA","KALIMANTAN TIMUR","KUTAI TIMUR","SGT","SANGATA UTARA","SGT012","KI"
"KALIMANTAN TIMUR","KAB. KUTAI TIMUR","SANGKULIRANG","KALIMANTAN TIMUR","KUTAI TIMUR","SGT","SANGKULIRANG","SGT013","KI"
"KALIMANTAN TIMUR","KAB. KUTAI TIMUR","BUSANG","KALIMANTAN TIMUR","KUTAI TIMUR","SGT","BUSANG","SGT018","KI"
"KALIMANTAN TIMUR","KAB. KUTAI TIMUR","TELEN","KALIMANTAN TIMUR","KUTAI TIMUR","SGT","TELEN","SGT015","KI"
"KALIMANTAN TIMUR","KAB. KUTAI TIMUR","KOMBENG","KALIMANTAN TIMUR","KUTAI TIMUR","SGT","KONGBENG","SGT017","KI"
"KALIMANTAN TIMUR","KAB. KUTAI TIMUR","BENGALON","KALIMANTAN TIMUR","KUTAI TIMUR","SGT","BENGALON","SGT002","KI"
"KALIMANTAN TIMUR","KAB. KUTAI TIMUR","KALIORANG","KALIMANTAN TIMUR","KUTAI TIMUR","SGT","KALIORANG","SGT003","KI"
"KALIMANTAN TIMUR","KAB. KUTAI TIMUR","SANDARAN","KALIMANTAN TIMUR","KUTAI TIMUR","SGT","SANDARAN","SGT010","KI"
"KALIMANTAN TIMUR","KAB. KUTAI TIMUR","SANGATTA SELATAN","KALIMANTAN TIMUR","KUTAI TIMUR","SGT","SANGATA SELATAN","SGT011","KI"
"KALIMANTAN TIMUR","KAB. KUTAI TIMUR","TELUK PANDAN","KALIMANTAN TIMUR","KUTAI TIMUR","SGT","TELUK PANDAN-SGT","SGT014","KI"
"KALIMANTAN TIMUR","KAB. KUTAI TIMUR","RANTAU PULUNG","KALIMANTAN TIMUR","KUTAI TIMUR","SGT","RANTAU PULUNG","SGT009","KI"
"KALIMANTAN TIMUR","KAB. KUTAI TIMUR","KAUBUN","KALIMANTAN TIMUR","KUTAI TIMUR","SGT","KAUBUN","SGT005","KI"
"KALIMANTAN TIMUR","KAB. KUTAI TIMUR","KARANGAN","KALIMANTAN TIMUR","KUTAI TIMUR","SGT","KARANGAN-SGT","SGT004","KI"
"KALIMANTAN TIMUR","KAB. KUTAI TIMUR","BATU AMPAR","KALIMANTAN TIMUR","KUTAI TIMUR","SGT","BATU AMPAR-SGT","SGT001","KI"
"KALIMANTAN TIMUR","KAB. KUTAI TIMUR","LONG MESANGAT","KALIMANTAN TIMUR","KUTAI TIMUR","SGT","LONG MESANGAT","SGT006","KI"
"KALIMANTAN TIMUR","KAB. MAHAKAM ULU","LONG BAGUN","KALIMANTAN TIMUR","SENDAWAR","SED","LONG BAGUN","SED011","KI"
"KALIMANTAN TIMUR","KAB. MAHAKAM ULU","LONG HUBUNG","KALIMANTAN TIMUR","SENDAWAR","SED","LONG HUBUNG","SED012","KI"
"KALIMANTAN TIMUR","KAB. MAHAKAM ULU","LAHAM","KALIMANTAN TIMUR","SENDAWAR","SED","LAHAM","SED009","KI"
"KALIMANTAN TIMUR","KAB. MAHAKAM ULU","LONG APARI","KALIMANTAN TIMUR","SENDAWAR","SED","LONG APARI","SED010","KI"
"KALIMANTAN TIMUR","KAB. MAHAKAM ULU","LONG PAHANGAI","KALIMANTAN TIMUR","SENDAWAR","SED","LONG PAHANGAI","SED014","KI"
"KALIMANTAN TIMUR","KAB. PASER","BATU SOPANG","KALIMANTAN TIMUR","PASER","TNB","BATU SOPANG","TNB003","KI"
"KALIMANTAN TIMUR","KAB. PASER","TANJUNG HARAPAN","KALIMANTAN TIMUR","PASER","TNB","TANJUNG HARAPAN-TNB","TNB010","KI"
"KALIMANTAN TIMUR","KAB. PASER","PASER BELENGKONG","KALIMANTAN TIMUR","PASER","TNB","PASIR BELENGKONG","TNB001","KI"
"KALIMANTAN TIMUR","KAB. PASER","TANAH GROGOT","KALIMANTAN TIMUR","PASER","TNB","TANAH GROGOT","TNB006","KI"
"KALIMANTAN TIMUR","KAB. PASER","KUARO","KALIMANTAN TIMUR","PASER","TNB","KUARO","TNB004","KI"
"KALIMANTAN TIMUR","KAB. PASER","LONG IKIS","KALIMANTAN TIMUR","PASER","TNB","LONG IKIS","TNB007","KI"
"KALIMANTAN TIMUR","KAB. PASER","MUARA KOMAM","KALIMANTAN TIMUR","PASER","TNB","MUARA KOMAM","TNB009","KI"
"KALIMANTAN TIMUR","KAB. PASER","LONG KALI","KALIMANTAN TIMUR","PASER","TNB","LONG KALI","TNB008","KI"
"KALIMANTAN TIMUR","KAB. PASER","BATU ENGAU","KALIMANTAN TIMUR","PASER","TNB","BATU ENGAU","TNB002","KI"
"KALIMANTAN TIMUR","KAB. PASER","MUARA SAMU","KALIMANTAN TIMUR","PASER","TNB","MUARA SAMU","TNB005","KI"
"KALIMANTAN TIMUR","KAB. PENAJAM PASER UTARA","PENAJAM","KALIMANTAN TIMUR","PENAJAM","PNJ","PENAJAM","PNJ004","KI"
"KALIMANTAN TIMUR","KAB. PENAJAM PASER UTARA","WARU","KALIMANTAN TIMUR","PENAJAM","PNJ","WARU-PNJ","PNJ002","KI"
"KALIMANTAN TIMUR","KAB. PENAJAM PASER UTARA","BABULU","KALIMANTAN TIMUR","PENAJAM","PNJ","BABULU","PNJ001","KI"
"KALIMANTAN TIMUR","KAB. PENAJAM PASER UTARA","SEPAKU","KALIMANTAN TIMUR","PENAJAM","PNJ","SEPAKU","PNJ003","KI"
"KALIMANTAN TIMUR","KOTA BALIKPAPAN","BALIKPAPAN TIMUR","KALIMANTAN TIMUR","BALIKPAPAN","BPN","BALIKPAPAN TIMUR","BPN003","KI"
"KALIMANTAN TIMUR","KOTA BALIKPAPAN","BALIKPAPAN BARAT","KALIMANTAN TIMUR","BALIKPAPAN","BPN","BALIKPAPAN BARAT","BPN002","KI"
"KALIMANTAN TIMUR","KOTA BALIKPAPAN","BALIKPAPAN UTARA","KALIMANTAN TIMUR","BALIKPAPAN","BPN","BALIKPAPAN UTARA","BPN004","KI"
"KALIMANTAN TIMUR","KOTA BALIKPAPAN","BALIKPAPAN TENGAH","KALIMANTAN TIMUR","BALIKPAPAN","BPN","BALIKPAPAN TENGAH","BPN006","KI"
"KALIMANTAN TIMUR","KOTA BALIKPAPAN","BALIKPAPAN SELATAN","KALIMANTAN TIMUR","BALIKPAPAN","BPN","BALIKPAPAN SELATAN","BPN005","KI"
"KALIMANTAN TIMUR","KOTA BALIKPAPAN","BALIKPAPAN KOTA","KALIMANTAN TIMUR","BALIKPAPAN","BPN","BALIKPAPAN KOTA","BPN001","KI"
"KALIMANTAN TIMUR","KOTA BONTANG","BONTANG UTARA","KALIMANTAN TIMUR","BONTANG","BXT","BONTANG UTARA","BXT003","KI"
"KALIMANTAN TIMUR","KOTA BONTANG","BONTANG SELATAN","KALIMANTAN TIMUR","BONTANG","BXT","BONTANG SELATAN","BXT002","KI"
"KALIMANTAN TIMUR","KOTA BONTANG","BONTANG BARAT","KALIMANTAN TIMUR","BONTANG","BXT","BONTANG BARAT","BXT001","KI"
"KALIMANTAN TIMUR","KOTA SAMARINDA","PALARAN","KALIMANTAN TIMUR","SAMARINDA","SRI","PALARAN-SRI","SRI002","KI"
"KALIMANTAN TIMUR","KOTA SAMARINDA","SAMARINDA SEBERANG","KALIMANTAN TIMUR","SAMARINDA","SRI","SAMARINDA SEBERANG-SRI","SRI001","KI"
"KALIMANTAN TIMUR","KOTA SAMARINDA","SAMARINDA ULU","KALIMANTAN TIMUR","SAMARINDA","SRI","SAMARINDA ULU-SRI","SRI006","KI"
"KALIMANTAN TIMUR","KOTA SAMARINDA","SAMARINDA ILIR","KALIMANTAN TIMUR","SAMARINDA","SRI","SAMARINDA ILIR-SRI","SRI005","KI"
"KALIMANTAN TIMUR","KOTA SAMARINDA","SAMARINDA UTARA","KALIMANTAN TIMUR","SAMARINDA","SRI","SAMARINDA UTARA-SRI","SRI007","KI"
"KALIMANTAN TIMUR","KOTA SAMARINDA","SUNGAI KUNJANG","KALIMANTAN TIMUR","SAMARINDA","SRI","SUNGAI KUNJANG-SRI","SRI008","KI"
"KALIMANTAN TIMUR","KOTA SAMARINDA","SAMBUTAN","KALIMANTAN TIMUR","SAMARINDA","SRI","SAMBUTAN-SRI","SRI010","KI"
"KALIMANTAN TIMUR","KOTA SAMARINDA","SUNGAI PINANG","KALIMANTAN TIMUR","SAMARINDA","SRI","SUNGAI PINANG-SRI","SRI011","KI"
"KALIMANTAN TIMUR","KOTA SAMARINDA","SAMARINDA KOTA","KALIMANTAN TIMUR","SAMARINDA","SRI","SAMARINDA KOTA-SRI","SRI009","KI"
"KALIMANTAN TIMUR","KOTA SAMARINDA","LOA JANAN ILIR","KALIMANTAN TIMUR","SAMARINDA","SRI","LOA JANAN-SRI","SRI004","KI"
"KALIMANTAN UTARA","KAB. BULUNGAN","TANJUNG PALAS","KALIMANTAN UTARA","BULUNGAN","TZO","TANJUNG PALAS","TZO001","KU"
"KALIMANTAN UTARA","KAB. BULUNGAN","TANJUNG PALAS BARAT","KALIMANTAN UTARA","BULUNGAN","TZO","TANJUNG PALAS BARAT","TZO007","KU"
"KALIMANTAN UTARA","KAB. BULUNGAN","TANJUNG PALAS UTARA","KALIMANTAN UTARA","BULUNGAN","TZO","TANJUNG PALAS UTARA","TZO009","KU"
"KALIMANTAN UTARA","KAB. BULUNGAN","TANJUNG PALAS TIMUR","KALIMANTAN UTARA","BULUNGAN","TZO","TANJUNG PALAS TIMUR","TZO002","KU"
"KALIMANTAN UTARA","KAB. BULUNGAN","TANJUNG SELOR","KALIMANTAN UTARA","BULUNGAN","TZO","TANJUNG SELOR","TZO010","KU"
"KALIMANTAN UTARA","KAB. BULUNGAN","TANJUNG PALAS TENGAH","KALIMANTAN UTARA","BULUNGAN","TZO","TANJUNG PALAS TENGAH","TZO008","KU"
"KALIMANTAN UTARA","KAB. BULUNGAN","PESO","KALIMANTAN UTARA","BULUNGAN","TZO","PESO","TZO003","KU"
"KALIMANTAN UTARA","KAB. BULUNGAN","PESO HILIR","KALIMANTAN UTARA","BULUNGAN","TZO","PESO HILIR","TZO004","KU"
"KALIMANTAN UTARA","KAB. BULUNGAN","SEKATAK","KALIMANTAN UTARA","BULUNGAN","TZO","SEKATAK","TZO006","KU"
"KALIMANTAN UTARA","KAB. BULUNGAN","BUNYU","KALIMANTAN UTARA","BULUNGAN","TZO","PULAU BUNYU","TZO005","KU"
"KALIMANTAN UTARA","KAB. MALINAU","MENTARANG","KALIMANTAN UTARA","MALINAU","MWL","MENTARANG","MWL012","KU"
"KALIMANTAN UTARA","KAB. MALINAU","MALINAU KOTA","KALIMANTAN UTARA","MALINAU","MWL","MALINAU KOTA","MWL001","KU"
"KALIMANTAN UTARA","KAB. MALINAU","PUJUNGAN","KALIMANTAN UTARA","MALINAU","MWL","PUJUNGAN","MWL014","KU"
"KALIMANTAN UTARA","KAB. MALINAU","KAYAN HILIR","KALIMANTAN UTARA","MALINAU","MWL","KAYAN HILIR-MWL","MWL009","KU"
"KALIMANTAN UTARA","KAB. MALINAU","KAYAN HULU","KALIMANTAN UTARA","MALINAU","MWL","KAYAN HULU-MWL","MWL010","KU"
"KALIMANTAN UTARA","KAB. MALINAU","MALINAU SELATAN","KALIMANTAN UTARA","MALINAU","MWL","MALINAU SELATAN","MWL003","KU"
"KALIMANTAN UTARA","KAB. MALINAU","MALINAU UTARA","KALIMANTAN UTARA","MALINAU","MWL","MALINAU UTARA","MWL002","KU"
"KALIMANTAN UTARA","KAB. MALINAU","MALINAU BARAT","KALIMANTAN UTARA","MALINAU","MWL","MALINAU BARAT","MWL007","KU"
"KALIMANTAN UTARA","KAB. MALINAU","SUNGAI BOH","KALIMANTAN UTARA","MALINAU","MWL","SUNGAI BOH","MWL015","KU"
"KALIMANTAN UTARA","KAB. MALINAU","KAYAN SELATAN","KALIMANTAN UTARA","MALINAU","MWL","KAYAN SELATAN","MWL011","KU"
"KALIMANTAN UTARA","KAB. MALINAU","BAHAU HULU","KALIMANTAN UTARA","MALINAU","MWL","BAHAU HULU","MWL008","KU"
"KALIMANTAN UTARA","KAB. MALINAU","MENTARANG HULU","KALIMANTAN UTARA","MALINAU","MWL","MENTARANG HULU","MWL013","KU"
"KALIMANTAN UTARA","KAB. MALINAU","MALINAU SELATAN HILIR","KALIMANTAN UTARA","MALINAU","MWL","MALINAU SELATAN HILIR","MWL004","KU"
"KALIMANTAN UTARA","KAB. MALINAU","MALINAU SELATAN HULU","KALIMANTAN UTARA","MALINAU","MWL","MALINAU SELATAN HULU","MWL005","KU"
"KALIMANTAN UTARA","KAB. MALINAU","SUNGAI TUBU","KALIMANTAN UTARA","MALINAU","MWL","SUNGAI TUBU","MWL006","KU"
"KALIMANTAN UTARA","KAB. NUNUKAN","SEBATIK","KALIMANTAN UTARA","NUNUKAN","NNX","SEBATIK","NNX002","KU"
"KALIMANTAN UTARA","KAB. NUNUKAN","NUNUKAN","KALIMANTAN UTARA","NUNUKAN","NNX","NUNUKAN","NNX016","KU"
"KALIMANTAN UTARA","KAB. NUNUKAN","SEMBAKUNG","KALIMANTAN UTARA","NUNUKAN","NNX","SEMBAKUNG","NNX012","KU"
"KALIMANTAN UTARA","KAB. NUNUKAN","LUMBIS","KALIMANTAN UTARA","NUNUKAN","NNX","LUMBIS","NNX009","KU"
"KALIMANTAN UTARA","KAB. NUNUKAN","KRAYAN","KALIMANTAN UTARA","NUNUKAN","NNX","KERAYAN","NNX007","KU"
"KALIMANTAN UTARA","KAB. NUNUKAN","SEBUKU","KALIMANTAN UTARA","NUNUKAN","NNX","SEBUKU","NNX010","KU"
"KALIMANTAN UTARA","KAB. NUNUKAN","KRAYAN SELATAN","KALIMANTAN UTARA","NUNUKAN","NNX","KRAYAN SELATAN","NNX008","KU"
"KALIMANTAN UTARA","KAB. NUNUKAN","SEBATIK BARAT","KALIMANTAN UTARA","NUNUKAN","NNX","SEBATIK BARAT","NNX003","KU"
"KALIMANTAN UTARA","KAB. NUNUKAN","NUNUKAN SELATAN","KALIMANTAN UTARA","NUNUKAN","NNX","NUNUKAN SELATAN","NNX001","KU"
"KALIMANTAN UTARA","KAB. NUNUKAN","SEBATIK TIMUR","KALIMANTAN UTARA","NUNUKAN","NNX","SEBATIK TIMUR","NNX005","KU"
"KALIMANTAN UTARA","KAB. NUNUKAN","SEBATIK UTARA","KALIMANTAN UTARA","NUNUKAN","NNX","SEBATIK UTARA","NNX006","KU"
"KALIMANTAN UTARA","KAB. NUNUKAN","SEBATIK TENGAH","KALIMANTAN UTARA","NUNUKAN","NNX","SEBATIK TENGAH","NNX004","KU"
"KALIMANTAN UTARA","KAB. NUNUKAN","SEI MENGGARIS","KALIMANTAN UTARA","NUNUKAN","NNX","SEI MENGGARIS","NNX011","KU"
"KALIMANTAN UTARA","KAB. NUNUKAN","TULIN ONSOI","KALIMANTAN UTARA","NUNUKAN","NNX","TULIN ONSOI","NNX015","KU"
"KALIMANTAN UTARA","KAB. NUNUKAN","LUMBIS OGONG","KALIMANTAN UTARA","NUNUKAN","NNX","LUMBIS OGONG","NNX014","KU"
"KALIMANTAN UTARA","KAB. NUNUKAN","SEMBAKUNG ATULAI","KALIMANTAN UTARA","NUNUKAN","NNX","SEMBAKUNG ATULAI","NNX013","KU"
"KALIMANTAN UTARA","KAB. TANA TIDUNG","SESAYAP","KALIMANTAN UTARA","TANA TIDUNG","TTD","SESAYAP","TTD002","KU"
"KALIMANTAN UTARA","KAB. TANA TIDUNG","SESAYAP HILIR","KALIMANTAN UTARA","TANA TIDUNG","TTD","SESAYAP HILIR","TTD003","KU"
"KALIMANTAN UTARA","KAB. TANA TIDUNG","TANA LIA","KALIMANTAN UTARA","TANA TIDUNG","TTD","TANA LIA","TTD004","KU"
"KALIMANTAN UTARA","KAB. TANA TIDUNG","BETAYAU","KALIMANTAN UTARA","TANA TIDUNG","TTD","BETAYAU","TTD001","KU"
"KALIMANTAN UTARA","KAB. TANA TIDUNG","MURUK RIAN","KALIMANTAN UTARA","TANA TIDUNG","TTD","MURUK RIAN","TTD005","KU"
"KALIMANTAN UTARA","KOTA TARAKAN","TARAKAN BARAT","KALIMANTAN UTARA","TARAKAN","TRK","TARAKAN BARAT","TRK001","KU"
"KALIMANTAN UTARA","KOTA TARAKAN","TARAKAN TENGAH","KALIMANTAN UTARA","TARAKAN","TRK","TARAKAN TENGAH","TRK002","KU"
"KALIMANTAN UTARA","KOTA TARAKAN","TARAKAN TIMUR","KALIMANTAN UTARA","TARAKAN","TRK","TARAKAN TIMUR","TRK003","KU"
"KALIMANTAN UTARA","KOTA TARAKAN","TARAKAN UTARA","KALIMANTAN UTARA","TARAKAN","TRK","TARAKAN UTARA","TRK004","KU"
"KEPULAUAN BANGKA BELITUNG","KAB. BANGKA","SUNGAILIAT","BANGKA BELITUNG","BANGKA","SAI","SUNGAI LIAT","SAI001","BB"
"KEPULAUAN BANGKA BELITUNG","KAB. BANGKA","BELINYU","BANGKA BELITUNG","BANGKA","SAI","BELINYU","SAI005","BB"
"KEPULAUAN BANGKA BELITUNG","KAB. BANGKA","MERAWANG","BANGKA BELITUNG","BANGKA","SAI","MERAWANG","SAI004","BB"
"KEPULAUAN BANGKA BELITUNG","KAB. BANGKA","MENDO BARAT","BANGKA BELITUNG","BANGKA","SAI","MENDO BARAT","SAI007","BB"
"KEPULAUAN BANGKA BELITUNG","KAB. BANGKA","PEMALI","BANGKA BELITUNG","BANGKA","SAI","PEMALI","SAI003","BB"
"KEPULAUAN BANGKA BELITUNG","KAB. BANGKA","BAKAM","BANGKA BELITUNG","BANGKA","SAI","BAKAM","SAI006","BB"
"KEPULAUAN BANGKA BELITUNG","KAB. BANGKA","RIAU SILIP","BANGKA BELITUNG","BANGKA","SAI","RIAU SILIP","SAI002","BB"
"KEPULAUAN BANGKA BELITUNG","KAB. BANGKA","PUDING BESAR","BANGKA BELITUNG","BANGKA","SAI","PUDING BESAR","SAI008","BB"
"KEPULAUAN BANGKA BELITUNG","KAB. BANGKA BARAT","MENTOK","BANGKA BELITUNG","BANGKA BARAT","MEK","MUNTOK","MEK012","BB"
"KEPULAUAN BANGKA BELITUNG","KAB. BANGKA BARAT","SIMPANG TERITIP","BANGKA BELITUNG","BANGKA BARAT","MEK","SIMPANG TERITIP","MEK008","BB"
"KEPULAUAN BANGKA BELITUNG","KAB. BANGKA BARAT","JEBUS","BANGKA BELITUNG","BANGKA BARAT","MEK","JEBUS","MEK010","BB"
"KEPULAUAN BANGKA BELITUNG","KAB. BANGKA BARAT","KELAPA","BANGKA BELITUNG","BANGKA BARAT","MEK","KELAPA","MEK007","BB"
"KEPULAUAN BANGKA BELITUNG","KAB. BANGKA BARAT","TEMPILANG","BANGKA BELITUNG","BANGKA BARAT","MEK","TEMPILANG","MEK009","BB"
"KEPULAUAN BANGKA BELITUNG","KAB. BANGKA BARAT","PARITTIGA","BANGKA BELITUNG","BANGKA BARAT","MEK","PARITIGA","MEK011","BB"
"KEPULAUAN BANGKA BELITUNG","KAB. BANGKA SELATAN","TOBOALI","BANGKA BELITUNG","BANGKA SELATAN","TOB","TOBOALI","TOB006","BB"
"KEPULAUAN BANGKA BELITUNG","KAB. BANGKA SELATAN","LEPAR PONGOK","BANGKA BELITUNG","BANGKA SELATAN","TOB","LEPAR PONGOK","TOB002","BB"
"KEPULAUAN BANGKA BELITUNG","KAB. BANGKA SELATAN","AIR GEGAS","BANGKA BELITUNG","BANGKA SELATAN","TOB","AIR GEGAS","TOB001","BB"
"KEPULAUAN BANGKA BELITUNG","KAB. BANGKA SELATAN","SIMPANG RIMBA","BANGKA BELITUNG","BANGKA SELATAN","TOB","SIMPANG RIMBA","TOB005","BB"
"KEPULAUAN BANGKA BELITUNG","KAB. BANGKA SELATAN","PAYUNG","BANGKA BELITUNG","BANGKA SELATAN","TOB","PAYUNG-TOB","TOB003","BB"
"KEPULAUAN BANGKA BELITUNG","KAB. BANGKA SELATAN","TUKAK SADAI","BANGKA BELITUNG","BANGKA SELATAN","TOB","TUKAK SADAI","TOB007","BB"
"KEPULAUAN BANGKA BELITUNG","KAB. BANGKA SELATAN","PULAUBESAR","BANGKA BELITUNG","BANGKA SELATAN","TOB","PULAU BESAR","TOB004","BB"
"KEPULAUAN BANGKA BELITUNG","KAB. BANGKA SELATAN","KEPULAUAN PONGOK","BANGKA BELITUNG","BANGKA SELATAN","TOB","KEPULAUAN PONGOK","TOB009","BB"
"KEPULAUAN BANGKA BELITUNG","KAB. BANGKA TENGAH","KOBA","BANGKA BELITUNG","BANGKA TENGAH","KOB","KOBA","KOB001","BB"
"KEPULAUAN BANGKA BELITUNG","KAB. BANGKA TENGAH","PANGKALAN BARU","BANGKA BELITUNG","BANGKA TENGAH","KOB","PANGKALAN BARU","KOB006","BB"
"KEPULAUAN BANGKA BELITUNG","KAB. BANGKA TENGAH","SUNGAI SELAN","BANGKA BELITUNG","BANGKA TENGAH","KOB","SUNGAI SELAN","KOB005","BB"
"KEPULAUAN BANGKA BELITUNG","KAB. BANGKA TENGAH","SIMPANG KATIS","BANGKA BELITUNG","BANGKA TENGAH","KOB","SIMPANG KATIS","KOB004","BB"
"KEPULAUAN BANGKA BELITUNG","KAB. BANGKA TENGAH","NAMANG","BANGKA BELITUNG","BANGKA TENGAH","KOB","NAMANG","KOB003","BB"
"KEPULAUAN BANGKA BELITUNG","KAB. BANGKA TENGAH","LUBUK BESAR","BANGKA BELITUNG","BANGKA TENGAH","KOB","LUBUK BESAR","KOB002","BB"
"KEPULAUAN BANGKA BELITUNG","KAB. BELITUNG","TANJUNG PANDAN","BANGKA BELITUNG","BELITUNG","TJQ","TANJUNG PANDAN","TJQ001","BB"
"KEPULAUAN BANGKA BELITUNG","KAB. BELITUNG","MEMBALONG","BANGKA BELITUNG","BELITUNG","TJQ","MEMBALONG","TJQ003","BB"
"KEPULAUAN BANGKA BELITUNG","KAB. BELITUNG","SELAT NASIK","BANGKA BELITUNG","BELITUNG","TJQ","SELAT NASIK","TJQ004","BB"
"KEPULAUAN BANGKA BELITUNG","KAB. BELITUNG","SIJUK","BANGKA BELITUNG","BELITUNG","TJQ","SIJUK","TJQ005","BB"
"KEPULAUAN BANGKA BELITUNG","KAB. BELITUNG","BADAU","BANGKA BELITUNG","BELITUNG","TJQ","BADAU-TJQ","TJQ002","BB"
"KEPULAUAN BANGKA BELITUNG","KAB. BELITUNG TIMUR","MANGGAR","BANGKA BELITUNG","BELITUNG TIMUR","MAG","MANGGAR","MAG001","BB"
"KEPULAUAN BANGKA BELITUNG","KAB. BELITUNG TIMUR","GANTUNG","BANGKA BELITUNG","BELITUNG TIMUR","MAG","GANTUNG","MAG003","BB"
"KEPULAUAN BANGKA BELITUNG","KAB. BELITUNG TIMUR","DENDANG","BANGKA BELITUNG","BELITUNG TIMUR","MAG","DENDANG-MAG","MAG002","BB"
"KEPULAUAN BANGKA BELITUNG","KAB. BELITUNG TIMUR","KELAPA KAMPIT","BANGKA BELITUNG","BELITUNG TIMUR","MAG","KELAPA KAMPIT","MAG004","BB"
"KEPULAUAN BANGKA BELITUNG","KAB. BELITUNG TIMUR","DAMAR","BANGKA BELITUNG","BELITUNG TIMUR","MAG","DAMAR","MAG005","BB"
"KEPULAUAN BANGKA BELITUNG","KAB. BELITUNG TIMUR","SIMPANG RENGGIANG","BANGKA BELITUNG","BELITUNG TIMUR","MAG","SIMPANG RENGGIANG","MAG006","BB"
"KEPULAUAN BANGKA BELITUNG","KAB. BELITUNG TIMUR","SIMPANG PESAK","BANGKA BELITUNG","BELITUNG TIMUR","MAG","SIMPANG PESAK","MAG007","BB"
"KEPULAUAN BANGKA BELITUNG","KOTA PANGKAL PINANG","BUKITINTAN","BANGKA BELITUNG","PANGKAL PINANG","PGK","BUKIT INTAN","PGK001","BB"
"KEPULAUAN BANGKA BELITUNG","KOTA PANGKAL PINANG","TAMAN SARI","BANGKA BELITUNG","PANGKAL PINANG","PGK","TAMAN SARI-PGK","PGK005","BB"
"KEPULAUAN BANGKA BELITUNG","KOTA PANGKAL PINANG","PANGKAL BALAM","BANGKA BELITUNG","PANGKAL PINANG","PGK","PANGKAL BALAM","PGK003","BB"
"KEPULAUAN BANGKA BELITUNG","KOTA PANGKAL PINANG","RANGKUI","BANGKA BELITUNG","PANGKAL PINANG","PGK","RANGKUI","PGK004","BB"
"KEPULAUAN BANGKA BELITUNG","KOTA PANGKAL PINANG","GERUNGGANG","BANGKA BELITUNG","PANGKAL PINANG","PGK","GERUNGGANG","PGK002","BB"
"KEPULAUAN BANGKA BELITUNG","KOTA PANGKAL PINANG","GABEK","BANGKA BELITUNG","PANGKAL PINANG","PGK","GABEK","PGK006","BB"
"KEPULAUAN BANGKA BELITUNG","KOTA PANGKAL PINANG","GIRIMAYA","BANGKA BELITUNG","PANGKAL PINANG","PGK","GIRIMAYA","PGK007","BB"
"KEPULAUAN RIAU","KAB. BINTAN","GUNUNG KIJANG","KEPULAUAN RIAU","BINTAN","BSB","GUNUNG KIJANG","BSB004","KR"
"KEPULAUAN RIAU","KAB. BINTAN","BINTAN TIMUR","KEPULAUAN RIAU","BINTAN","BSB","BINTAN TIMUR","BSB002","KR"
"KEPULAUAN RIAU","KAB. BINTAN","BINTAN UTARA","KEPULAUAN RIAU","BINTAN","BSB","BINTAN UTARA","BSB003","KR"
"KEPULAUAN RIAU","KAB. BINTAN","TELUK BINTAN","KEPULAUAN RIAU","BINTAN","BSB","TELUK BINTAN","BSB008","KR"
"KEPULAUAN RIAU","KAB. BINTAN","TAMBELAN","KEPULAUAN RIAU","BINTAN","BSB","TAMBELAN","BSB007","KR"
"KEPULAUAN RIAU","KAB. BINTAN","TELOK SEBONG","KEPULAUAN RIAU","BINTAN","BSB","TELUK SEBONG","BSB009","KR"
"KEPULAUAN RIAU","KAB. BINTAN","TOAPAYA","KEPULAUAN RIAU","BINTAN","BSB","TOAPAYA","BSB010","KR"
"KEPULAUAN RIAU","KAB. BINTAN","MANTANG","KEPULAUAN RIAU","BINTAN","BSB","MANTANG","BSB005","KR"
"KEPULAUAN RIAU","KAB. BINTAN","BINTAN PESISIR","KEPULAUAN RIAU","BINTAN","BSB","BINTAN PESISIR","BSB001","KR"
"KEPULAUAN RIAU","KAB. BINTAN","SERI KUALA LOBAM","KEPULAUAN RIAU","BINTAN","BSB","SERI SRI KUALA LOBAM","BSB006","KR"
"KEPULAUAN RIAU","KAB. KARIMUN","MORO","KEPULAUAN RIAU","KARIMUN","TJU","MORO","TJU008","KR"
"KEPULAUAN RIAU","KAB. KARIMUN","KUNDUR","KEPULAUAN RIAU","KARIMUN","TJU","KUNDUR","TJU004","KR"
"KEPULAUAN RIAU","KAB. KARIMUN","KARIMUN","KEPULAUAN RIAU","KARIMUN","TJU","KARIMUN","TJU003","KR"
"KEPULAUAN RIAU","KAB. KARIMUN","MERAL","KEPULAUAN RIAU","KARIMUN","TJU","MERAL","TJU007","KR"
"KEPULAUAN RIAU","KAB. KARIMUN","TEBING","KEPULAUAN RIAU","KARIMUN","TJU","TEBING","TJU009","KR"
"KEPULAUAN RIAU","KAB. KARIMUN","BURU","KEPULAUAN RIAU","KARIMUN","TJU","BURU","TJU001","KR"
"KEPULAUAN RIAU","KAB. KARIMUN","KUNDUR UTARA","KEPULAUAN RIAU","KARIMUN","TJU","KUNDUR UTARA","TJU006","KR"
"KEPULAUAN RIAU","KAB. KARIMUN","KUNDUR BARAT","KEPULAUAN RIAU","KARIMUN","TJU","KUNDUR BARAT","TJU005","KR"
"KEPULAUAN RIAU","KAB. KARIMUN","DURAI","KEPULAUAN RIAU","KARIMUN","TJU","DURAI","TJU002","KR"
"KEPULAUAN RIAU","KAB. KARIMUN","MERAL BARAT","KEPULAUAN RIAU","KARIMUN","TJU","MERAT BARAT","TJU011","KR"
"KEPULAUAN RIAU","KAB. KARIMUN","UNGAR","KEPULAUAN RIAU","KARIMUN","TJU","UNGAR","TJU012","KR"
"KEPULAUAN RIAU","KAB. KARIMUN","BELAT","KEPULAUAN RIAU","KARIMUN","TJU","BELAT","TJU010","KR"
"KEPULAUAN RIAU","KAB. KEPULAUAN ANAMBAS","SIANTAN","KEPULAUAN RIAU","ANAMBAS","ANA","SIANTAN-ANA","ANA004","KR"
"KEPULAUAN RIAU","KAB. KEPULAUAN ANAMBAS","PALMATAK","KEPULAUAN RIAU","ANAMBAS","ANA","PALMATAK","ANA003","KR"
"KEPULAUAN RIAU","KAB. KEPULAUAN ANAMBAS","SIANTAN TIMUR","KEPULAUAN RIAU","ANAMBAS","ANA","SIANTAN TIMUR","ANA007","KR"
"KEPULAUAN RIAU","KAB. KEPULAUAN ANAMBAS","SIANTAN SELATAN","KEPULAUAN RIAU","ANAMBAS","ANA","SIANTAN SELATAN","ANA005","KR"
"KEPULAUAN RIAU","KAB. KEPULAUAN ANAMBAS","JEMAJA TIMUR","KEPULAUAN RIAU","ANAMBAS","ANA","JEMAJA TIMUR","ANA002","KR"
"KEPULAUAN RIAU","KAB. KEPULAUAN ANAMBAS","JEMAJA","KEPULAUAN RIAU","ANAMBAS","ANA","JEMAJA","ANA001","KR"
"KEPULAUAN RIAU","KAB. KEPULAUAN ANAMBAS","SIANTAN TENGAH","KEPULAUAN RIAU","ANAMBAS","ANA","SIANTAN TENGAH","ANA006","KR"
"KEPULAUAN RIAU","KAB. LINGGA","SINGKEP","KEPULAUAN RIAU","LINGGA","LIN","SINGKEP","LIN004","KR"
"KEPULAUAN RIAU","KAB. LINGGA","LINGGA","KEPULAUAN RIAU","LINGGA","LIN","LINGGA","LIN001","KR"
"KEPULAUAN RIAU","KAB. LINGGA","SENAYANG","KEPULAUAN RIAU","LINGGA","LIN","SENAYANG","LIN003","KR"
"KEPULAUAN RIAU","KAB. LINGGA","SINGKEP BARAT","KEPULAUAN RIAU","LINGGA","LIN","SINGKEP BARAT","LIN005","KR"
"KEPULAUAN RIAU","KAB. LINGGA","LINGGA UTARA","KEPULAUAN RIAU","LINGGA","LIN","LINGGA UTARA","LIN002","KR"
"KEPULAUAN RIAU","KAB. LINGGA","SINGKEP PESISIR","KEPULAUAN RIAU","LINGGA","LIN","SINGKEP PESISIR","LIN008","KR"
"KEPULAUAN RIAU","KAB. LINGGA","LINGGA TIMUR","KEPULAUAN RIAU","LINGGA","LIN","LINGGA TIMUR","LIN006","KR"
"KEPULAUAN RIAU","KAB. LINGGA","SELAYAR","KEPULAUAN RIAU","LINGGA","LIN","SELAYAR","LIN009","KR"
"KEPULAUAN RIAU","KAB. LINGGA","SINGKEP SELATAN","KEPULAUAN RIAU","LINGGA","LIN","SINGKEP SELATAN","LIN007","KR"
"KEPULAUAN RIAU","KAB. NATUNA","MIDAI","KEPULAUAN RIAU","NATUNA","RAI","MIDAI","RAI006","KR"
"KEPULAUAN RIAU","KAB. NATUNA","BUNGURAN BARAT","KEPULAUAN RIAU","NATUNA","RAI","BUNGURAN BARAT","RAI001","KR"
"KEPULAUAN RIAU","KAB. NATUNA","SERASAN","KEPULAUAN RIAU","NATUNA","RAI","SERASAN","RAI009","KR"
"KEPULAUAN RIAU","KAB. NATUNA","BUNGURAN TIMUR","KEPULAUAN RIAU","NATUNA","RAI","BUNGURAN TIMUR","RAI003","KR"
"KEPULAUAN RIAU","KAB. NATUNA","BUNGURAN UTARA","KEPULAUAN RIAU","NATUNA","RAI","BUNGURAN UTARA","RAI005","KR"
"KEPULAUAN RIAU","KAB. NATUNA","SUBI","KEPULAUAN RIAU","NATUNA","RAI","SUBI","RAI010","KR"
"KEPULAUAN RIAU","KAB. NATUNA","PULAU LAUT","KEPULAUAN RIAU","NATUNA","RAI","PULAU LAUT","RAI007","KR"
"KEPULAUAN RIAU","KAB. NATUNA","PULAU TIGA","KEPULAUAN RIAU","NATUNA","RAI","PULAU TIGA-RAI","RAI008","KR"
"KEPULAUAN RIAU","KAB. NATUNA","BUNGURAN TIMUR LAUT","KEPULAUAN RIAU","NATUNA","RAI","BUNGURAN TIMUR LAUT","RAI004","KR"
"KEPULAUAN RIAU","KAB. NATUNA","BUNGURAN TENGAH","KEPULAUAN RIAU","NATUNA","RAI","BUNGURAN TENGAH","RAI002","KR"
"KEPULAUAN RIAU","KAB. NATUNA","BUNGURAN SELATAN","KEPULAUAN RIAU","NATUNA","RAI","BUNGURAN SELATAN","RAI012","KR"
"KEPULAUAN RIAU","KAB. NATUNA","SERASAN TIMUR","KEPULAUAN RIAU","NATUNA","RAI","SERASAN TIMUR","RAI015","KR"
"KEPULAUAN RIAU","KAB. NATUNA","BUNGURAN BATUBI","KEPULAUAN RIAU","NATUNA","RAI","BUNGURAN BATUBI","RAI011","KR"
"KEPULAUAN RIAU","KAB. NATUNA","PULAU TIGA BARAT","KEPULAUAN RIAU","NATUNA","RAI","PULAU TIGA BARAT","RAI013","KR"
"KEPULAUAN RIAU","KAB. NATUNA","SUAK MIDAI","KEPULAUAN RIAU","NATUNA","RAI","SUAK MIDAI","RAI014","KR"
"KEPULAUAN RIAU","KOTA BATAM","BELAKANG PADANG","KEPULAUAN RIAU","BATAM","BTH","BELAKANG PADANG","BTH004","KR"
"KEPULAUAN RIAU","KOTA BATAM","BATU AMPAR","KEPULAUAN RIAU","BATAM","BTH","BATU AMPAR-BTH","BTH001","KR"
"KEPULAUAN RIAU","KOTA BATAM","SEKUPANG","KEPULAUAN RIAU","BATAM","BTH","SEKUPANG","BTH003","KR"
"KEPULAUAN RIAU","KOTA BATAM","NONGSA","KEPULAUAN RIAU","BATAM","BTH","NONGSA","BTH009","KR"
"KEPULAUAN RIAU","KOTA BATAM","BULANG","KEPULAUAN RIAU","BATAM","BTH","BULANG","BTH005","KR"
"KEPULAUAN RIAU","KOTA BATAM","LUBUK BAJA","KEPULAUAN RIAU","BATAM","BTH","LUBUK BAJA","BTH002","KR"
"KEPULAUAN RIAU","KOTA BATAM","SEI BEDUK","KEPULAUAN RIAU","BATAM","BTH","SUNGAI BEDUK","BTH007","KR"
"KEPULAUAN RIAU","KOTA BATAM","GALANG","KEPULAUAN RIAU","BATAM","BTH","GALANG-BTH","BTH006","KR"
"KEPULAUAN RIAU","KOTA BATAM","BENGKONG","KEPULAUAN RIAU","BATAM","BTH","BENGKONG","BTH012","KR"
"KEPULAUAN RIAU","KOTA BATAM","BATAM KOTA","KEPULAUAN RIAU","BATAM","BTH","BATAM KOTA","BTH008","KR"
"KEPULAUAN RIAU","KOTA BATAM","SAGULUNG","KEPULAUAN RIAU","BATAM","BTH","SAGULUNG","BTH010","KR"
"KEPULAUAN RIAU","KOTA BATAM","BATU AJI","KEPULAUAN RIAU","BATAM","BTH","BATU AJI","BTH011","KR"
"KEPULAUAN RIAU","KOTA TANJUNG PINANG","TANJUNG PINANG BARAT","KEPULAUAN RIAU","TANJUNG PINANG","TNJ","TANJUNG PINANG BARAT","TNJ001","KR"
"KEPULAUAN RIAU","KOTA TANJUNG PINANG","TANJUNG PINANG TIMUR","KEPULAUAN RIAU","TANJUNG PINANG","TNJ","TANJUNG PINANG TIMUR","TNJ003","KR"
"KEPULAUAN RIAU","KOTA TANJUNG PINANG","TANJUNG PINANG KOTA","KEPULAUAN RIAU","TANJUNG PINANG","TNJ","TANJUNG PINANG KOTA","TNJ002","KR"
"KEPULAUAN RIAU","KOTA TANJUNG PINANG","BUKIT BESTARI","KEPULAUAN RIAU","TANJUNG PINANG","TNJ","BUKIT BESTARI","TNJ004","KR"
"LAMPUNG","KAB. LAMPUNG BARAT","BALIK BUKIT","LAMPUNG","LAMPUNG BARAT","LWA","BALIK BUKIT","LWA001","LA"
"LAMPUNG","KAB. LAMPUNG BARAT","SUMBER JAYA","LAMPUNG","LAMPUNG BARAT","LWA","SUMBER JAYA","LWA007","LA"
"LAMPUNG","KAB. LAMPUNG BARAT","BELALAU","LAMPUNG","LAMPUNG BARAT","LWA","BELALAU","LWA003","LA"
"LAMPUNG","KAB. LAMPUNG BARAT","WAY TENONG","LAMPUNG","LAMPUNG BARAT","LWA","WAY TENONG","LWA009","LA"
"LAMPUNG","KAB. LAMPUNG BARAT","SEKINCAU","LAMPUNG","LAMPUNG BARAT","LWA","SEKINCAU","LWA005","LA"
"LAMPUNG","KAB. LAMPUNG BARAT","SUOH","LAMPUNG","LAMPUNG BARAT","LWA","SUOH","LWA008","LA"
"LAMPUNG","KAB. LAMPUNG BARAT","BATU BRAK","LAMPUNG","LAMPUNG BARAT","LWA","BATU BRAK","LWA002","LA"
"LAMPUNG","KAB. LAMPUNG BARAT","SUKAU","LAMPUNG","LAMPUNG BARAT","LWA","SUKAU","LWA006","LA"
"LAMPUNG","KAB. LAMPUNG BARAT","GEDUNG SURIAN","LAMPUNG","LAMPUNG BARAT","LWA","GEDUNG SURIAN","LWA004","LA"
"LAMPUNG","KAB. LAMPUNG BARAT","KEBUN TEBU","LAMPUNG","LAMPUNG BARAT","LWA","KEBUN TEBU","LWA013","LA"
"LAMPUNG","KAB. LAMPUNG BARAT","AIR HITAM","LAMPUNG","LAMPUNG BARAT","LWA","AIR HITAM-LWA","LWA010","LA"
"LAMPUNG","KAB. LAMPUNG BARAT","PAGAR DEWA","LAMPUNG","LAMPUNG BARAT","LWA","PAGAR DEWA-LWA","LWA015","LA"
"LAMPUNG","KAB. LAMPUNG BARAT","BATU KETULIS","LAMPUNG","LAMPUNG BARAT","LWA","BATU KETULIS","LWA012","LA"
"LAMPUNG","KAB. LAMPUNG BARAT","LUMBOK SEMINUNG","LAMPUNG","LAMPUNG BARAT","LWA","LUMBOK SEMINUNG","LWA014","LA"
"LAMPUNG","KAB. LAMPUNG BARAT","BANDAR NEGERI SUOH","LAMPUNG","LAMPUNG BARAT","LWA","BANDAR NEGERI SUOH","LWA011","LA"
"LAMPUNG","KAB. LAMPUNG SELATAN","NATAR","LAMPUNG","LAMPUNG SELATAN","BKH","NATAR","BKH016","LA"
"LAMPUNG","KAB. LAMPUNG SELATAN","TANJUNG BINTANG","LAMPUNG","LAMPUNG SELATAN","BKH","TANJUNG BINTANG","BKH012","LA"
"LAMPUNG","KAB. LAMPUNG SELATAN","KALIANDA","LAMPUNG","LAMPUNG SELATAN","BKH","KALIANDA","BKH003","LA"
"LAMPUNG","KAB. LAMPUNG SELATAN","SIDOMULYO","LAMPUNG","LAMPUNG SELATAN","BKH","SIDOMULYO","BKH010","LA"
"LAMPUNG","KAB. LAMPUNG SELATAN","KATIBUNG","LAMPUNG","LAMPUNG SELATAN","BKH","KATIBUNG","BKH004","LA"
"LAMPUNG","KAB. LAMPUNG SELATAN","PENENGAHAN","LAMPUNG","LAMPUNG SELATAN","BKH","PANENGAHAN","BKH008","LA"
"LAMPUNG","KAB. LAMPUNG SELATAN","PALAS","LAMPUNG","LAMPUNG SELATAN","BKH","PALAS","BKH007","LA"
"LAMPUNG","KAB. LAMPUNG SELATAN","JATI AGUNG","LAMPUNG","LAMPUNG SELATAN","BKH","JATI AGUNG","BKH017","LA"
"LAMPUNG","KAB. LAMPUNG SELATAN","KETAPANG","LAMPUNG","LAMPUNG SELATAN","BKH","KETAPANG-BKH","BKH005","LA"
"LAMPUNG","KAB. LAMPUNG SELATAN","SRAGI","LAMPUNG","LAMPUNG SELATAN","BKH","SRAGI-BKH","BKH011","LA"
"LAMPUNG","KAB. LAMPUNG SELATAN","RAJA BASA","LAMPUNG","LAMPUNG SELATAN","BKH","RAJABASA-BKH","BKH009","LA"
"LAMPUNG","KAB. LAMPUNG SELATAN","CANDIPURO","LAMPUNG","LAMPUNG SELATAN","BKH","CANDIPURO-BKH","BKH002","LA"
"LAMPUNG","KAB. LAMPUNG SELATAN","MERBAU MATARAM","LAMPUNG","LAMPUNG SELATAN","BKH","MERBAU MATARAM","BKH006","LA"
"LAMPUNG","KAB. LAMPUNG SELATAN","BAKAUHENI","LAMPUNG","LAMPUNG SELATAN","BKH","BAKAUHENI","BKH001","LA"
"LAMPUNG","KAB. LAMPUNG SELATAN","TANJUNG SARI","LAMPUNG","LAMPUNG SELATAN","BKH","TANJUNG SARI","BKH013","LA"
"LAMPUNG","KAB. LAMPUNG SELATAN","WAY SULAN","LAMPUNG","LAMPUNG SELATAN","BKH","WAY SULAN","BKH015","LA"
"LAMPUNG","KAB. LAMPUNG SELATAN","WAY PANJI","LAMPUNG","LAMPUNG SELATAN","BKH","WAY PANJI","BKH014","LA"
"LAMPUNG","KAB. LAMPUNG TENGAH","KALIREJO","LAMPUNG","LAMPUNG TENGAH","BDR","KALIREJO","BDR003","LA"
"LAMPUNG","KAB. LAMPUNG TENGAH","BANGUN REJO","LAMPUNG","LAMPUNG TENGAH","BDR","BANGUNREJO","BDR017","LA"
"LAMPUNG","KAB. LAMPUNG TENGAH","PADANG RATU","LAMPUNG","LAMPUNG TENGAH","BDR","PADANG RATU","BDR005","LA"
"LAMPUNG","KAB. LAMPUNG TENGAH","GUNUNG SUGIH","LAMPUNG","LAMPUNG TENGAH","BDR","GUNUNG SUGIH","BDR020","LA"
"LAMPUNG","KAB. LAMPUNG TENGAH","TRIMURJO","LAMPUNG","LAMPUNG TENGAH","BDR","TRIMURJO","BDR010","LA"
"LAMPUNG","KAB. LAMPUNG TENGAH","PUNGGUR","LAMPUNG","LAMPUNG TENGAH","BDR","PUNGGUR","BDR006","LA"
"LAMPUNG","KAB. LAMPUNG TENGAH","TERBANGGI BESAR","LAMPUNG","LAMPUNG TENGAH","BDR","TERBANGGI BESAR","BDR012","LA"
"LAMPUNG","KAB. LAMPUNG TENGAH","SEPUTIH RAMAN","LAMPUNG","LAMPUNG TENGAH","BDR","SEPUTIH RAMAN","BDR008","LA"
"LAMPUNG","KAB. LAMPUNG TENGAH","RUMBIA","LAMPUNG","LAMPUNG TENGAH","BDR","RUMBIA-BDR","BDR024","LA"
"LAMPUNG","KAB. LAMPUNG TENGAH","SEPUTIH BANYAK","LAMPUNG","LAMPUNG TENGAH","BDR","SEPUTIH BANYAK","BDR025","LA"
"LAMPUNG","KAB. LAMPUNG TENGAH","SEPUTIH MATARAM","LAMPUNG","LAMPUNG TENGAH","BDR","SEPUTIH MATARAM","BDR026","LA"
"LAMPUNG","KAB. LAMPUNG TENGAH","SEPUTIH SURABAYA","LAMPUNG","LAMPUNG TENGAH","BDR","SEPUTIH SURABAYA","BDR023","LA"
"LAMPUNG","KAB. LAMPUNG TENGAH","TERUSAN NUNYAI","LAMPUNG","LAMPUNG TENGAH","BDR","TERUSAN NUNYAI","BDR009","LA"
"LAMPUNG","KAB. LAMPUNG TENGAH","BUMI RATU NUBAN","LAMPUNG","LAMPUNG TENGAH","BDR","BUMI RATU NUBAN","BDR019","LA"
"LAMPUNG","KAB. LAMPUNG TENGAH","BEKRI","LAMPUNG","LAMPUNG TENGAH","BDR","BEKRI","BDR018","LA"
"LAMPUNG","KAB. LAMPUNG TENGAH","SEPUTIH AGUNG","LAMPUNG","LAMPUNG TENGAH","BDR","SEPUTIH AGUNG","BDR015","LA"
"LAMPUNG","KAB. LAMPUNG TENGAH","WAY PANGUBUAN","LAMPUNG","LAMPUNG TENGAH","BDR","WAY PANGUBUAN","BDR011","LA"
"LAMPUNG","KAB. LAMPUNG TENGAH","BANDAR MATARAM","LAMPUNG","LAMPUNG TENGAH","BDR","BANDAR MATARAM","BDR027","LA"
"LAMPUNG","KAB. LAMPUNG TENGAH","PUBIAN","LAMPUNG","LAMPUNG TENGAH","BDR","PUBIAN","BDR016","LA"
"LAMPUNG","KAB. LAMPUNG TENGAH","SELAGAI LINGGA","LAMPUNG","LAMPUNG TENGAH","BDR","SELAGAI LINGGA","BDR013","LA"
"LAMPUNG","KAB. LAMPUNG TENGAH","ANAK TUHA","LAMPUNG","LAMPUNG TENGAH","BDR","ANAK TUHA","BDR021","LA"
"LAMPUNG","KAB. LAMPUNG TENGAH","SENDANG AGUNG","LAMPUNG","LAMPUNG TENGAH","BDR","SENDANG AGUNG","BDR014","LA"
"LAMPUNG","KAB. LAMPUNG TENGAH","KOTA GAJAH","LAMPUNG","LAMPUNG TENGAH","BDR","KOTA GAJAH","BDR004","LA"
"LAMPUNG","KAB. LAMPUNG TENGAH","BUMI NABUNG","LAMPUNG","LAMPUNG TENGAH","BDR","BUMI NABUNG","BDR002","LA"
"LAMPUNG","KAB. LAMPUNG TENGAH","WAY SEPUTIH","LAMPUNG","LAMPUNG TENGAH","BDR","WAY SEPUTIH","BDR022","LA"
"LAMPUNG","KAB. LAMPUNG TENGAH","BANDAR SURABAYA","LAMPUNG","LAMPUNG TENGAH","BDR","BANDAR SURABAYA _ BANDAR NUBAN","BDR028","LA"
"LAMPUNG","KAB. LAMPUNG TENGAH","ANAK RATU AJI","LAMPUNG","LAMPUNG TENGAH","BDR","ANAK RATU AJI","BDR001","LA"
"LAMPUNG","KAB. LAMPUNG TENGAH","PUTRA RUMBIA","LAMPUNG","LAMPUNG TENGAH","BDR","PUTRA RUMBIA","BDR007","LA"
"LAMPUNG","KAB. LAMPUNG TIMUR","SUKADANA","LAMPUNG","LAMPUNG TIMUR","SKD","SUKADANA-SKD","SKD021","LA"
"LAMPUNG","KAB. LAMPUNG TIMUR","LABUHAN MARINGGAI","LAMPUNG","LAMPUNG TIMUR","SKD","LABUHAN MARINGGAI","SKD008","LA"
"LAMPUNG","KAB. LAMPUNG TIMUR","JABUNG","LAMPUNG","LAMPUNG TIMUR","SKD","JABUNG-SKD","SKD007","LA"
"LAMPUNG","KAB. LAMPUNG TIMUR","PEKALONGAN","LAMPUNG","LAMPUNG TIMUR","SKD","PEKALONGAN","SKD016","LA"
"LAMPUNG","KAB. LAMPUNG TIMUR","SEKAMPUNG","LAMPUNG","LAMPUNG TIMUR","SKD","SEKAMPUNG","SKD019","LA"
"LAMPUNG","KAB. LAMPUNG TIMUR","BATANGHARI","LAMPUNG","LAMPUNG TIMUR","SKD","BATANGHARI","SKD002","LA"
"LAMPUNG","KAB. LAMPUNG TIMUR","WAY JEPARA","LAMPUNG","LAMPUNG TIMUR","SKD","WAY JEPARA","SKD024","LA"
"LAMPUNG","KAB. LAMPUNG TIMUR","PURBOLINGGO","LAMPUNG","LAMPUNG TIMUR","SKD","PURBOLINGGO","SKD017","LA"
"LAMPUNG","KAB. LAMPUNG TIMUR","RAMAN UTARA","LAMPUNG","LAMPUNG TIMUR","SKD","RAMAN UTARA","SKD018","LA"
"LAMPUNG","KAB. LAMPUNG TIMUR","METRO KIBANG","LAMPUNG","LAMPUNG TIMUR","SKD","METRO KIBANG","SKD014","LA"
"LAMPUNG","KAB. LAMPUNG TIMUR","MARGA TIGA","LAMPUNG","LAMPUNG TIMUR","SKD","MARGATIGA","SKD011","LA"
"LAMPUNG","KAB. LAMPUNG TIMUR","SEKAMPUNG UDIK","LAMPUNG","LAMPUNG TIMUR","SKD","SEKAMPUNG UDIK","SKD020","LA"
"LAMPUNG","KAB. LAMPUNG TIMUR","BATANGHARI NUBAN","LAMPUNG","LAMPUNG TIMUR","SKD","BATANGHARI NUBAN","SKD003","LA"
"LAMPUNG","KAB. LAMPUNG TIMUR","BUMI AGUNG","LAMPUNG","LAMPUNG TIMUR","SKD","BUMI AGUNG-SKD","SKD005","LA"
"LAMPUNG","KAB. LAMPUNG TIMUR","BANDAR SRIBHAWONO","LAMPUNG","LAMPUNG TIMUR","SKD","BANDAR SRIBAWONO","SKD001","LA"
"LAMPUNG","KAB. LAMPUNG TIMUR","MATARAM BARU","LAMPUNG","LAMPUNG TIMUR","SKD","MATARAM BARU","SKD012","LA"
"LAMPUNG","KAB. LAMPUNG TIMUR","MELINTING","LAMPUNG","LAMPUNG TIMUR","SKD","MELINTING","SKD013","LA"
"LAMPUNG","KAB. LAMPUNG TIMUR","GUNUNG PELINDUNG","LAMPUNG","LAMPUNG TIMUR","SKD","GUNUNG PELINDUNG","SKD006","LA"
"LAMPUNG","KAB. LAMPUNG TIMUR","PASIR SAKTI","LAMPUNG","LAMPUNG TIMUR","SKD","PASIR SAKTI","SKD015","LA"
"LAMPUNG","KAB. LAMPUNG TIMUR","WAWAY KARYA","LAMPUNG","LAMPUNG TIMUR","SKD","WAWAY KARYA","SKD022","LA"
"LAMPUNG","KAB. LAMPUNG TIMUR","LABUHAN RATU","LAMPUNG","LAMPUNG TIMUR","SKD","LABUHAN BATU _ RATU","SKD009","LA"
"LAMPUNG","KAB. LAMPUNG TIMUR","BRAJA SELEBAH","LAMPUNG","LAMPUNG TIMUR","SKD","BRAJA SLEBAH","SKD004","LA"
"LAMPUNG","KAB. LAMPUNG TIMUR","WAY BUNGUR","LAMPUNG","LAMPUNG TIMUR","SKD","WAY BUNGUR","SKD023","LA"
"LAMPUNG","KAB. LAMPUNG TIMUR","MARGA SEKAMPUNG","LAMPUNG","LAMPUNG TIMUR","SKD","MARGA SEKAMPUNG","SKD010","LA"
"LAMPUNG","KAB. LAMPUNG UTARA","BUKIT KEMUNING","LAMPUNG","LAMPUNG UTARA","KBB","BUKIT KEMUNING","KBB023","LA"
"LAMPUNG","KAB. LAMPUNG UTARA","KOTABUMI","LAMPUNG","LAMPUNG UTARA","KBB","KOTA BUMI","KBB013","LA"
"LAMPUNG","KAB. LAMPUNG UTARA","SUNGKAI SELATAN","LAMPUNG","LAMPUNG UTARA","KBB","SUNGKAI SELATAN","KBB019","LA"
"LAMPUNG","KAB. LAMPUNG UTARA","TANJUNG RAJA","LAMPUNG","LAMPUNG UTARA","KBB","TANJUNG RAJA-KBB","KBB022","LA"
"LAMPUNG","KAB. LAMPUNG UTARA","ABUNG TIMUR","LAMPUNG","LAMPUNG UTARA","KBB","ABUNG TIMUR","KBB008","LA"
"LAMPUNG","KAB. LAMPUNG UTARA","ABUNG BARAT","LAMPUNG","LAMPUNG UTARA","KBB","ABUNG BARAT","KBB001","LA"
"LAMPUNG","KAB. LAMPUNG UTARA","ABUNG SELATAN","LAMPUNG","LAMPUNG UTARA","KBB","ABUNG SELATAN","KBB004","LA"
"LAMPUNG","KAB. LAMPUNG UTARA","SUNGKAI UTARA","LAMPUNG","LAMPUNG UTARA","KBB","SUNGKAI UTARA","KBB021","LA"
"LAMPUNG","KAB. LAMPUNG UTARA","KOTABUMI UTARA","LAMPUNG","LAMPUNG UTARA","KBB","KOTABUMI UTARA","KBB015","LA"
"LAMPUNG","KAB. LAMPUNG UTARA","KOTABUMI SELATAN","LAMPUNG","LAMPUNG UTARA","KBB","KOTABUMI SELATAN","KBB014","LA"
"LAMPUNG","KAB. LAMPUNG UTARA","ABUNG TENGAH","LAMPUNG","LAMPUNG UTARA","KBB","ABUNG TENGAH","KBB007","LA"
"LAMPUNG","KAB. LAMPUNG UTARA","ABUNG TINGGI","LAMPUNG","LAMPUNG UTARA","KBB","ABUNG TINGGI","KBB009","LA"
"LAMPUNG","KAB. LAMPUNG UTARA","ABUNG SEMULI","LAMPUNG","LAMPUNG UTARA","KBB","ABUNG SEMULI","KBB005","LA"
"LAMPUNG","KAB. LAMPUNG UTARA","ABUNG SURAKARTA","LAMPUNG","LAMPUNG UTARA","KBB","ABUNG SURAKARTA","KBB006","LA"
"LAMPUNG","KAB. LAMPUNG UTARA","MUARA SUNGKAI","LAMPUNG","LAMPUNG UTARA","KBB","MUARA SUNGKAI","KBB016","LA"
"LAMPUNG","KAB. LAMPUNG UTARA","BUNGA MAYANG","LAMPUNG","LAMPUNG UTARA","KBB","BUNGA MAYANG-KBB","KBB011","LA"
"LAMPUNG","KAB. LAMPUNG UTARA","HULU SUNGKAI","LAMPUNG","LAMPUNG UTARA","KBB","HULU SUNGKAI","KBB012","LA"
"LAMPUNG","KAB. LAMPUNG UTARA","SUNGKAI TENGAH","LAMPUNG","LAMPUNG UTARA","KBB","SUNGKAI TENGAH","KBB020","LA"
"LAMPUNG","KAB. LAMPUNG UTARA","ABUNG PEKURUN","LAMPUNG","LAMPUNG UTARA","KBB","ABUNG PEKURUN","KBB003","LA"
"LAMPUNG","KAB. LAMPUNG UTARA","SUNGKAI JAYA","LAMPUNG","LAMPUNG UTARA","KBB","SUNGKAI JAYA","KBB018","LA"
"LAMPUNG","KAB. LAMPUNG UTARA","SUNGKAI BARAT","LAMPUNG","LAMPUNG UTARA","KBB","SUNGKAI BARAT","KBB017","LA"
"LAMPUNG","KAB. LAMPUNG UTARA","ABUNG KUNANG","LAMPUNG","LAMPUNG UTARA","KBB","ABUNG KUNANG","KBB002","LA"
"LAMPUNG","KAB. LAMPUNG UTARA","BLAMBANGAN PAGAR","LAMPUNG","LAMPUNG UTARA","KBB","BLAMBANGAN PAGAR","KBB010","LA"
"LAMPUNG","KAB. MESUJI","MESUJI","LAMPUNG","MESUJI","MSJ","MESUJI-MSJ","MSJ001","LA"
"LAMPUNG","KAB. MESUJI","MESUJI TIMUR","LAMPUNG","MESUJI","MSJ","MESUJI TIMUR","MSJ002","LA"
"LAMPUNG","KAB. MESUJI","RAWA JITU UTARA","LAMPUNG","MESUJI","MSJ","RAWA JITU UTARA","MSJ007","LA"
"LAMPUNG","KAB. MESUJI","WAY SERDANG","LAMPUNG","MESUJI","MSJ","WAY SERDANG","MSJ006","LA"
"LAMPUNG","KAB. MESUJI","SIMPANG PEMATANG","LAMPUNG","MESUJI","MSJ","SIMPANG PEMATANG","MSJ004","LA"
"LAMPUNG","KAB. MESUJI","PANCA JAYA","LAMPUNG","MESUJI","MSJ","PANCA JAYA","MSJ003","LA"
"LAMPUNG","KAB. MESUJI","TANJUNG RAYA","LAMPUNG","MESUJI","MSJ","TANJUNG RAYA-MSJ","MSJ005","LA"
"LAMPUNG","KAB. PESAWARAN","GEDONG TATAAN","LAMPUNG","PESAWARAN","GTT","GEDONG TATAAN","GTT001","LA"
"LAMPUNG","KAB. PESAWARAN","NEGERI KATON","LAMPUNG","PESAWARAN","GTT","NEGERI KATON","GTT003","LA"
"LAMPUNG","KAB. PESAWARAN","TEGINENENG","LAMPUNG","PESAWARAN","GTT","TEGINENENG","GTT006","LA"
"LAMPUNG","KAB. PESAWARAN","WAY LIMA","LAMPUNG","PESAWARAN","GTT","WAY LIMA","GTT007","LA"
"LAMPUNG","KAB. PESAWARAN","PADANG CERMIN","LAMPUNG","PESAWARAN","GTT","PADANG CERMIN","GTT004","LA"
"LAMPUNG","KAB. PESAWARAN","PUNDUH PIDADA","LAMPUNG","PESAWARAN","GTT","PUNDUH PIDADA","GTT005","LA"
"LAMPUNG","KAB. PESAWARAN","KEDONDONG","LAMPUNG","PESAWARAN","GTT","KEDONDONG","GTT002","LA"
"LAMPUNG","KAB. PESAWARAN","MARGA PUNDUH","LAMPUNG","PESAWARAN","GTT","MARGA PUNDUH","GTT008","LA"
"LAMPUNG","KAB. PESAWARAN","WAY KHILAU","LAMPUNG","PESAWARAN","GTT","WAY KHILAU","GTT009","LA"
"LAMPUNG","KAB. PESAWARAN","TELUK PANDAN","LAMPUNG","PESAWARAN","GTT","TELUK PANDAN-GTT","GTT011","LA"
"LAMPUNG","KAB. PESAWARAN","WAY RATAI","LAMPUNG","PESAWARAN","GTT","WAY RATAI","GTT010","LA"
"LAMPUNG","KAB. PESISIR BARAT","PESISIR TENGAH","LAMPUNG","PESISIR BARAT","KUR","PESISIR TENGAH","KUR007","LA"
"LAMPUNG","KAB. PESISIR BARAT","PESISIR SELATAN","LAMPUNG","PESISIR BARAT","KUR","PESISIR SELATAN","KUR006","LA"
"LAMPUNG","KAB. PESISIR BARAT","LEMONG","LAMPUNG","PESISIR BARAT","KUR","LEMONG","KUR004","LA"
"LAMPUNG","KAB. PESISIR BARAT","PESISIR UTARA","LAMPUNG","PESISIR BARAT","KUR","PESISIR UTARA","KUR008","LA"
"LAMPUNG","KAB. PESISIR BARAT","KARYA PENGGAWA","LAMPUNG","PESISIR BARAT","KUR","KARYA PENGGAWA","KUR003","LA"
"LAMPUNG","KAB. PESISIR BARAT","PULAUPISANG","LAMPUNG","PESISIR BARAT","KUR","PULAU PISANG","KUR011","LA"
"LAMPUNG","KAB. PESISIR BARAT","WAY KRUI","LAMPUNG","PESISIR BARAT","KUR","WAY KRUI","KUR010","LA"
"LAMPUNG","KAB. PESISIR BARAT","KRUI SELATAN","LAMPUNG","PESISIR BARAT","KUR","KRUI SELATAN","KUR009","LA"
"LAMPUNG","KAB. PESISIR BARAT","NGAMBUR","LAMPUNG","PESISIR BARAT","KUR","NGAMBUR","KUR005","LA"
"LAMPUNG","KAB. PESISIR BARAT","BANGKUNAT","LAMPUNG","PESISIR BARAT","KUR","BENGKUNAT","KUR001","LA"
"LAMPUNG","KAB. PRINGSEWU","PRINGSEWU","LAMPUNG","PRINGSEWU","PSW","PRINGSEWU","PSW001","LA"
"LAMPUNG","KAB. PRINGSEWU","GADING REJO","LAMPUNG","PRINGSEWU","PSW","GADING REJO-PSW","PSW005","LA"
"LAMPUNG","KAB. PRINGSEWU","AMBARAWA","LAMPUNG","PRINGSEWU","PSW","AMBARAWA-PSW","PSW003","LA"
"LAMPUNG","KAB. PRINGSEWU","PARDASUKA","LAMPUNG","PRINGSEWU","PSW","PARDASUKA","PSW007","LA"
"LAMPUNG","KAB. PRINGSEWU","PAGELARAN","LAMPUNG","PRINGSEWU","PSW","PAGELARAN-PSW","PSW006","LA"
"LAMPUNG","KAB. PRINGSEWU","BANYUMAS","LAMPUNG","PRINGSEWU","PSW","BANYUMAS-PSW","PSW004","LA"
"LAMPUNG","KAB. PRINGSEWU","ADILUWIH","LAMPUNG","PRINGSEWU","PSW","ADI LUWIH","PSW002","LA"
"LAMPUNG","KAB. PRINGSEWU","SUKOHARJO","LAMPUNG","PRINGSEWU","PSW","SUKOHARJO-PSW","PSW008","LA"
"LAMPUNG","KAB. PRINGSEWU","PAGELARAN UTARA","LAMPUNG","PRINGSEWU","PSW","PAGELARAN UTARA","PSW009","LA"
"LAMPUNG","KAB. TANGGAMUS","KOTA AGUNG","LAMPUNG","TANGGAMUS","KOG","KOTA AGUNG PUSAT","KOG010","LA"
"LAMPUNG","KAB. TANGGAMUS","TALANG PADANG","LAMPUNG","TANGGAMUS","KOG","TALANG PADANG-KOG","KOG018","LA"
"LAMPUNG","KAB. TANGGAMUS","WONOSOBO","LAMPUNG","TANGGAMUS","KOG","WONOSOBO-KOG","KOG020","LA"
"LAMPUNG","KAB. TANGGAMUS","PULAU PANGGUNG","LAMPUNG","TANGGAMUS","KOG","PULAU PANGGUNG","KOG015","LA"
"LAMPUNG","KAB. TANGGAMUS","CUKUH BALAK","LAMPUNG","TANGGAMUS","KOG","CUKUH BALAK","KOG004","LA"
"LAMPUNG","KAB. TANGGAMUS","PUGUNG","LAMPUNG","TANGGAMUS","KOG","PUGUNG","KOG014","LA"
"LAMPUNG","KAB. TANGGAMUS","SEMAKA","LAMPUNG","TANGGAMUS","KOG","SEMAKA","KOG016","LA"
"LAMPUNG","KAB. TANGGAMUS","SUMBER REJO","LAMPUNG","TANGGAMUS","KOG","SUMBEREJO-KOG","KOG017","LA"
"LAMPUNG","KAB. TANGGAMUS","ULU BELU","LAMPUNG","TANGGAMUS","KOG","ULUBELU","KOG019","LA"
"LAMPUNG","KAB. TANGGAMUS","PEMATANG SAWA","LAMPUNG","TANGGAMUS","KOG","PEMATANG SAWA","KOG013","LA"
"LAMPUNG","KAB. TANGGAMUS","KLUMBAYAN","LAMPUNG","TANGGAMUS","KOG","KELUMBAYAN","KOG007","LA"
"LAMPUNG","KAB. TANGGAMUS","KOTA AGUNG BARAT","LAMPUNG","TANGGAMUS","KOG","KOTA AGUNG BARAT","KOG009","LA"
"LAMPUNG","KAB. TANGGAMUS","KOTA AGUNG TIMUR","LAMPUNG","TANGGAMUS","KOG","KOTA AGUNG TIMUR","KOG011","LA"
"LAMPUNG","KAB. TANGGAMUS","GISTING","LAMPUNG","TANGGAMUS","KOG","GISTING","KOG005","LA"
"LAMPUNG","KAB. TANGGAMUS","GUNUNG ALIP","LAMPUNG","TANGGAMUS","KOG","GUNUNG ALIP","KOG006","LA"
"LAMPUNG","KAB. TANGGAMUS","LIMAU","LAMPUNG","TANGGAMUS","KOG","LIMAU","KOG012","LA"
"LAMPUNG","KAB. TANGGAMUS","BANDAR NEGERI SEMUONG","LAMPUNG","TANGGAMUS","KOG","BANDAR NEGERI SEMUONG","KOG002","LA"
"LAMPUNG","KAB. TANGGAMUS","AIR NANINGAN","LAMPUNG","TANGGAMUS","KOG","AIR NANINGAN","KOG001","LA"
"LAMPUNG","KAB. TANGGAMUS","BULOK","LAMPUNG","TANGGAMUS","KOG","BULOK","KOG003","LA"
"LAMPUNG","KAB. TANGGAMUS","KLUMBAYAN BARAT","LAMPUNG","TANGGAMUS","KOG","KELUMBAYAN BARAT","KOG008","LA"
"LAMPUNG","KAB. TULANG BAWANG","MENGGALA","LAMPUNG","TULANG BAWANG","MEL","MENGGALA","MEL007","LA"
"LAMPUNG","KAB. TULANG BAWANG","GEDUNG AJI","LAMPUNG","TULANG BAWANG","MEL","GEDUNG AJI","MEL004","LA"
"LAMPUNG","KAB. TULANG BAWANG","BANJAR AGUNG","LAMPUNG","TULANG BAWANG","MEL","BANJAR AGUNG","MEL001","LA"
"LAMPUNG","KAB. TULANG BAWANG","GEDUNG MENENG","LAMPUNG","TULANG BAWANG","MEL","GEDUNG MENENG","MEL006","LA"
"LAMPUNG","KAB. TULANG BAWANG","RAWA JITU SELATAN","LAMPUNG","TULANG BAWANG","MEL","RAWAJITU SELATAN","MEL012","LA"
"LAMPUNG","KAB. TULANG BAWANG","PENAWAR TAMA","LAMPUNG","TULANG BAWANG","MEL","PENAWAR TAMA","MEL010","LA"
"LAMPUNG","KAB. TULANG BAWANG","RAWA JITU TIMUR","LAMPUNG","TULANG BAWANG","MEL","RAWAJITU TIMUR","MEL013","LA"
"LAMPUNG","KAB. TULANG BAWANG","BANJAR MARGO","LAMPUNG","TULANG BAWANG","MEL","BANJAR MARGO","MEL002","LA"
"LAMPUNG","KAB. TULANG BAWANG","RAWA PITU","LAMPUNG","TULANG BAWANG","MEL","RAWA PITU","MEL011","LA"
"LAMPUNG","KAB. TULANG BAWANG","PENAWAR AJI","LAMPUNG","TULANG BAWANG","MEL","PENAWAR AJI","MEL009","LA"
"LAMPUNG","KAB. TULANG BAWANG","DENTE TELADAS","LAMPUNG","TULANG BAWANG","MEL","DENTE TELADAS","MEL003","LA"
"LAMPUNG","KAB. TULANG BAWANG","MERAKSA AJI","LAMPUNG","TULANG BAWANG","MEL","MERAKSA AJI","MEL008","LA"
"LAMPUNG","KAB. TULANG BAWANG","GEDUNG AJI BARU","LAMPUNG","TULANG BAWANG","MEL","GEDUNG AJI BARU","MEL005","LA"
"LAMPUNG","KAB. TULANG BAWANG","BANJAR BARU","LAMPUNG","TULANG BAWANG","MEL","BANJARBARU","MEL014","LA"
"LAMPUNG","KAB. TULANG BAWANG","MENGGALA TIMUR","LAMPUNG","TULANG BAWANG","MEL","MENGGALA TIMUR","MEL015","LA"
"LAMPUNG","KAB. TULANG BAWANG BARAT","TULANG BAWANG TENGAH","LAMPUNG","TULANG BAWANG BARAT","TBT","TULANG BAWANG TENGAH","TBT005","LA"
"LAMPUNG","KAB. TULANG BAWANG BARAT","TUMIJAJAR","LAMPUNG","TULANG BAWANG BARAT","TBT","TUMIJAJAR","TBT007","LA"
"LAMPUNG","KAB. TULANG BAWANG BARAT","TULANG BAWANG UDIK","LAMPUNG","TULANG BAWANG BARAT","TBT","TULANG BAWANG UDIK","TBT006","LA"
"LAMPUNG","KAB. TULANG BAWANG BARAT","GUNUNG TERANG","LAMPUNG","TULANG BAWANG BARAT","TBT","GUNUNG TERANG","TBT002","LA"
"LAMPUNG","KAB. TULANG BAWANG BARAT","GUNUNG AGUNG","LAMPUNG","TULANG BAWANG BARAT","TBT","GUNUNG AGUNG","TBT001","LA"
"LAMPUNG","KAB. TULANG BAWANG BARAT","WAY KENANGA","LAMPUNG","TULANG BAWANG BARAT","TBT","WAY KENANGA","TBT008","LA"
"LAMPUNG","KAB. TULANG BAWANG BARAT","LAMBU KIBANG","LAMPUNG","TULANG BAWANG BARAT","TBT","LAMBU KIBANG","TBT003","LA"
"LAMPUNG","KAB. TULANG BAWANG BARAT","PAGAR DEWA","LAMPUNG","TULANG BAWANG BARAT","TBT","PAGAR DEWA-TBT","TBT004","LA"
"LAMPUNG","KAB. TULANG BAWANG BARAT","BATU PUTIH","LAMPUNG","TULANG BAWANG BARAT","TBT","BATU PUTIH-TBT","TBT009","LA"
"LAMPUNG","KAB. WAY KANAN","BLAMBANGAN UMPU","LAMPUNG","WAY KANAN","BLM","BLAMBANGAN UMPU","BLM004","LA"
"LAMPUNG","KAB. WAY KANAN","KASUI","LAMPUNG","WAY KANAN","BLM","KASUI","BLM008","LA"
"LAMPUNG","KAB. WAY KANAN","BANJIT","LAMPUNG","WAY KANAN","BLM","BANJIT","BLM002","LA"
"LAMPUNG","KAB. WAY KANAN","BARADATU","LAMPUNG","WAY KANAN","BLM","BARADATU","BLM003","LA"
"LAMPUNG","KAB. WAY KANAN","BAHUGA","LAMPUNG","WAY KANAN","BLM","BAHUGA","BLM001","LA"
"LAMPUNG","KAB. WAY KANAN","PAKUAN RATU","LAMPUNG","WAY KANAN","BLM","PAKUAN RATU","BLM012","LA"
"LAMPUNG","KAB. WAY KANAN","NEGERI AGUNG","LAMPUNG","WAY KANAN","BLM","NEGERI AGUNG","BLM010","LA"
"LAMPUNG","KAB. WAY KANAN","WAY TUBA","LAMPUNG","WAY KANAN","BLM","WAY TUBA","BLM014","LA"
"LAMPUNG","KAB. WAY KANAN","REBANG TANGKAS","LAMPUNG","WAY KANAN","BLM","REBANG TANGKAS","BLM013","LA"
"LAMPUNG","KAB. WAY KANAN","GUNUNG LABUHAN","LAMPUNG","WAY KANAN","BLM","GUNUNG LABUHAN","BLM007","LA"
"LAMPUNG","KAB. WAY KANAN","NEGARA BATIN","LAMPUNG","WAY KANAN","BLM","NEGARA BATIN","BLM009","LA"
"LAMPUNG","KAB. WAY KANAN","NEGERI BESAR","LAMPUNG","WAY KANAN","BLM","NEGERI BESAR","BLM011","LA"
"LAMPUNG","KAB. WAY KANAN","BUAY BAHUGA","LAMPUNG","WAY KANAN","BLM","BUAY BAHUGA","BLM005","LA"
"LAMPUNG","KAB. WAY KANAN","BUMI AGUNG","LAMPUNG","WAY KANAN","BLM","BUMI AGUNG-BLM","BLM006","LA"
"LAMPUNG","KOTA BANDAR LAMPUNG","TELUKBETUNG UTARA","LAMPUNG","BANDAR LAMPUNG","TKG","TELUK BETUNG UTARA","TKG019","LA"
"LAMPUNG","KOTA BANDAR LAMPUNG","TELUKBETUNG TIMUR","LAMPUNG","BANDAR LAMPUNG","TKG","TELUK BETUNG TIMUR","TKG020","LA"
"LAMPUNG","KOTA BANDAR LAMPUNG","KEDATON","LAMPUNG","BANDAR LAMPUNG","TKG","KEDATON","TKG001","LA"
"LAMPUNG","KOTA BANDAR LAMPUNG","SUKARAME","LAMPUNG","BANDAR LAMPUNG","TKG","SUKARAME-TKG","TKG012","LA"
"LAMPUNG","KOTA BANDAR LAMPUNG","TANJUNGKARANG BARAT","LAMPUNG","BANDAR LAMPUNG","TKG","TANJUNG KARANG BARAT","TKG013","LA"
"LAMPUNG","KOTA BANDAR LAMPUNG","PANJANG","LAMPUNG","BANDAR LAMPUNG","TKG","PANJANG","TKG015","LA"
"LAMPUNG","KOTA BANDAR LAMPUNG","TANJUNGKARANG TIMUR","LAMPUNG","BANDAR LAMPUNG","TKG","TANJUNG KARANG TIMUR","TKG011","LA"
"LAMPUNG","KOTA BANDAR LAMPUNG","TANJUNGKARANG PUSAT","LAMPUNG","BANDAR LAMPUNG","TKG","TANJUNG KARANG PUSAT","TKG014","LA"
"LAMPUNG","KOTA BANDAR LAMPUNG","TELUKBETUNG SELATAN","LAMPUNG","BANDAR LAMPUNG","TKG","TELUK BETUNG SELATAN","TKG016","LA"
"LAMPUNG","KOTA BANDAR LAMPUNG","TELUKBETUNG BARAT","LAMPUNG","BANDAR LAMPUNG","TKG","TELUK BETUNG BARAT","TKG018","LA"
"LAMPUNG","KOTA BANDAR LAMPUNG","RAJABASA","LAMPUNG","BANDAR LAMPUNG","TKG","RAJABASA-TKG","TKG003","LA"
"LAMPUNG","KOTA BANDAR LAMPUNG","TANJUNG SENANG","LAMPUNG","BANDAR LAMPUNG","TKG","TANJUNG SENANG","TKG005","LA"
"LAMPUNG","KOTA BANDAR LAMPUNG","SUKABUMI","LAMPUNG","BANDAR LAMPUNG","TKG","SUKABUMI-TKG","TKG004","LA"
"LAMPUNG","KOTA BANDAR LAMPUNG","KEMILING","LAMPUNG","BANDAR LAMPUNG","TKG","KEMILING","TKG002","LA"
"LAMPUNG","KOTA BANDAR LAMPUNG","LABUHAN RATU","LAMPUNG","BANDAR LAMPUNG","TKG","LABUHAN RATU","TKG007","LA"
"LAMPUNG","KOTA BANDAR LAMPUNG","WAY HALIM","LAMPUNG","BANDAR LAMPUNG","TKG","WAY HALIM","TKG009","LA"
"LAMPUNG","KOTA BANDAR LAMPUNG","LANGKAPURA","LAMPUNG","BANDAR LAMPUNG","TKG","LANGKAPURA","TKG008","LA"
"LAMPUNG","KOTA BANDAR LAMPUNG","ENGGAL","LAMPUNG","BANDAR LAMPUNG","TKG","ENGGAL","TKG006","LA"
"LAMPUNG","KOTA BANDAR LAMPUNG","KEDAMAIAN","LAMPUNG","BANDAR LAMPUNG","TKG","KEDAMAIAN","TKG010","LA"
"LAMPUNG","KOTA BANDAR LAMPUNG","BUMI WARAS","LAMPUNG","BANDAR LAMPUNG","TKG","BUMI WARAS","TKG017","LA"
"LAMPUNG","KOTA METRO","METRO PUSAT","LAMPUNG","METRO","MTR","METRO PUSAT","MTR001","LA"
"LAMPUNG","KOTA METRO","METRO UTARA","LAMPUNG","METRO","MTR","METRO UTARA","MTR003","LA"
"LAMPUNG","KOTA METRO","METRO BARAT","LAMPUNG","METRO","MTR","METRO BARAT","MTR004","LA"
"LAMPUNG","KOTA METRO","METRO TIMUR","LAMPUNG","METRO","MTR","METRO TIMUR","MTR002","LA"
"LAMPUNG","KOTA METRO","METRO SELATAN","LAMPUNG","METRO","MTR","METRO SELATAN","MTR005","LA"
"MALUKU","KAB. BURU","NAMLEA","MALUKU","BURU","NAM","NAMLEA","NAM003","MA"
"MALUKU","KAB. BURU","AIR BUAYA","MALUKU","BURU","NAM","AIRBUAYA","NAM001","MA"
"MALUKU","KAB. BURU","WAEAPO","MALUKU","BURU","NAM","WAEAPO","NAM004","MA"
"MALUKU","KAB. BURU","WAPLAU","MALUKU","BURU","NAM","WAPLAU","NAM005","MA"
"MALUKU","KAB. BURU","BATABUAL","MALUKU","BURU","NAM","BATABUAL","NAM002","MA"
"MALUKU","KAB. BURU","LOLONG GUBA","MALUKU","BURU","NAM","LOLONG GUBA","NAM006","MA"
"MALUKU","KAB. BURU","WAELATA","MALUKU","BURU","NAM","WAELATA","NAM007","MA"
"MALUKU","KAB. BURU","FENA LEISELA","MALUKU","BURU","NAM","FENA LEISELA","NAM008","MA"
"MALUKU","KAB. BURU","TELUK KAIELY","MALUKU","BURU","NAM","TELUK KAIELY","NAM009","MA"
"MALUKU","KAB. BURU","LILIALY","MALUKU","BURU","NAM","LILIALY","NAM010","MA"
"MALUKU","KAB. BURU SELATAN","NAMROLE","MALUKU","BURU SELATAN","NMR","NAMROLE","NMR004","MA"
"MALUKU","KAB. BURU SELATAN","WAESAMA","MALUKU","BURU SELATAN","NMR","WAESAMA","NMR005","MA"
"MALUKU","KAB. BURU SELATAN","AMBALAU","MALUKU","BURU SELATAN","NMR","AMBALAU-NMR","NMR001","MA"
"MALUKU","KAB. BURU SELATAN","KEPALA MADAN","MALUKU","BURU SELATAN","NMR","KEPALA MADAN","NMR002","MA"
"MALUKU","KAB. BURU SELATAN","LEKSULA","MALUKU","BURU SELATAN","NMR","LEKSULA","NMR003","MA"
"MALUKU","KAB. BURU SELATAN","FENA FAFAN","MALUKU","BURU SELATAN","NMR","FENA FAFAN","NMR006","MA"
"MALUKU","KAB. KEPULAUAN ARU","PULAU-PULAU ARU","MALUKU","KEPULAUAN ARU","DOB","PULAU-PULAU ARU","DOB007","MA"
"MALUKU","KAB. KEPULAUAN ARU","ARU SELATAN","MALUKU","KEPULAUAN ARU","DOB","ARU SELATAN","DOB010","MA"
"MALUKU","KAB. KEPULAUAN ARU","ARU TENGAH","MALUKU","KEPULAUAN ARU","DOB","ARU TENGAH","DOB003","MA"
"MALUKU","KAB. KEPULAUAN ARU","ARU UTARA","MALUKU","KEPULAUAN ARU","DOB","ARU UTARA","DOB006","MA"
"MALUKU","KAB. KEPULAUAN ARU","ARU UTARA TIMUR BATULEY","MALUKU","KEPULAUAN ARU","DOB","ARU UTARA TIMUR BATULEY","DOB008","MA"
"MALUKU","KAB. KEPULAUAN ARU","SIR-SIR","MALUKU","KEPULAUAN ARU","DOB","SIR-SIR","DOB009","MA"
"MALUKU","KAB. KEPULAUAN ARU","ARU TENGAH TIMUR","MALUKU","KEPULAUAN ARU","DOB","ARU TENGAH TIMUR","DOB005","MA"
"MALUKU","KAB. KEPULAUAN ARU","ARU TENGAH SELATAN","MALUKU","KEPULAUAN ARU","DOB","ARU TENGAH SELATAN","DOB004","MA"
"MALUKU","KAB. KEPULAUAN ARU","ARU SELATAN TIMUR","MALUKU","KEPULAUAN ARU","DOB","ARU SELATAN TIMUR","DOB002","MA"
"MALUKU","KAB. KEPULAUAN ARU","ARU SELATAN UTARA","MALUKU","KEPULAUAN ARU","DOB","ARU SELATAN UTARA","DOB011","MA"
"MALUKU","KAB. MALUKU BARAT DAYA","MOA LAKOR","MALUKU","MALUKU BARAT DAYA","TIA","MOA LAKOR","TIA003","MA"
"MALUKU","KAB. MALUKU BARAT DAYA","DAMER","MALUKU","MALUKU BARAT DAYA","TIA","DAMER","TIA001","MA"
"MALUKU","KAB. MALUKU BARAT DAYA","MNDONA HIERA","MALUKU","MALUKU BARAT DAYA","TIA","MDONA HYERA","TIA002","MA"
"MALUKU","KAB. MALUKU BARAT DAYA","PULAU-PULAU BABAR","MALUKU","MALUKU BARAT DAYA","TIA","PULAU PULAU BABAR","TIA005","MA"
"MALUKU","KAB. MALUKU BARAT DAYA","PULAU-PULAU BABAR TIMUR","MALUKU","MALUKU BARAT DAYA","TIA","PULAU PULAU BABAR TIMUR","TIA007","MA"
"MALUKU","KAB. MALUKU BARAT DAYA","WETAR","MALUKU","MALUKU BARAT DAYA","TIA","WETAR","TIA008","MA"
"MALUKU","KAB. MALUKU BARAT DAYA","PULAU-PULAU TERSELATAN","MALUKU","MALUKU BARAT DAYA","TIA","PULAU PULAU TERSELATAN","TIA006","MA"
"MALUKU","KAB. MALUKU BARAT DAYA","PULAU LETI","MALUKU","MALUKU BARAT DAYA","TIA","PULAU LETTI","TIA004","MA"
"MALUKU","KAB. MALUKU BARAT DAYA","PULAU MASELA","MALUKU","MALUKU BARAT DAYA","TIA","PULAU MASELA","TIA014","MA"
"MALUKU","KAB. MALUKU BARAT DAYA","DAWELOR DAWERA","MALUKU","MALUKU BARAT DAYA","TIA","DAWELOR DAWERA","TIA012","MA"
"MALUKU","KAB. MALUKU BARAT DAYA","PULAU WETANG","MALUKU","MALUKU BARAT DAYA","TIA","PULAU WETANG","TIA015","MA"
"MALUKU","KAB. MALUKU BARAT DAYA","PULAU LAKOR","MALUKU","MALUKU BARAT DAYA","TIA","PULAU LAKOR","TIA016","MA"
"MALUKU","KAB. MALUKU BARAT DAYA","WETAR UTARA","MALUKU","MALUKU BARAT DAYA","TIA","WETAR UTARA","TIA011","MA"
"MALUKU","KAB. MALUKU BARAT DAYA","WETAR BARAT","MALUKU","MALUKU BARAT DAYA","TIA","WETAR BARAT","TIA009","MA"
"MALUKU","KAB. MALUKU BARAT DAYA","WETAR TIMUR","MALUKU","MALUKU BARAT DAYA","TIA","WETAR TIMUR","TIA010","MA"
"MALUKU","KAB. MALUKU BARAT DAYA","KEPULAUAN ROMANG","MALUKU","MALUKU BARAT DAYA","TIA","KEPULAUAN ROMANG","TIA017","MA"
"MALUKU","KAB. MALUKU BARAT DAYA","KISAR UTARA","MALUKU","MALUKU BARAT DAYA","TIA","KISAR UTARA","TIA013","MA"
"MALUKU","KAB. MALUKU TENGAH","AMAHAI","MALUKU","MALUKU TENGAH","MSI","AMAHAI","MSI001","MA"
"MALUKU","KAB. MALUKU TENGAH","TEON NILA SERUA","MALUKU","MALUKU TENGAH","MSI","TEON NILA SERUA","MSI014","MA"
"MALUKU","KAB. MALUKU TENGAH","SERAM UTARA","MALUKU","MALUKU TENGAH","MSI","SERAM UTARA","MSI010","MA"
"MALUKU","KAB. MALUKU TENGAH","BANDA","MALUKU","MALUKU TENGAH","MSI","BANDA","MSI002","MA"
"MALUKU","KAB. MALUKU TENGAH","TEHORU","MALUKU","MALUKU TENGAH","MSI","TEHORU","MSI012","MA"
"MALUKU","KAB. MALUKU TENGAH","SAPARUA","MALUKU","MALUKU TENGAH","MSI","SAPARUA","MSI009","MA"
"MALUKU","KAB. MALUKU TENGAH","PULAU HARUKU","MALUKU","MALUKU TENGAH","MSI","PULAU HARUKU","MSI007","MA"
"MALUKU","KAB. MALUKU TENGAH","SALAHUTU","MALUKU","MALUKU TENGAH","MSI","SALAHUTU","MSI008","MA"
"MALUKU","KAB. MALUKU TENGAH","LEIHITU","MALUKU","MALUKU TENGAH","MSI","LEIHITU","MSI003","MA"
"MALUKU","KAB. MALUKU TENGAH","NUSA LAUT","MALUKU","MALUKU TENGAH","MSI","NUSALAUT","MSI006","MA"
"MALUKU","KAB. MALUKU TENGAH","KOTA MASOHI","MALUKU","MALUKU TENGAH","MSI","MASOHI KOTA","MSI005","MA"
"MALUKU","KAB. MALUKU TENGAH","SERAM UTARA BARAT","MALUKU","MALUKU TENGAH","MSI","SERAM UTARA BARAT","MSI011","MA"
"MALUKU","KAB. MALUKU TENGAH","TELUK ELPAPUTIH","MALUKU","MALUKU TENGAH","MSI","TELUK ELPAPUTIH","MSI013","MA"
"MALUKU","KAB. MALUKU TENGAH","LEIHITU BARAT","MALUKU","MALUKU TENGAH","MSI","LEIHITU BARAT","MSI004","MA"
"MALUKU","KAB. MALUKU TENGAH","TELUTIH","MALUKU","MALUKU TENGAH","MSI","TELUTIH","MSI018","MA"
"MALUKU","KAB. MALUKU TENGAH","SERAM UTARA TIMUR SETI","MALUKU","MALUKU TENGAH","MSI","SERAM UTARA TIMUR SETI","MSI016","MA"
"MALUKU","KAB. MALUKU TENGAH","SERAM UTARA TIMUR KOBI","MALUKU","MALUKU TENGAH","MSI","SERAM UTARA TIMUR KOBI","MSI017","MA"
"MALUKU","KAB. MALUKU TENGAH","SAPARUA TIMUR","MALUKU","MALUKU TENGAH","MSI","SAPARUA TIMUR","MSI015","MA"
"MALUKU","KAB. MALUKU TENGGARA","KEI KECIL","MALUKU","MALUKU TENGGARA","LGU","KEI KECIL","LGU004","MA"
"MALUKU","KAB. MALUKU TENGGARA","KEI BESAR","MALUKU","MALUKU TENGGARA","LGU","KEI BESAR","LGU001","MA"
"MALUKU","KAB. MALUKU TENGGARA","KEI BESAR SELATAN","MALUKU","MALUKU TENGGARA","LGU","KEI BESAR SELATAN","LGU002","MA"
"MALUKU","KAB. MALUKU TENGGARA","KEI BESAR UTARA TIMUR","MALUKU","MALUKU TENGGARA","LGU","KEI BESAR UTARA TIMUR","LGU003","MA"
"MALUKU","KAB. MALUKU TENGGARA","KEI KECIL TIMUR","MALUKU","MALUKU TENGGARA","LGU","KEI KECIL TIMUR","LGU006","MA"
"MALUKU","KAB. MALUKU TENGGARA","KEI KECIL BARAT","MALUKU","MALUKU TENGGARA","LGU","KEI KECIL BARAT","LGU005","MA"
"MALUKU","KAB. MALUKU TENGGARA","MANYEUW","MALUKU","MALUKU TENGGARA","LGU","MANYEUW","LGU011","MA"
"MALUKU","KAB. MALUKU TENGGARA","HOAT SORBAY","MALUKU","MALUKU TENGGARA","LGU","HOAT SORBAY","LGU007","MA"
"MALUKU","KAB. MALUKU TENGGARA","KEI BESAR UTARA BARAT","MALUKU","MALUKU TENGGARA","LGU","KEI BESAR UTARA BARAT","LGU010","MA"
"MALUKU","KAB. MALUKU TENGGARA","KEI BESAR SELATAN BARAT","MALUKU","MALUKU TENGGARA","LGU","KEI BESAR SELATAN BARAT","LGU009","MA"
"MALUKU","KAB. MALUKU TENGGARA","KEI KECIL TIMUR SELATAN","MALUKU","MALUKU TENGGARA","LGU","KEI KECIL TIMUR SELATAN","LGU008","MA"
"MALUKU","KAB. MALUKU TENGGARA BARAT","TANIMBAR SELATAN","MALUKU","MALUKU TENGGARA BARAT","SML","TANIMBAR SELATAN","SML003","MA"
"MALUKU","KAB. MALUKU TENGGARA BARAT","SELARU","MALUKU","MALUKU TENGGARA BARAT","SML","SELARU","SML002","MA"
"MALUKU","KAB. MALUKU TENGGARA BARAT","WER TAMRIAN","MALUKU","MALUKU TENGGARA BARAT","SML","WERTAMRIAN","SML006","MA"
"MALUKU","KAB. MALUKU TENGGARA BARAT","WER MAKTIAN","MALUKU","MALUKU TENGGARA BARAT","SML","WERMAKATIAN WER MAKATIAN","SML005","MA"
"MALUKU","KAB. MALUKU TENGGARA BARAT","TANIMBAR UTARA","MALUKU","MALUKU TENGGARA BARAT","SML","TANIMBAR UTARA","SML004","MA"
"MALUKU","KAB. MALUKU TENGGARA BARAT","YARU","MALUKU","MALUKU TENGGARA BARAT","SML","YARU","SML009","MA"
"MALUKU","KAB. MALUKU TENGGARA BARAT","WUAR LABOBAR","MALUKU","MALUKU TENGGARA BARAT","SML","WUARLABOBAR","SML008","MA"
"MALUKU","KAB. MALUKU TENGGARA BARAT","KORMOMOLIN","MALUKU","MALUKU TENGGARA BARAT","SML","KORMOMOLIN","SML001","MA"
"MALUKU","KAB. MALUKU TENGGARA BARAT","NIRUNMAS","MALUKU","MALUKU TENGGARA BARAT","SML","NIRUNMAS","SML011","MA"
"MALUKU","KAB. MALUKU TENGGARA BARAT","MOLU MARU","MALUKU","MALUKU TENGGARA BARAT","SML","MOLU MARU","SML010","MA"
"MALUKU","KAB. SERAM BAGIAN BARAT","KAIRATU","MALUKU","SERAM BAGIAN BARAT","PRU","KAIRATU","PRU002","MA"
"MALUKU","KAB. SERAM BAGIAN BARAT","SERAM BARAT","MALUKU","SERAM BAGIAN BARAT","PRU","SERAM BARAT","PRU003","MA"
"MALUKU","KAB. SERAM BAGIAN BARAT","TANIWEL","MALUKU","SERAM BAGIAN BARAT","PRU","TANIWEL","PRU004","MA"
"MALUKU","KAB. SERAM BAGIAN BARAT","HUAMUAL BELAKANG","MALUKU","SERAM BAGIAN BARAT","PRU","HUAMUAL BELAKANG","PRU001","MA"
"MALUKU","KAB. SERAM BAGIAN BARAT","AMALATU","MALUKU","SERAM BAGIAN BARAT","PRU","AMALATU","PRU008","MA"
"MALUKU","KAB. SERAM BAGIAN BARAT","INAMOSOL","MALUKU","SERAM BAGIAN BARAT","PRU","INAMOSOL","PRU011","MA"
"MALUKU","KAB. SERAM BAGIAN BARAT","KAIRATU BARAT","MALUKU","SERAM BAGIAN BARAT","PRU","KAIRATU BARAT","PRU005","MA"
"MALUKU","KAB. SERAM BAGIAN BARAT","HUAMUAL","MALUKU","SERAM BAGIAN BARAT","PRU","HUAMUAL","PRU010","MA"
"MALUKU","KAB. SERAM BAGIAN BARAT","KEPULAUAN MANIPA","MALUKU","SERAM BAGIAN BARAT","PRU","KEPULAUAN MANIPA","PRU006","MA"
"MALUKU","KAB. SERAM BAGIAN BARAT","TANIWEL TIMUR","MALUKU","SERAM BAGIAN BARAT","PRU","TANIWEL TIMUR","PRU007","MA"
"MALUKU","KAB. SERAM BAGIAN BARAT","ELPAPUTIH","MALUKU","SERAM BAGIAN BARAT","PRU","ELPAPUTIH","PRU009","MA"
"MALUKU","KAB. SERAM BAGIAN TIMUR","BULA","MALUKU","SERAM BAGIAN TIMUR","BUL","BULA","BUL001","MA"
"MALUKU","KAB. SERAM BAGIAN TIMUR","SERAM TIMUR","MALUKU","SERAM BAGIAN TIMUR","BUL","SERAM TIMUR","BUL003","MA"
"MALUKU","KAB. SERAM BAGIAN TIMUR","WERINAMA","MALUKU","SERAM BAGIAN TIMUR","BUL","WERINMA","BUL005","MA"
"MALUKU","KAB. SERAM BAGIAN TIMUR","PULAU GOROM","MALUKU","SERAM BAGIAN TIMUR","BUL","PULAU GOROM","BUL002","MA"
"MALUKU","KAB. SERAM BAGIAN TIMUR","WAKATE","MALUKU","SERAM BAGIAN TIMUR","BUL","WAKATE","BUL015","MA"
"MALUKU","KAB. SERAM BAGIAN TIMUR","TUTUK TOLU","MALUKU","SERAM BAGIAN TIMUR","BUL","TUTUK TOLU","BUL004","MA"
"MALUKU","KAB. SERAM BAGIAN TIMUR","SIWALALAT","MALUKU","SERAM BAGIAN TIMUR","BUL","SIWALALAT","BUL012","MA"
"MALUKU","KAB. SERAM BAGIAN TIMUR","KILMURY","MALUKU","SERAM BAGIAN TIMUR","BUL","KILMURY","BUL009","MA"
"MALUKU","KAB. SERAM BAGIAN TIMUR","PULAU PANJANG","MALUKU","SERAM BAGIAN TIMUR","BUL","PULAU PANJANG","BUL010","MA"
"MALUKU","KAB. SERAM BAGIAN TIMUR","TEOR","MALUKU","SERAM BAGIAN TIMUR","BUL","TEOR","BUL014","MA"
"MALUKU","KAB. SERAM BAGIAN TIMUR","GOROM TIMUR","MALUKU","SERAM BAGIAN TIMUR","BUL","GOROM TIMUR","BUL007","MA"
"MALUKU","KAB. SERAM BAGIAN TIMUR","BULA BARAT","MALUKU","SERAM BAGIAN TIMUR","BUL","BULA BARAT","BUL006","MA"
"MALUKU","KAB. SERAM BAGIAN TIMUR","KIAN DARAT","MALUKU","SERAM BAGIAN TIMUR","BUL","KIAN DARAT","BUL008","MA"
"MALUKU","KAB. SERAM BAGIAN TIMUR","SIRITAUN WIDA TIMUR","MALUKU","SERAM BAGIAN TIMUR","BUL","SIRITAUN WIDA TIMUR","BUL011","MA"
"MALUKU","KAB. SERAM BAGIAN TIMUR","TELUK WARU","MALUKU","SERAM BAGIAN TIMUR","BUL","TELUK WARU","BUL013","MA"
"MALUKU","KOTA AMBON","NUSANIWE","MALUKU","AMBON","AMQ","NUSANIWE","AMQ003","MA"
"MALUKU","KOTA AMBON","SIRIMAU","MALUKU","AMBON","AMQ","SIRIMAU","AMQ004","MA"
"MALUKU","KOTA AMBON","BAGUALA","MALUKU","AMBON","AMQ","BAGUALA","AMQ001","MA"
"MALUKU","KOTA AMBON","TELUK AMBON","MALUKU","AMBON","AMQ","TELUK AMBON","AMQ005","MA"
"MALUKU","KOTA AMBON","LEITIMUR SELATAN","MALUKU","AMBON","AMQ","LEITIMUR SELATAN","AMQ002","MA"
"MALUKU","KOTA TUAL","PULAU DULLAH UTARA","MALUKU","TUAL","UAL","PULAU DULLAH UTARA","UAL002","MA"
"MALUKU","KOTA TUAL","PULAU DULLAH SELATAN","MALUKU","TUAL","UAL","PULAU DULLAH SELATAN","UAL001","MA"
"MALUKU","KOTA TUAL","TAYANDO TAM","MALUKU","TUAL","UAL","PULAU TAYANDO TAM","UAL003","MA"
"MALUKU","KOTA TUAL","PULAU-PULAU KUR","MALUKU","TUAL","UAL","PULAU-PULAU KUR","UAL004","MA"
"MALUKU","KOTA TUAL","KUR SELATAN","MALUKU","TUAL","UAL","KUR SELATAN","UAL005","MA"
"MALUKU UTARA","KAB. HALMAHERA BARAT","JAILOLO","MALUKU UTARA","HALMAHERA BARAT","JAL","JAILOLO","JAL004","MU"
"MALUKU UTARA","KAB. HALMAHERA BARAT","LOLODA","MALUKU UTARA","HALMAHERA BARAT","JAL","LOLODA","JAL007","MU"
"MALUKU UTARA","KAB. HALMAHERA BARAT","IBU","MALUKU UTARA","HALMAHERA BARAT","JAL","IBU","JAL001","MU"
"MALUKU UTARA","KAB. HALMAHERA BARAT","SAHU","MALUKU UTARA","HALMAHERA BARAT","JAL","SAHU","JAL008","MU"
"MALUKU UTARA","KAB. HALMAHERA BARAT","JAILOLO SELATAN","MALUKU UTARA","HALMAHERA BARAT","JAL","JAILOLO SELATAN","JAL005","MU"
"MALUKU UTARA","KAB. HALMAHERA BARAT","IBU UTARA","MALUKU UTARA","HALMAHERA BARAT","JAL","IBU UTARA","JAL003","MU"
"MALUKU UTARA","KAB. HALMAHERA BARAT","IBU SELATAN","MALUKU UTARA","HALMAHERA BARAT","JAL","IBU SELATAN","JAL002","MU"
"MALUKU UTARA","KAB. HALMAHERA BARAT","SAHU TIMUR","MALUKU UTARA","HALMAHERA BARAT","JAL","SAHU TIMUR","JAL009","MU"
"MALUKU UTARA","KAB. HALMAHERA SELATAN","PULAU MAKIAN","MALUKU UTARA","HALMAHERA SELATAN","LAH","MAKIAN","LAH022","MU"
"MALUKU UTARA","KAB. HALMAHERA SELATAN","KAYOA","MALUKU UTARA","HALMAHERA SELATAN","LAH","KAYOA","LAH016","MU"
"MALUKU UTARA","KAB. HALMAHERA SELATAN","GANE TIMUR","MALUKU UTARA","HALMAHERA SELATAN","LAH","GANE TIMUR","LAH011","MU"
"MALUKU UTARA","KAB. HALMAHERA SELATAN","GANE BARAT","MALUKU UTARA","HALMAHERA SELATAN","LAH","GANE BARAT","LAH008","MU"
"MALUKU UTARA","KAB. HALMAHERA SELATAN","OBI SELATAN","MALUKU UTARA","HALMAHERA SELATAN","LAH","OBI SELATAN","LAH028","MU"
"MALUKU UTARA","KAB. HALMAHERA SELATAN","OBI","MALUKU UTARA","HALMAHERA SELATAN","LAH","OBI","LAH026","MU"
"MALUKU UTARA","KAB. HALMAHERA SELATAN","BACAN TIMUR","MALUKU UTARA","HALMAHERA SELATAN","LAH","BACAN TIMUR","LAH005","MU"
"MALUKU UTARA","KAB. HALMAHERA SELATAN","BACAN","MALUKU UTARA","HALMAHERA SELATAN","LAH","BACAN","LAH001","MU"
"MALUKU UTARA","KAB. HALMAHERA SELATAN","BACAN BARAT","MALUKU UTARA","HALMAHERA SELATAN","LAH","BACAN BARAT","LAH002","MU"
"MALUKU UTARA","KAB. HALMAHERA SELATAN","MAKIAN BARAT","MALUKU UTARA","HALMAHERA SELATAN","LAH","MAKIAN BARAT","LAH023","MU"
"MALUKU UTARA","KAB. HALMAHERA SELATAN","KAYOA BARAT","MALUKU UTARA","HALMAHERA SELATAN","LAH","KAYOA BARAT","LAH017","MU"
"MALUKU UTARA","KAB. HALMAHERA SELATAN","KAYOA SELATAN","MALUKU UTARA","HALMAHERA SELATAN","LAH","KAYOA SELATAN","LAH018","MU"
"MALUKU UTARA","KAB. HALMAHERA SELATAN","KAYOA UTARA","MALUKU UTARA","HALMAHERA SELATAN","LAH","KAYOA UTARA","LAH019","MU"
"MALUKU UTARA","KAB. HALMAHERA SELATAN","BACAN BARAT UTARA","MALUKU UTARA","HALMAHERA SELATAN","LAH","BACAN BARAT UTARA","LAH003","MU"
"MALUKU UTARA","KAB. HALMAHERA SELATAN","KASIRUTA BARAT","MALUKU UTARA","HALMAHERA SELATAN","LAH","KASIRUTA BARAT","LAH014","MU"
"MALUKU UTARA","KAB. HALMAHERA SELATAN","KASIRUTA TIMUR","MALUKU UTARA","HALMAHERA SELATAN","LAH","KASIRUTA TIMUR","LAH015","MU"
"MALUKU UTARA","KAB. HALMAHERA SELATAN","BACAN SELATAN","MALUKU UTARA","HALMAHERA SELATAN","LAH","BACAN SELATAN","LAH004","MU"
"MALUKU UTARA","KAB. HALMAHERA SELATAN","KEPULAUAN BOTANGLOMANG","MALUKU UTARA","HALMAHERA SELATAN","LAH","KEPULAUAN BOTANGLOMANG","LAH020","MU"
"MALUKU UTARA","KAB. HALMAHERA SELATAN","MANDIOLI SELATAN","MALUKU UTARA","HALMAHERA SELATAN","LAH","MANDIOLI SELATAN","LAH024","MU"
"MALUKU UTARA","KAB. HALMAHERA SELATAN","MANDIOLI UTARA","MALUKU UTARA","HALMAHERA SELATAN","LAH","MANDIOLI UTARA","LAH025","MU"
"MALUKU UTARA","KAB. HALMAHERA SELATAN","BACAN TIMUR SELATAN","MALUKU UTARA","HALMAHERA SELATAN","LAH","BACAN TIMUR SELATAN","LAH006","MU"
"MALUKU UTARA","KAB. HALMAHERA SELATAN","BACAN TIMUR TENGAH","MALUKU UTARA","HALMAHERA SELATAN","LAH","BACAN TIMUR TENGAH","LAH007","MU"
"MALUKU UTARA","KAB. HALMAHERA SELATAN","GANE BARAT SELATAN","MALUKU UTARA","HALMAHERA SELATAN","LAH","GANE BARAT SELATAN","LAH009","MU"
"MALUKU UTARA","KAB. HALMAHERA SELATAN","GANE BARAT UTARA","MALUKU UTARA","HALMAHERA SELATAN","LAH","GANE BARAT UTARA","LAH010","MU"
"MALUKU UTARA","KAB. HALMAHERA SELATAN","KEPULAUAN JORONGA","MALUKU UTARA","HALMAHERA SELATAN","LAH","KEPULAUAN JORONGA","LAH021","MU"
"MALUKU UTARA","KAB. HALMAHERA SELATAN","GANE TIMUR SELATAN","MALUKU UTARA","HALMAHERA SELATAN","LAH","GANE TIMUR SELATAN","LAH012","MU"
"MALUKU UTARA","KAB. HALMAHERA SELATAN","GANE TIMUR TENGAH","MALUKU UTARA","HALMAHERA SELATAN","LAH","GANE TIMUR TENGAH","LAH013","MU"
"MALUKU UTARA","KAB. HALMAHERA SELATAN","OBI BARAT","MALUKU UTARA","HALMAHERA SELATAN","LAH","OBI BARAT","LAH027","MU"
"MALUKU UTARA","KAB. HALMAHERA SELATAN","OBI TIMUR","MALUKU UTARA","HALMAHERA SELATAN","LAH","OBI TIMUR","LAH029","MU"
"MALUKU UTARA","KAB. HALMAHERA SELATAN","OBI UTARA","MALUKU UTARA","HALMAHERA SELATAN","LAH","OBI UTARA","LAH030","MU"
"MALUKU UTARA","KAB. HALMAHERA TENGAH","WEDA","MALUKU UTARA","HALMAHERA TENGAH","ZSI","WEDA","ZSI004","MU"
"MALUKU UTARA","KAB. HALMAHERA TENGAH","PATANI","MALUKU UTARA","HALMAHERA TENGAH","ZSI","PATANI","ZSI001","MU"
"MALUKU UTARA","KAB. HALMAHERA TENGAH","PULAU GEBE","MALUKU UTARA","HALMAHERA TENGAH","ZSI","PULAU GEBE","ZSI003","MU"
"MALUKU UTARA","KAB. HALMAHERA TENGAH","WEDA UTARA","MALUKU UTARA","HALMAHERA TENGAH","ZSI","WEDA UTARA","ZSI006","MU"
"MALUKU UTARA","KAB. HALMAHERA TENGAH","WEDA SELATAN","MALUKU UTARA","HALMAHERA TENGAH","ZSI","WEDA SELATAN","ZSI005","MU"
"MALUKU UTARA","KAB. HALMAHERA TENGAH","PATANI UTARA","MALUKU UTARA","HALMAHERA TENGAH","ZSI","PATANI UTARA","ZSI002","MU"
"MALUKU UTARA","KAB. HALMAHERA TENGAH","WEDA TENGAH","MALUKU UTARA","HALMAHERA TENGAH","ZSI","WEDA TENGAH","ZSI008","MU"
"MALUKU UTARA","KAB. HALMAHERA TENGAH","PATANI BARAT","MALUKU UTARA","HALMAHERA TENGAH","ZSI","PATANI BARAT","ZSI007","MU"
"MALUKU UTARA","KAB. HALMAHERA TIMUR","MABA","MALUKU UTARA","HALMAHERA TIMUR","MAB","MABA","MAB002","MU"
"MALUKU UTARA","KAB. HALMAHERA TIMUR","KOTA MABA","MALUKU UTARA","HALMAHERA TIMUR","MAB","KOTA MABA","MAB001","MU"
"MALUKU UTARA","KAB. HALMAHERA TIMUR","WASILE","MALUKU UTARA","HALMAHERA TIMUR","MAB","WASILE","MAB006","MU"
"MALUKU UTARA","KAB. HALMAHERA TIMUR","MABA SELATAN","MALUKU UTARA","HALMAHERA TIMUR","MAB","MABA SELATAN","MAB003","MU"
"MALUKU UTARA","KAB. HALMAHERA TIMUR","WASILE SELATAN","MALUKU UTARA","HALMAHERA TIMUR","MAB","WASILE SELATAN","MAB007","MU"
"MALUKU UTARA","KAB. HALMAHERA TIMUR","WASILE TENGAH","MALUKU UTARA","HALMAHERA TIMUR","MAB","WASILE TENGAH","MAB008","MU"
"MALUKU UTARA","KAB. HALMAHERA TIMUR","WASILE UTARA","MALUKU UTARA","HALMAHERA TIMUR","MAB","WASILE UTARA","MAB010","MU"
"MALUKU UTARA","KAB. HALMAHERA TIMUR","WASILE TIMUR","MALUKU UTARA","HALMAHERA TIMUR","MAB","WASILE TIMUR","MAB009","MU"
"MALUKU UTARA","KAB. HALMAHERA TIMUR","MABA TENGAH","MALUKU UTARA","HALMAHERA TIMUR","MAB","MABA TENGAH","MAB004","MU"
"MALUKU UTARA","KAB. HALMAHERA TIMUR","MABA UTARA","MALUKU UTARA","HALMAHERA TIMUR","MAB","MABA UTARA","MAB005","MU"
"MALUKU UTARA","KAB. HALMAHERA UTARA","GALELA","MALUKU UTARA","HALMAHERA UTARA","TBO","GALELA","TBO001","MU"
"MALUKU UTARA","KAB. HALMAHERA UTARA","TOBELO","MALUKU UTARA","HALMAHERA UTARA","TBO","TOBELO","TBO012","MU"
"MALUKU UTARA","KAB. HALMAHERA UTARA","TOBELO SELATAN","MALUKU UTARA","HALMAHERA UTARA","TBO","TOBELO SELATAN","TBO014","MU"
"MALUKU UTARA","KAB. HALMAHERA UTARA","KAO","MALUKU UTARA","HALMAHERA UTARA","TBO","KAO","TBO005","MU"
"MALUKU UTARA","KAB. HALMAHERA UTARA","MALIFUT","MALUKU UTARA","HALMAHERA UTARA","TBO","MALIFUT","TBO011","MU"
"MALUKU UTARA","KAB. HALMAHERA UTARA","LOLODA UTARA","MALUKU UTARA","HALMAHERA UTARA","TBO","LOLODA UTARA","TBO010","MU"
"MALUKU UTARA","KAB. HALMAHERA UTARA","TOBELO UTARA","MALUKU UTARA","HALMAHERA UTARA","TBO","TOBELO UTARA","TBO017","MU"
"MALUKU UTARA","KAB. HALMAHERA UTARA","TOBELO TENGAH","MALUKU UTARA","HALMAHERA UTARA","TBO","TOBELO TENGAH","TBO015","MU"
"MALUKU UTARA","KAB. HALMAHERA UTARA","TOBELO TIMUR","MALUKU UTARA","HALMAHERA UTARA","TBO","TOBELO TIMUR","TBO016","MU"
"MALUKU UTARA","KAB. HALMAHERA UTARA","TOBELO BARAT","MALUKU UTARA","HALMAHERA UTARA","TBO","TOBELO BARAT","TBO013","MU"
"MALUKU UTARA","KAB. HALMAHERA UTARA","GALELA BARAT","MALUKU UTARA","HALMAHERA UTARA","TBO","GALELA BARAT","TBO002","MU"
"MALUKU UTARA","KAB. HALMAHERA UTARA","GALELA UTARA","MALUKU UTARA","HALMAHERA UTARA","TBO","GALELA UTARA","TBO004","MU"
"MALUKU UTARA","KAB. HALMAHERA UTARA","GALELA SELATAN","MALUKU UTARA","HALMAHERA UTARA","TBO","GALELA SELATAN","TBO003","MU"
"MALUKU UTARA","KAB. HALMAHERA UTARA","LOLODA KEPULAUAN","MALUKU UTARA","HALMAHERA UTARA","TBO","LOLODA KEPULAUAN","TBO009","MU"
"MALUKU UTARA","KAB. HALMAHERA UTARA","KAO UTARA","MALUKU UTARA","HALMAHERA UTARA","TBO","KAO UTARA","TBO008","MU"
"MALUKU UTARA","KAB. HALMAHERA UTARA","KAO BARAT","MALUKU UTARA","HALMAHERA UTARA","TBO","KAO BARAT","TBO006","MU"
"MALUKU UTARA","KAB. HALMAHERA UTARA","KAO TELUK","MALUKU UTARA","HALMAHERA UTARA","TBO","KAO TELUK","TBO007","MU"
"MALUKU UTARA","KAB. KEPULAUAN SULA","MANGOLI TIMUR","MALUKU UTARA","SANANA","SAN","MANGOLI TIMUR","SAN005","MU"
"MALUKU UTARA","KAB. KEPULAUAN SULA","SANANA","MALUKU UTARA","SANANA","SAN","SANANA","SAN008","MU"
"MALUKU UTARA","KAB. KEPULAUAN SULA","SULABESI BARAT","MALUKU UTARA","SANANA","SAN","SULABESI BARAT","SAN010","MU"
"MALUKU UTARA","KAB. KEPULAUAN SULA","MANGOLI BARAT","MALUKU UTARA","SANANA","SAN","MANGOLI BARAT","SAN002","MU"
"MALUKU UTARA","KAB. KEPULAUAN SULA","SULABESI TENGAH","MALUKU UTARA","SANANA","SAN","SULABESI TENGAH","SAN012","MU"
"MALUKU UTARA","KAB. KEPULAUAN SULA","SULABESI TIMUR","MALUKU UTARA","SANANA","SAN","SULABESI TIMUR","SAN013","MU"
"MALUKU UTARA","KAB. KEPULAUAN SULA","SULABESI SELATAN","MALUKU UTARA","SANANA","SAN","SULABESI SELATAN","SAN011","MU"
"MALUKU UTARA","KAB. KEPULAUAN SULA","MANGOLI UTARA TIMUR","MALUKU UTARA","SANANA","SAN","MANGOLI UTARA TIMUR","SAN007","MU"
"MALUKU UTARA","KAB. KEPULAUAN SULA","MANGOLI TENGAH","MALUKU UTARA","SANANA","SAN","MANGOLI TENGAH","SAN004","MU"
"MALUKU UTARA","KAB. KEPULAUAN SULA","MANGOLI SELATAN","MALUKU UTARA","SANANA","SAN","MANGOLI SELATAN","SAN003","MU"
"MALUKU UTARA","KAB. KEPULAUAN SULA","MANGOLI UTARA","MALUKU UTARA","SANANA","SAN","MANGOLI UTARA","SAN006","MU"
"MALUKU UTARA","KAB. KEPULAUAN SULA","SANANA UTARA","MALUKU UTARA","SANANA","SAN","SANANA UTARA","SAN009","MU"
"MALUKU UTARA","KAB. PULAU MOROTAI","MOROTAI SELATAN","MALUKU UTARA","PULAU MOROTAI","DAR","MOROTAI SELATAN","DAR002","MU"
"MALUKU UTARA","KAB. PULAU MOROTAI","MOROTAI SELATAN BARAT","MALUKU UTARA","PULAU MOROTAI","DAR","MOROTAI SELATAN BARAT","DAR003","MU"
"MALUKU UTARA","KAB. PULAU MOROTAI","MOROTAI JAYA","MALUKU UTARA","PULAU MOROTAI","DAR","MOROTAI JAYA","DAR001","MU"
"MALUKU UTARA","KAB. PULAU MOROTAI","MOROTAI UTARA","MALUKU UTARA","PULAU MOROTAI","DAR","MOROTAI UTARA","DAR005","MU"
"MALUKU UTARA","KAB. PULAU MOROTAI","MOROTAI TIMUR","MALUKU UTARA","PULAU MOROTAI","DAR","MOROTAI TIMUR","DAR004","MU"
"MALUKU UTARA","KAB. PULAU TALIABU","TALIABU BARAT","MALUKU UTARA","KEPULAUAN TALIABU","BOB","TALIABU BARAT","BOB009","MU"
"MALUKU UTARA","KAB. PULAU TALIABU","TALIABU BARAT LAUT","MALUKU UTARA","KEPULAUAN TALIABU","BOB","TALIABU BARAT LAUT","BOB010","MU"
"MALUKU UTARA","KAB. PULAU TALIABU","LEDE","MALUKU UTARA","KEPULAUAN TALIABU","BOB","LEDE","BOB008","MU"
"MALUKU UTARA","KAB. PULAU TALIABU","TALIABU UTARA","MALUKU UTARA","KEPULAUAN TALIABU","BOB","TALIABU UTARA","BOB014","MU"
"MALUKU UTARA","KAB. PULAU TALIABU","TALIABU TIMUR","MALUKU UTARA","KEPULAUAN TALIABU","BOB","TALIABU TIMUR","BOB012","MU"
"MALUKU UTARA","KAB. PULAU TALIABU","TALIABU TIMUR SELATAN","MALUKU UTARA","KEPULAUAN TALIABU","BOB","TALIABU TIMUR SELATAN","BOB013","MU"
"MALUKU UTARA","KAB. PULAU TALIABU","TALIABU SELATAN","MALUKU UTARA","KEPULAUAN TALIABU","BOB","TALIABU SELATAN","BOB011","MU"
"MALUKU UTARA","KAB. PULAU TALIABU","TABONA","MALUKU UTARA","KEPULAUAN TALIABU","BOB","TABONA","BOB007","MU"
"MALUKU UTARA","KOTA TERNATE","PULAU TERNATE","MALUKU UTARA","TERNATE","TTE","PULAU TERNATE","TTE007","MU"
"MALUKU UTARA","KOTA TERNATE","KOTA TERNATE SELATAN","MALUKU UTARA","TERNATE","TTE","TERNATE SELATAN","TTE006","MU"
"MALUKU UTARA","KOTA TERNATE","KOTA TERNATE UTARA","MALUKU UTARA","TERNATE","TTE","TERNATE UTARA","TTE005","MU"
"MALUKU UTARA","KOTA TERNATE","MOTI","MALUKU UTARA","TERNATE","TTE","MOTI","TTE001","MU"
"MALUKU UTARA","KOTA TERNATE","PULAU BATANG DUA","MALUKU UTARA","TERNATE","TTE","PULAU BATANG DUA","TTE002","MU"
"MALUKU UTARA","KOTA TERNATE","KOTA TERNATE TENGAH","MALUKU UTARA","TERNATE","TTE","TERNATE TENGAH","TTE003","MU"
"MALUKU UTARA","KOTA TERNATE","PULAU HIRI","MALUKU UTARA","TERNATE","TTE","PULAU HIRI","TTE004","MU"
"MALUKU UTARA","KOTA TIDORE KEPULAUAN","TIDORE","MALUKU UTARA","TIDORE","TID","TIDORE","TID005","MU"
"MALUKU UTARA","KOTA TIDORE KEPULAUAN","OBA UTARA","MALUKU UTARA","TIDORE","TID","OBA UTARA","TID004","MU"
"MALUKU UTARA","KOTA TIDORE KEPULAUAN","OBA","MALUKU UTARA","TIDORE","TID","OBA","TID001","MU"
"MALUKU UTARA","KOTA TIDORE KEPULAUAN","TIDORE SELATAN","MALUKU UTARA","TIDORE","TID","TIDORE SELATAN","TID006","MU"
"MALUKU UTARA","KOTA TIDORE KEPULAUAN","TIDORE UTARA","MALUKU UTARA","TIDORE","TID","TIDORE UTARA","TID008","MU"
"MALUKU UTARA","KOTA TIDORE KEPULAUAN","OBA TENGAH","MALUKU UTARA","TIDORE","TID","OBA TENGAH","TID003","MU"
"MALUKU UTARA","KOTA TIDORE KEPULAUAN","OBA SELATAN","MALUKU UTARA","TIDORE","TID","OBA SELATAN","TID002","MU"
"MALUKU UTARA","KOTA TIDORE KEPULAUAN","TIDORE TIMUR","MALUKU UTARA","TIDORE","TID","TIDORE TIMUR","TID007","MU"
"NUSA TENGGARA BARAT","KAB. BIMA","MONTA","NUSA TENGGARA BARAT","KAB.BIMA","WHO","MONPA","WHO014","NB"
"NUSA TENGGARA BARAT","KAB. BIMA","BOLO","NUSA TENGGARA BARAT","KAB.BIMA","WHO","BOLO","WHO008","NB"
"NUSA TENGGARA BARAT","KAB. BIMA","WOHA","NUSA TENGGARA BARAT","KAB.BIMA","WHO","WOHA","WHO023","NB"
"NUSA TENGGARA BARAT","KAB. BIMA","BELO","NUSA TENGGARA BARAT","KAB.BIMA","WHO","BELO","WHO007","NB"
"NUSA TENGGARA BARAT","KAB. BIMA","WAWO","NUSA TENGGARA BARAT","KAB.BIMA","WHO","WAWO-WHO","WHO021","NB"
"NUSA TENGGARA BARAT","KAB. BIMA","SAPE","NUSA TENGGARA BARAT","KAB.BIMA","WHO","SAPE","WHO018","NB"
"NUSA TENGGARA BARAT","KAB. BIMA","WERA","NUSA TENGGARA BARAT","KAB.BIMA","WHO","WERA","WHO022","NB"
"NUSA TENGGARA BARAT","KAB. BIMA","DONGGO","NUSA TENGGARA BARAT","KAB.BIMA","WHO","DONGGO","WHO009","NB"
"NUSA TENGGARA BARAT","KAB. BIMA","SANGGAR","NUSA TENGGARA BARAT","KAB.BIMA","WHO","SANGGAR","WHO017","NB"
"NUSA TENGGARA BARAT","KAB. BIMA","AMBALAWI","NUSA TENGGARA BARAT","KAB.BIMA","WHO","AMBALAWI","WHO006","NB"
"NUSA TENGGARA BARAT","KAB. BIMA","LANGGUDU","NUSA TENGGARA BARAT","KAB.BIMA","WHO","LANGGUDU","WHO012","NB"
"NUSA TENGGARA BARAT","KAB. BIMA","LAMBU","NUSA TENGGARA BARAT","KAB.BIMA","WHO","LAMBU","WHO011","NB"
"NUSA TENGGARA BARAT","KAB. BIMA","MADAPANGGA","NUSA TENGGARA BARAT","KAB.BIMA","WHO","MADAPANGGA","WHO013","NB"
"NUSA TENGGARA BARAT","KAB. BIMA","TAMBORA","NUSA TENGGARA BARAT","KAB.BIMA","WHO","TAMBORA-WHO","WHO020","NB"
"NUSA TENGGARA BARAT","KAB. BIMA","SOROMANDI","NUSA TENGGARA BARAT","KAB.BIMA","WHO","SOROMANDI","WHO019","NB"
"NUSA TENGGARA BARAT","KAB. BIMA","PARADO","NUSA TENGGARA BARAT","KAB.BIMA","WHO","PARADO","WHO016","NB"
"NUSA TENGGARA BARAT","KAB. BIMA","LAMBITU","NUSA TENGGARA BARAT","KAB.BIMA","WHO","LAMBITU","WHO010","NB"
"NUSA TENGGARA BARAT","KAB. BIMA","PALIBELO","NUSA TENGGARA BARAT","KAB.BIMA","WHO","PALIBELO","WHO015","NB"
"NUSA TENGGARA BARAT","KAB. DOMPU","DOMPU","NUSA TENGGARA BARAT","DOMPU","DPU","DOMPU","DPU008","NB"
"NUSA TENGGARA BARAT","KAB. DOMPU","KEMPO","NUSA TENGGARA BARAT","DOMPU","DPU","KEMPO","DPU001","NB"
"NUSA TENGGARA BARAT","KAB. DOMPU","HU'U","NUSA TENGGARA BARAT","DOMPU","DPU","HU U","DPU006","NB"
"NUSA TENGGARA BARAT","KAB. DOMPU","KILO","NUSA TENGGARA BARAT","DOMPU","DPU","KILO","DPU005","NB"
"NUSA TENGGARA BARAT","KAB. DOMPU","WOJA","NUSA TENGGARA BARAT","DOMPU","DPU","WOJA","DPU002","NB"
"NUSA TENGGARA BARAT","KAB. DOMPU","PEKAT","NUSA TENGGARA BARAT","DOMPU","DPU","PEKAT","DPU007","NB"
"NUSA TENGGARA BARAT","KAB. DOMPU","MANGGALEWA","NUSA TENGGARA BARAT","DOMPU","DPU","MANGGALEWA","DPU004","NB"
"NUSA TENGGARA BARAT","KAB. DOMPU","PAJO","NUSA TENGGARA BARAT","DOMPU","DPU","PAJO","DPU003","NB"
"NUSA TENGGARA BARAT","KAB. LOMBOK BARAT","GERUNG","NUSA TENGGARA BARAT","LOMBOK BARAT","GER","GERUNG","GER002","NB"
"NUSA TENGGARA BARAT","KAB. LOMBOK BARAT","KEDIRI","NUSA TENGGARA BARAT","LOMBOK BARAT","GER","KEDIRI-GER","GER004","NB"
"NUSA TENGGARA BARAT","KAB. LOMBOK BARAT","NARMADA","NUSA TENGGARA BARAT","LOMBOK BARAT","GER","NARMADA-GER","GER008","NB"
"NUSA TENGGARA BARAT","KAB. LOMBOK BARAT","SEKOTONG","NUSA TENGGARA BARAT","LOMBOK BARAT","GER","SEKOTONG","GER009","NB"
"NUSA TENGGARA BARAT","KAB. LOMBOK BARAT","LABUAPI","NUSA TENGGARA BARAT","LOMBOK BARAT","GER","LABUAPI-GER","GER005","NB"
"NUSA TENGGARA BARAT","KAB. LOMBOK BARAT","GUNUNGSARI","NUSA TENGGARA BARAT","LOMBOK BARAT","GER","GUNUNGSARI-GER","GER003","NB"
"NUSA TENGGARA BARAT","KAB. LOMBOK BARAT","LINGSAR","NUSA TENGGARA BARAT","LOMBOK BARAT","GER","LINGSAR","GER007","NB"
"NUSA TENGGARA BARAT","KAB. LOMBOK BARAT","LEMBAR","NUSA TENGGARA BARAT","LOMBOK BARAT","GER","LEMBAR","GER006","NB"
"NUSA TENGGARA BARAT","KAB. LOMBOK BARAT","BATU LAYAR","NUSA TENGGARA BARAT","LOMBOK BARAT","GER","BATU LAYAR","GER001","NB"
"NUSA TENGGARA BARAT","KAB. LOMBOK BARAT","KURIPAN","NUSA TENGGARA BARAT","LOMBOK BARAT","GER","KURIPAN-GER","GER010","NB"
"NUSA TENGGARA BARAT","KAB. LOMBOK TENGAH","PRAYA","NUSA TENGGARA BARAT","LOMBOK","PYW","PRAYA","PYW001","NB"
"NUSA TENGGARA BARAT","KAB. LOMBOK TENGAH","JONGGAT","NUSA TENGGARA BARAT","LOMBOK","PYW","JONGGAT","PYW004","NB"
"NUSA TENGGARA BARAT","KAB. LOMBOK TENGAH","BATUKLIANG","NUSA TENGGARA BARAT","LOMBOK","PYW","BATU KLIANG","PYW002","NB"
"NUSA TENGGARA BARAT","KAB. LOMBOK TENGAH","PUJUT","NUSA TENGGARA BARAT","LOMBOK","PYW","PUJUT","PYW007","NB"
"NUSA TENGGARA BARAT","KAB. LOMBOK TENGAH","PRAYA BARAT","NUSA TENGGARA BARAT","LOMBOK","PYW","PRAYA BARAT","PYW010","NB"
"NUSA TENGGARA BARAT","KAB. LOMBOK TENGAH","PRAYA TIMUR","NUSA TENGGARA BARAT","LOMBOK","PYW","PRAYA TIMUR","PYW012","NB"
"NUSA TENGGARA BARAT","KAB. LOMBOK TENGAH","JANAPRIA","NUSA TENGGARA BARAT","LOMBOK","PYW","JANAPRIA","PYW003","NB"
"NUSA TENGGARA BARAT","KAB. LOMBOK TENGAH","PRINGGARATA","NUSA TENGGARA BARAT","LOMBOK","PYW","PRINGGARATA","PYW006","NB"
"NUSA TENGGARA BARAT","KAB. LOMBOK TENGAH","KOPANG","NUSA TENGGARA BARAT","LOMBOK","PYW","KOPANG","PYW005","NB"
"NUSA TENGGARA BARAT","KAB. LOMBOK TENGAH","PRAYA TENGAH","NUSA TENGGARA BARAT","LOMBOK","PYW","PRAYA TENGAH","PYW011","NB"
"NUSA TENGGARA BARAT","KAB. LOMBOK TENGAH","PRAYA BARAT DAYA","NUSA TENGGARA BARAT","LOMBOK","PYW","PRAYA BARAT DAYA","PYW009","NB"
"NUSA TENGGARA BARAT","KAB. LOMBOK TENGAH","BATUKLIANG UTARA","NUSA TENGGARA BARAT","LOMBOK","PYW","BATU KLIANG UTARA","PYW008","NB"
"NUSA TENGGARA BARAT","KAB. LOMBOK TIMUR","KERUAK","NUSA TENGGARA BARAT","SELONG","SLO","KERUAK","SLO007","NB"
"NUSA TENGGARA BARAT","KAB. LOMBOK TIMUR","SAKRA","NUSA TENGGARA BARAT","SELONG","SLO","SAKRA","SLO001","NB"
"NUSA TENGGARA BARAT","KAB. LOMBOK TIMUR","TERARA","NUSA TENGGARA BARAT","SELONG","SLO","TERARA","SLO015","NB"
"NUSA TENGGARA BARAT","KAB. LOMBOK TIMUR","SIKUR","NUSA TENGGARA BARAT","SELONG","SLO","SIKUR","SLO004","NB"
"NUSA TENGGARA BARAT","KAB. LOMBOK TIMUR","MASBAGIK","NUSA TENGGARA BARAT","SELONG","SLO","MASBAGIK","SLO002","NB"
"NUSA TENGGARA BARAT","KAB. LOMBOK TIMUR","SUKAMULIA","NUSA TENGGARA BARAT","SELONG","SLO","SUKAMULIA","SLO013","NB"
"NUSA TENGGARA BARAT","KAB. LOMBOK TIMUR","SELONG","NUSA TENGGARA BARAT","SELONG","SLO","SELONG","SLO003","NB"
"NUSA TENGGARA BARAT","KAB. LOMBOK TIMUR","PRINGGABAYA","NUSA TENGGARA BARAT","SELONG","SLO","PRINGGABAYA","SLO016","NB"
"NUSA TENGGARA BARAT","KAB. LOMBOK TIMUR","AIKMEL","NUSA TENGGARA BARAT","SELONG","SLO","AIKMEL","SLO005","NB"
"NUSA TENGGARA BARAT","KAB. LOMBOK TIMUR","SAMBELIA","NUSA TENGGARA BARAT","SELONG","SLO","SAMBELIA","SLO017","NB"
"NUSA TENGGARA BARAT","KAB. LOMBOK TIMUR","MONTONG GADING","NUSA TENGGARA BARAT","SELONG","SLO","MONTONG GADING","SLO009","NB"
"NUSA TENGGARA BARAT","KAB. LOMBOK TIMUR","PRINGGASELA","NUSA TENGGARA BARAT","SELONG","SLO","PRINGGASELA","SLO010","NB"
"NUSA TENGGARA BARAT","KAB. LOMBOK TIMUR","SURALAGA","NUSA TENGGARA BARAT","SELONG","SLO","SURALAGA","SLO014","NB"
"NUSA TENGGARA BARAT","KAB. LOMBOK TIMUR","WANASABA","NUSA TENGGARA BARAT","SELONG","SLO","WANASABA","SLO018","NB"
"NUSA TENGGARA BARAT","KAB. LOMBOK TIMUR","SEMBALUN","NUSA TENGGARA BARAT","SELONG","SLO","SEMBALUN","SLO020","NB"
"NUSA TENGGARA BARAT","KAB. LOMBOK TIMUR","SUWELA","NUSA TENGGARA BARAT","SELONG","SLO","SUELA","SLO019","NB"
"NUSA TENGGARA BARAT","KAB. LOMBOK TIMUR","LABUHAN HAJI","NUSA TENGGARA BARAT","SELONG","SLO","LABUHAN HAJI-SLO","SLO008","NB"
"NUSA TENGGARA BARAT","KAB. LOMBOK TIMUR","SAKRA TIMUR","NUSA TENGGARA BARAT","SELONG","SLO","SAKRA TIMUR","SLO012","NB"
"NUSA TENGGARA BARAT","KAB. LOMBOK TIMUR","SAKRA BARAT","NUSA TENGGARA BARAT","SELONG","SLO","SAKRA BARAT","SLO011","NB"
"NUSA TENGGARA BARAT","KAB. LOMBOK TIMUR","JEROWARU","NUSA TENGGARA BARAT","SELONG","SLO","JEROWARU","SLO006","NB"
"NUSA TENGGARA BARAT","KAB. LOMBOK UTARA","TANJUNG","NUSA TENGGARA BARAT","LOMBOK UTARA","TAN","TANJUNG","TAN005","NB"
"NUSA TENGGARA BARAT","KAB. LOMBOK UTARA","GANGGA","NUSA TENGGARA BARAT","LOMBOK UTARA","TAN","GANGGA","TAN001","NB"
"NUSA TENGGARA BARAT","KAB. LOMBOK UTARA","KAYANGAN","NUSA TENGGARA BARAT","LOMBOK UTARA","TAN","KAYANGAN","TAN002","NB"
"NUSA TENGGARA BARAT","KAB. LOMBOK UTARA","BAYAN","NUSA TENGGARA BARAT","LOMBOK UTARA","TAN","BAYAN-TAN","TAN004","NB"
"NUSA TENGGARA BARAT","KAB. LOMBOK UTARA","PEMENANG","NUSA TENGGARA BARAT","LOMBOK UTARA","TAN","PEMENANG","TAN003","NB"
"NUSA TENGGARA BARAT","KAB. SUMBAWA","LUNYUK","NUSA TENGGARA BARAT","SUMBAWA BESAR","SWW","LUNYUK","SWW018","NB"
"NUSA TENGGARA BARAT","KAB. SUMBAWA","ALAS","NUSA TENGGARA BARAT","SUMBAWA BESAR","SWW","ALAS","SWW011","NB"
"NUSA TENGGARA BARAT","KAB. SUMBAWA","UTAN","NUSA TENGGARA BARAT","SUMBAWA BESAR","SWW","UTAN","SWW010","NB"
"NUSA TENGGARA BARAT","KAB. SUMBAWA","BATU LANTEH","NUSA TENGGARA BARAT","SUMBAWA BESAR","SWW","BATU LANTEH","SWW013","NB"
"NUSA TENGGARA BARAT","KAB. SUMBAWA","SUMBAWA","NUSA TENGGARA BARAT","SUMBAWA BESAR","SWW","SUMBAWA","SWW002","NB"
"NUSA TENGGARA BARAT","KAB. SUMBAWA","MOYO HILIR","NUSA TENGGARA BARAT","SUMBAWA BESAR","SWW","MOYO HILIR","SWW001","NB"
"NUSA TENGGARA BARAT","KAB. SUMBAWA","MOYO HULU","NUSA TENGGARA BARAT","SUMBAWA BESAR","SWW","MOYO HULU","SWW020","NB"
"NUSA TENGGARA BARAT","KAB. SUMBAWA","ROPANG","NUSA TENGGARA BARAT","SUMBAWA BESAR","SWW","ROPANG","SWW008","NB"
"NUSA TENGGARA BARAT","KAB. SUMBAWA","LAPE","NUSA TENGGARA BARAT","SUMBAWA BESAR","SWW","LAPE","SWW003","NB"
"NUSA TENGGARA BARAT","KAB. SUMBAWA","PLAMPANG","NUSA TENGGARA BARAT","SUMBAWA BESAR","SWW","PLAMPANG","SWW023","NB"
"NUSA TENGGARA BARAT","KAB. SUMBAWA","EMPANG","NUSA TENGGARA BARAT","SUMBAWA BESAR","SWW","EMPANG","SWW007","NB"
"NUSA TENGGARA BARAT","KAB. SUMBAWA","ALAS BARAT","NUSA TENGGARA BARAT","SUMBAWA BESAR","SWW","ALAS BARAT","SWW012","NB"
"NUSA TENGGARA BARAT","KAB. SUMBAWA","LABUHAN BADAS","NUSA TENGGARA BARAT","SUMBAWA BESAR","SWW","LABUHAN BADAS","SWW004","NB"
"NUSA TENGGARA BARAT","KAB. SUMBAWA","LABANGKA","NUSA TENGGARA BARAT","SUMBAWA BESAR","SWW","LABANGKA","SWW015","NB"
"NUSA TENGGARA BARAT","KAB. SUMBAWA","BUER","NUSA TENGGARA BARAT","SUMBAWA BESAR","SWW","BUER","SWW014","NB"
"NUSA TENGGARA BARAT","KAB. SUMBAWA","RHEE","NUSA TENGGARA BARAT","SUMBAWA BESAR","SWW","RHEE","SWW024","NB"
"NUSA TENGGARA BARAT","KAB. SUMBAWA","UNTER IWES","NUSA TENGGARA BARAT","SUMBAWA BESAR","SWW","UNTER IWES","SWW005","NB"
"NUSA TENGGARA BARAT","KAB. SUMBAWA","MOYO UTARA","NUSA TENGGARA BARAT","SUMBAWA BESAR","SWW","MOYO UTARA","SWW021","NB"
"NUSA TENGGARA BARAT","KAB. SUMBAWA","MARONGE","NUSA TENGGARA BARAT","SUMBAWA BESAR","SWW","MARONGE","SWW019","NB"
"NUSA TENGGARA BARAT","KAB. SUMBAWA","TARANO","NUSA TENGGARA BARAT","SUMBAWA BESAR","SWW","TARANO","SWW009","NB"
"NUSA TENGGARA BARAT","KAB. SUMBAWA","LOPOK","NUSA TENGGARA BARAT","SUMBAWA BESAR","SWW","LOPOK","SWW006","NB"
"NUSA TENGGARA BARAT","KAB. SUMBAWA","LENANGGUAR","NUSA TENGGARA BARAT","SUMBAWA BESAR","SWW","LENANGGUAR","SWW017","NB"
"NUSA TENGGARA BARAT","KAB. SUMBAWA","ORONG TELU","NUSA TENGGARA BARAT","SUMBAWA BESAR","SWW","ORONG TELU","SWW022","NB"
"NUSA TENGGARA BARAT","KAB. SUMBAWA","LANTUNG","NUSA TENGGARA BARAT","SUMBAWA BESAR","SWW","LANTUNG","SWW016","NB"
"NUSA TENGGARA BARAT","KAB. SUMBAWA BARAT","JEREWEH","NUSA TENGGARA BARAT","SUMBAWA BARAT","TAW","JEREWEWH","TAW002","NB"
"NUSA TENGGARA BARAT","KAB. SUMBAWA BARAT","TALIWANG","NUSA TENGGARA BARAT","SUMBAWA BARAT","TAW","TALIWANG","TAW001","NB"
"NUSA TENGGARA BARAT","KAB. SUMBAWA BARAT","SETELUK","NUSA TENGGARA BARAT","SUMBAWA BARAT","TAW","SETELUK","TAW003","NB"
"NUSA TENGGARA BARAT","KAB. SUMBAWA BARAT","SEKONGKANG","NUSA TENGGARA BARAT","SUMBAWA BARAT","TAW","SEKONGKANG","TAW005","NB"
"NUSA TENGGARA BARAT","KAB. SUMBAWA BARAT","BRANG REA","NUSA TENGGARA BARAT","SUMBAWA BARAT","TAW","BRANG REA","TAW006","NB"
"NUSA TENGGARA BARAT","KAB. SUMBAWA BARAT","POTO TANO","NUSA TENGGARA BARAT","SUMBAWA BARAT","TAW","POTO TANO","TAW007","NB"
"NUSA TENGGARA BARAT","KAB. SUMBAWA BARAT","BRANG ENE","NUSA TENGGARA BARAT","SUMBAWA BARAT","TAW","BRANG ENE","TAW008","NB"
"NUSA TENGGARA BARAT","KAB. SUMBAWA BARAT","MALUK","NUSA TENGGARA BARAT","SUMBAWA BARAT","TAW","MALUK","TAW004","NB"
"NUSA TENGGARA BARAT","KOTA BIMA","RASANAE BARAT","NUSA TENGGARA BARAT","BIMA","BMU","RASANAE BARAT-BMU","BMU001","NB"
"NUSA TENGGARA BARAT","KOTA BIMA","RASANAE TIMUR","NUSA TENGGARA BARAT","BIMA","BMU","RASANAE TIMUR-BMU","BMU002","NB"
"NUSA TENGGARA BARAT","KOTA BIMA","ASAKOTA","NUSA TENGGARA BARAT","BIMA","BMU","ASAKOTA-BMU","BMU003","NB"
"NUSA TENGGARA BARAT","KOTA BIMA","RABA","NUSA TENGGARA BARAT","BIMA","BMU","RABA-BMU","BMU004","NB"
"NUSA TENGGARA BARAT","KOTA BIMA","MPUNDA","NUSA TENGGARA BARAT","BIMA","BMU","MPUNDA-BMU","BMU005","NB"
"NUSA TENGGARA BARAT","KOTA MATARAM","AMPENAN","NUSA TENGGARA BARAT","MATARAM","AMI","AMPENAN","AMI008","NB"
"NUSA TENGGARA BARAT","KOTA MATARAM","MATARAM","NUSA TENGGARA BARAT","MATARAM","AMI","MATARAM","AMI005","NB"
"NUSA TENGGARA BARAT","KOTA MATARAM","CAKRANEGARA","NUSA TENGGARA BARAT","MATARAM","AMI","CAKRANEGARA","AMI004","NB"
"NUSA TENGGARA BARAT","KOTA MATARAM","SEKARBELA","NUSA TENGGARA BARAT","MATARAM","AMI","SEKARBELA","AMI009","NB"
"NUSA TENGGARA BARAT","KOTA MATARAM","SELAPRANG","NUSA TENGGARA BARAT","MATARAM","AMI","SELAPARANG-AMI","AMI007","NB"
"NUSA TENGGARA BARAT","KOTA MATARAM","SANDUBAYA","NUSA TENGGARA BARAT","MATARAM","AMI","SANDUBAYA","AMI006","NB"
"NUSA TENGGARA TIMUR","KAB TIMOR TENGAH SELATAN","KOTA SOE","NUSA TENGGARA TIMUR","SOE","SOE","KOTA SOE","SOE002","NT"
"NUSA TENGGARA TIMUR","KAB TIMOR TENGAH SELATAN","MOLLO SELATAN","NUSA TENGGARA TIMUR","SOE","SOE","MOLLO SELATAN","SOE021","NT"
"NUSA TENGGARA TIMUR","KAB TIMOR TENGAH SELATAN","MOLLO UTARA","NUSA TENGGARA TIMUR","SOE","SOE","MOLLO UTARA","SOE023","NT"
"NUSA TENGGARA TIMUR","KAB TIMOR TENGAH SELATAN","AMANUBAN TIMUR","NUSA TENGGARA TIMUR","SOE","SOE","AMANUBAN TIMUR","SOE007","NT"
"NUSA TENGGARA TIMUR","KAB TIMOR TENGAH SELATAN","AMANUBAN TENGAH","NUSA TENGGARA TIMUR","SOE","SOE","AMANUBAN TENGAH","SOE001","NT"
"NUSA TENGGARA TIMUR","KAB TIMOR TENGAH SELATAN","AMANUBAN SELATAN","NUSA TENGGARA TIMUR","SOE","SOE","AMANUBAN SELATAN","SOE006","NT"
"NUSA TENGGARA TIMUR","KAB TIMOR TENGAH SELATAN","AMANUBAN BARAT","NUSA TENGGARA TIMUR","SOE","SOE","AMANUBAN BARAT","SOE005","NT"
"NUSA TENGGARA TIMUR","KAB TIMOR TENGAH SELATAN","AMANATUN SELATAN","NUSA TENGGARA TIMUR","SOE","SOE","AMANATUN SELATAN","SOE003","NT"
"NUSA TENGGARA TIMUR","KAB TIMOR TENGAH SELATAN","AMANATUN UTARA","NUSA TENGGARA TIMUR","SOE","SOE","AMANATUN UTARA","SOE004","NT"
"NUSA TENGGARA TIMUR","KAB TIMOR TENGAH SELATAN","KI'E","NUSA TENGGARA TIMUR","SOE","SOE","KIE","SOE013","NT"
"NUSA TENGGARA TIMUR","KAB TIMOR TENGAH SELATAN","KUANFATU","NUSA TENGGARA TIMUR","SOE","SOE","KUANFATU","SOE018","NT"
"NUSA TENGGARA TIMUR","KAB TIMOR TENGAH SELATAN","FATUMNASI","NUSA TENGGARA TIMUR","SOE","SOE","FATUMNASI","SOE011","NT"
"NUSA TENGGARA TIMUR","KAB TIMOR TENGAH SELATAN","POLEN","NUSA TENGGARA TIMUR","SOE","SOE","POLEN","SOE029","NT"
"NUSA TENGGARA TIMUR","KAB TIMOR TENGAH SELATAN","BATU PUTIH","NUSA TENGGARA TIMUR","SOE","SOE","BATU PUTIH-SOE","SOE008","NT"
"NUSA TENGGARA TIMUR","KAB TIMOR TENGAH SELATAN","BOKING","NUSA TENGGARA TIMUR","SOE","SOE","BOKING","SOE009","NT"
"NUSA TENGGARA TIMUR","KAB TIMOR TENGAH SELATAN","TOIANAS","NUSA TENGGARA TIMUR","SOE","SOE","TOIANAS","SOE032","NT"
"NUSA TENGGARA TIMUR","KAB TIMOR TENGAH SELATAN","NUNKOLO","NUSA TENGGARA TIMUR","SOE","SOE","NUNKOLO","SOE027","NT"
"NUSA TENGGARA TIMUR","KAB TIMOR TENGAH SELATAN","OENINO","NUSA TENGGARA TIMUR","SOE","SOE","OENINO","SOE028","NT"
"NUSA TENGGARA TIMUR","KAB TIMOR TENGAH SELATAN","KOLBANO","NUSA TENGGARA TIMUR","SOE","SOE","KOLBANO","SOE015","NT"
"NUSA TENGGARA TIMUR","KAB TIMOR TENGAH SELATAN","KOT OLIN","NUSA TENGGARA TIMUR","SOE","SOE","KOT OLIN","SOE016","NT"
"NUSA TENGGARA TIMUR","KAB TIMOR TENGAH SELATAN","KUALIN","NUSA TENGGARA TIMUR","SOE","SOE","KUALIN","SOE017","NT"
"NUSA TENGGARA TIMUR","KAB TIMOR TENGAH SELATAN","MOLLO BARAT","NUSA TENGGARA TIMUR","SOE","SOE","MOLLO BARAT","SOE020","NT"
"NUSA TENGGARA TIMUR","KAB TIMOR TENGAH SELATAN","KOK BAUN","NUSA TENGGARA TIMUR","SOE","SOE","KOK BAUN","SOE014","NT"
"NUSA TENGGARA TIMUR","KAB TIMOR TENGAH SELATAN","NOEBANA","NUSA TENGGARA TIMUR","SOE","SOE","NOEBANA","SOE024","NT"
"NUSA TENGGARA TIMUR","KAB TIMOR TENGAH SELATAN","SANTIAN","NUSA TENGGARA TIMUR","SOE","SOE","SANTIAN","SOE030","NT"
"NUSA TENGGARA TIMUR","KAB TIMOR TENGAH SELATAN","NOEBEBA","NUSA TENGGARA TIMUR","SOE","SOE","NOEBABA","SOE025","NT"
"NUSA TENGGARA TIMUR","KAB TIMOR TENGAH SELATAN","KUATNANA","NUSA TENGGARA TIMUR","SOE","SOE","KUATNANA","SOE019","NT"
"NUSA TENGGARA TIMUR","KAB TIMOR TENGAH SELATAN","FAUTMOLO","NUSA TENGGARA TIMUR","SOE","SOE","FAUTMOLO","SOE012","NT"
"NUSA TENGGARA TIMUR","KAB TIMOR TENGAH SELATAN","FATUKOPA","NUSA TENGGARA TIMUR","SOE","SOE","FATUKOPA","SOE010","NT"
"NUSA TENGGARA TIMUR","KAB TIMOR TENGAH SELATAN","MOLLO TENGAH","NUSA TENGGARA TIMUR","SOE","SOE","MOLLO TENGAH","SOE022","NT"
"NUSA TENGGARA TIMUR","KAB TIMOR TENGAH SELATAN","TOBU","NUSA TENGGARA TIMUR","SOE","SOE","TOBU","SOE031","NT"
"NUSA TENGGARA TIMUR","KAB TIMOR TENGAH SELATAN","NUNBENA","NUSA TENGGARA TIMUR","SOE","SOE","NUNBENA","SOE026","NT"
"NUSA TENGGARA TIMUR","KAB. ALOR","TELUK MUTIARA","NUSA TENGGARA TIMUR","KALABAHI","KBH","TELUK MUTIARA","KBH017","NT"
"NUSA TENGGARA TIMUR","KAB. ALOR","ALOR BARAT LAUT","NUSA TENGGARA TIMUR","KALABAHI","KBH","ALOR BARAT LAUT","KBH003","NT"
"NUSA TENGGARA TIMUR","KAB. ALOR","ALOR BARAT DAYA","NUSA TENGGARA TIMUR","KALABAHI","KBH","ALOR BARAT DAYA","KBH002","NT"
"NUSA TENGGARA TIMUR","KAB. ALOR","ALOR SELATAN","NUSA TENGGARA TIMUR","KALABAHI","KBH","ALOR SELATAN","KBH004","NT"
"NUSA TENGGARA TIMUR","KAB. ALOR","ALOR TIMUR","NUSA TENGGARA TIMUR","KALABAHI","KBH","ALOR TIMUR","KBH006","NT"
"NUSA TENGGARA TIMUR","KAB. ALOR","PANTAR","NUSA TENGGARA TIMUR","KALABAHI","KBH","PANTAR","KBH001","NT"
"NUSA TENGGARA TIMUR","KAB. ALOR","ALOR TENGAH UTARA","NUSA TENGGARA TIMUR","KALABAHI","KBH","ALOR TENGAH UTARA","KBH005","NT"
"NUSA TENGGARA TIMUR","KAB. ALOR","ALOR TIMUR LAUT","NUSA TENGGARA TIMUR","KALABAHI","KBH","ALOR TIMUR LAUT","KBH007","NT"
"NUSA TENGGARA TIMUR","KAB. ALOR","PANTAR BARAT","NUSA TENGGARA TIMUR","KALABAHI","KBH","PANTAR BARAT","KBH011","NT"
"NUSA TENGGARA TIMUR","KAB. ALOR","KABOLA","NUSA TENGGARA TIMUR","KALABAHI","KBH","KABOLA","KBH008","NT"
"NUSA TENGGARA TIMUR","KAB. ALOR","PULAU PURA","NUSA TENGGARA TIMUR","KALABAHI","KBH","PULAU PURA","KBH015","NT"
"NUSA TENGGARA TIMUR","KAB. ALOR","MATARU","NUSA TENGGARA TIMUR","KALABAHI","KBH","MATARU","KBH010","NT"
"NUSA TENGGARA TIMUR","KAB. ALOR","PUREMAN","NUSA TENGGARA TIMUR","KALABAHI","KBH","PUREMAN","KBH016","NT"
"NUSA TENGGARA TIMUR","KAB. ALOR","PANTAR TIMUR","NUSA TENGGARA TIMUR","KALABAHI","KBH","PANTAR TIMUR","KBH014","NT"
"NUSA TENGGARA TIMUR","KAB. ALOR","LEMBUR","NUSA TENGGARA TIMUR","KALABAHI","KBH","LEMBUR","KBH009","NT"
"NUSA TENGGARA TIMUR","KAB. ALOR","PANTAR TENGAH","NUSA TENGGARA TIMUR","KALABAHI","KBH","PANTAR TENGAH","KBH013","NT"
"NUSA TENGGARA TIMUR","KAB. ALOR","PANTAR BARU LAUT","NUSA TENGGARA TIMUR","KALABAHI","KBH","PANTAR BARAT LAUT","KBH012","NT"
"NUSA TENGGARA TIMUR","KAB. BELU","LAMAKNEN","NUSA TENGGARA TIMUR","BELU","ABU","LAMAKNEN","ABU010","NT"
"NUSA TENGGARA TIMUR","KAB. BELU","TASIFETOTIMUR","NUSA TENGGARA TIMUR","BELU","ABU","TASIFETO TIMUR","ABU022","NT"
"NUSA TENGGARA TIMUR","KAB. BELU","RAIHAT","NUSA TENGGARA TIMUR","BELU","ABU","RAIHAT","ABU017","NT"
"NUSA TENGGARA TIMUR","KAB. BELU","TASIFETO BARAT","NUSA TENGGARA TIMUR","BELU","ABU","TASIFETO BARAT","ABU021","NT"
"NUSA TENGGARA TIMUR","KAB. BELU","KAKULUK MESAK","NUSA TENGGARA TIMUR","BELU","ABU","KAKULUK MASA","ABU006","NT"
"NUSA TENGGARA TIMUR","KAB. BELU","KOTA ATAMBUA","NUSA TENGGARA TIMUR","BELU","ABU","ATAMBUA KOTA","ABU002","NT"
"NUSA TENGGARA TIMUR","KAB. BELU","RAIMANUK","NUSA TENGGARA TIMUR","BELU","ABU","RAIMANUK","ABU018","NT"
"NUSA TENGGARA TIMUR","KAB. BELU","LASIOLAT","NUSA TENGGARA TIMUR","BELU","ABU","LASIOLAT","ABU012","NT"
"NUSA TENGGARA TIMUR","KAB. BELU","LAMAKNEN SELATAN","NUSA TENGGARA TIMUR","BELU","ABU","LAMAKNEN SELATAN","ABU011","NT"
"NUSA TENGGARA TIMUR","KAB. BELU","ATAMBUA BARAT","NUSA TENGGARA TIMUR","BELU","ABU","ATAMBUA BARAT","ABU001","NT"
"NUSA TENGGARA TIMUR","KAB. BELU","ATAMBUA SELATAN","NUSA TENGGARA TIMUR","BELU","ABU","ATAMBUA SELATAN","ABU003","NT"
"NUSA TENGGARA TIMUR","KAB. BELU","NANAET DUABESI","NUSA TENGGARA TIMUR","BELU","ABU","NANAET DUA BESI","ABU016","NT"
"NUSA TENGGARA TIMUR","KAB. ENDE","NANGAPANDA","NUSA TENGGARA TIMUR","ENDE","ENE","NANGAPANDA","ENE012","NT"
"NUSA TENGGARA TIMUR","KAB. ENDE","PULAU ENDE","NUSA TENGGARA TIMUR","ENDE","ENE","PULAU ENDE","ENE016","NT"
"NUSA TENGGARA TIMUR","KAB. ENDE","ENDE","NUSA TENGGARA TIMUR","ENDE","ENE","ENDE","ENE021","NT"
"NUSA TENGGARA TIMUR","KAB. ENDE","ENDE SELATAN","NUSA TENGGARA TIMUR","ENDE","ENE","ENDE SELATAN","ENE003","NT"
"NUSA TENGGARA TIMUR","KAB. ENDE","NDONA","NUSA TENGGARA TIMUR","ENDE","ENE","NDONA","ENE013","NT"
"NUSA TENGGARA TIMUR","KAB. ENDE","DETUSOKO","NUSA TENGGARA TIMUR","ENDE","ENE","DETUSOKO","ENE002","NT"
"NUSA TENGGARA TIMUR","KAB. ENDE","WEWARIA","NUSA TENGGARA TIMUR","ENDE","ENE","WEWARIA","ENE017","NT"
"NUSA TENGGARA TIMUR","KAB. ENDE","WOLOWARU","NUSA TENGGARA TIMUR","ENDE","ENE","WOLOWARU","ENE019","NT"
"NUSA TENGGARA TIMUR","KAB. ENDE","WOLOJITA","NUSA TENGGARA TIMUR","ENDE","ENE","WOLOJITA","ENE018","NT"
"NUSA TENGGARA TIMUR","KAB. ENDE","MAUROLE","NUSA TENGGARA TIMUR","ENDE","ENE","MAUROLE","ENE011","NT"
"NUSA TENGGARA TIMUR","KAB. ENDE","MAUKARO","NUSA TENGGARA TIMUR","ENDE","ENE","MAUKARO","ENE010","NT"
"NUSA TENGGARA TIMUR","KAB. ENDE","LIO TIMUR","NUSA TENGGARA TIMUR","ENDE","ENE","LIO TIMUR","ENE009","NT"
"NUSA TENGGARA TIMUR","KAB. ENDE","KOTA BARU","NUSA TENGGARA TIMUR","ENDE","ENE","KOTABARU","ENE008","NT"
"NUSA TENGGARA TIMUR","KAB. ENDE","KELIMUTU","NUSA TENGGARA TIMUR","ENDE","ENE","KELIMUTU","ENE007","NT"
"NUSA TENGGARA TIMUR","KAB. ENDE","DETUKELI","NUSA TENGGARA TIMUR","ENDE","ENE","DETUELI","ENE001","NT"
"NUSA TENGGARA TIMUR","KAB. ENDE","NDONA TIMUR","NUSA TENGGARA TIMUR","ENDE","ENE","NDONA TIMUR","ENE014","NT"
"NUSA TENGGARA TIMUR","KAB. ENDE","NDORI","NUSA TENGGARA TIMUR","ENDE","ENE","NDORI","ENE015","NT"
"NUSA TENGGARA TIMUR","KAB. ENDE","ENDE UTARA","NUSA TENGGARA TIMUR","ENDE","ENE","ENDE UTARA","ENE006","NT"
"NUSA TENGGARA TIMUR","KAB. ENDE","ENDE TENGAH","NUSA TENGGARA TIMUR","ENDE","ENE","ENDE TENGAH","ENE004","NT"
"NUSA TENGGARA TIMUR","KAB. ENDE","ENDE TIMUR","NUSA TENGGARA TIMUR","ENDE","ENE","ENDE TIMUR","ENE005","NT"
"NUSA TENGGARA TIMUR","KAB. ENDE","LEPEMBUSU KELISOKE","NUSA TENGGARA TIMUR","ENDE","ENE","LEPEMBUSU KELISOKE","ENE020","NT"
"NUSA TENGGARA TIMUR","KAB. FLORES TIMUR","WULANGGITANG","NUSA TENGGARA TIMUR","LARANTUKA","LKA","WULANGGITANG","LKA018","NT"
"NUSA TENGGARA TIMUR","KAB. FLORES TIMUR","TITEHENA","NUSA TENGGARA TIMUR","LARANTUKA","LKA","TITEHENA","LKA015","NT"
"NUSA TENGGARA TIMUR","KAB. FLORES TIMUR","LARANTUKA","NUSA TENGGARA TIMUR","LARANTUKA","LKA","LARANTUKA","LKA001","NT"
"NUSA TENGGARA TIMUR","KAB. FLORES TIMUR","ILE MANDIRI","NUSA TENGGARA TIMUR","LARANTUKA","LKA","ILE MANDIRI","LKA009","NT"
"NUSA TENGGARA TIMUR","KAB. FLORES TIMUR","TANJUNG BUNGA","NUSA TENGGARA TIMUR","LARANTUKA","LKA","TANJUNG BUNGA","LKA014","NT"
"NUSA TENGGARA TIMUR","KAB. FLORES TIMUR","SOLOR BARAT","NUSA TENGGARA TIMUR","LARANTUKA","LKA","SOLOR BARAT","LKA012","NT"
"NUSA TENGGARA TIMUR","KAB. FLORES TIMUR","SOLOR TIMUR","NUSA TENGGARA TIMUR","LARANTUKA","LKA","SOLOR TIMUR","LKA013","NT"
"NUSA TENGGARA TIMUR","KAB. FLORES TIMUR","ADONARA BARAT","NUSA TENGGARA TIMUR","LARANTUKA","LKA","ADONARA BARAT","LKA003","NT"
"NUSA TENGGARA TIMUR","KAB. FLORES TIMUR","WOTAN ULUMANDO","NUSA TENGGARA TIMUR","LARANTUKA","LKA","WOTAN ULUMADO","LKA017","NT"
"NUSA TENGGARA TIMUR","KAB. FLORES TIMUR","ADONARA TIMUR","NUSA TENGGARA TIMUR","LARANTUKA","LKA","ADONARA TIMUR","LKA005","NT"
"NUSA TENGGARA TIMUR","KAB. FLORES TIMUR","KELUBAGOLIT","NUSA TENGGARA TIMUR","LARANTUKA","LKA","KELUBAGOLIT","LKA010","NT"
"NUSA TENGGARA TIMUR","KAB. FLORES TIMUR","WITIHAMA","NUSA TENGGARA TIMUR","LARANTUKA","LKA","WITIHAMA","LKA016","NT"
"NUSA TENGGARA TIMUR","KAB. FLORES TIMUR","ILE BOLENG","NUSA TENGGARA TIMUR","LARANTUKA","LKA","ILE BOLENG","LKA007","NT"
"NUSA TENGGARA TIMUR","KAB. FLORES TIMUR","DEMON PAGONG","NUSA TENGGARA TIMUR","LARANTUKA","LKA","DEMON PAGONG","LKA006","NT"
"NUSA TENGGARA TIMUR","KAB. FLORES TIMUR","LEWOLEMA","NUSA TENGGARA TIMUR","LARANTUKA","LKA","LEWOLEMA","LKA011","NT"
"NUSA TENGGARA TIMUR","KAB. FLORES TIMUR","ILE BURA","NUSA TENGGARA TIMUR","LARANTUKA","LKA","ILE BURA","LKA008","NT"
"NUSA TENGGARA TIMUR","KAB. FLORES TIMUR","ADONARA","NUSA TENGGARA TIMUR","LARANTUKA","LKA","ADONARA","LKA002","NT"
"NUSA TENGGARA TIMUR","KAB. FLORES TIMUR","ADONARA TENGAH","NUSA TENGGARA TIMUR","LARANTUKA","LKA","ADONARA TENGAH","LKA004","NT"
"NUSA TENGGARA TIMUR","KAB. FLORES TIMUR","SOLOR SELATAN","NUSA TENGGARA TIMUR","LARANTUKA","LKA","SOLOR SELATAN","LKA019","NT"
"NUSA TENGGARA TIMUR","KAB. KUPANG","SEMAU","NUSA TENGGARA TIMUR","KUPANG","KOE","SEMAU","KOE019","NT"
"NUSA TENGGARA TIMUR","KAB. KUPANG","KUPANG BARAT","NUSA TENGGARA TIMUR","KUPANG","KOE","KUPANG BARAT","KOE016","NT"
"NUSA TENGGARA TIMUR","KAB. KUPANG","KUPANG TIMUR","NUSA TENGGARA TIMUR","KUPANG","KOE","KUPANG TIMUR","KOE017","NT"
"NUSA TENGGARA TIMUR","KAB. KUPANG","SULAMU","NUSA TENGGARA TIMUR","KUPANG","KOE","SULAMU-KOE","KOE021","NT"
"NUSA TENGGARA TIMUR","KAB. KUPANG","KUPANG TENGAH","NUSA TENGGARA TIMUR","KUPANG","KOE","KUPANG TENGAH","KOE029","NT"
"NUSA TENGGARA TIMUR","KAB. KUPANG","AMARASI","NUSA TENGGARA TIMUR","KUPANG","KOE","AMARASI-KOE","KOE004","NT"
"NUSA TENGGARA TIMUR","KAB. KUPANG","FATULEU","NUSA TENGGARA TIMUR","KUPANG","KOE","FATULEU-KOE","KOE013","NT"
"NUSA TENGGARA TIMUR","KAB. KUPANG","TAKARI","NUSA TENGGARA TIMUR","KUPANG","KOE","TAKARI-KOE","KOE023","NT"
"NUSA TENGGARA TIMUR","KAB. KUPANG","AMFOANG SELATAN","NUSA TENGGARA TIMUR","KUPANG","KOE","AMFOANG SELATAN","KOE010","NT"
"NUSA TENGGARA TIMUR","KAB. KUPANG","AMFOANG UTARA","NUSA TENGGARA TIMUR","KUPANG","KOE","AMFOANG UTARA","KOE012","NT"
"NUSA TENGGARA TIMUR","KAB. KUPANG","NEKAMESE","NUSA TENGGARA TIMUR","KUPANG","KOE","NEKEMESE-KOE","KOE018","NT"
"NUSA TENGGARA TIMUR","KAB. KUPANG","AMARASI BARAT","NUSA TENGGARA TIMUR","KUPANG","KOE","AMARASI BARAT","KOE005","NT"
"NUSA TENGGARA TIMUR","KAB. KUPANG","AMARASI SELATAN","NUSA TENGGARA TIMUR","KUPANG","KOE","AMARASI SELATAN","KOE006","NT"
"NUSA TENGGARA TIMUR","KAB. KUPANG","AMARASI TIMUR","NUSA TENGGARA TIMUR","KUPANG","KOE","AMARASI TIMUR","KOE007","NT"
"NUSA TENGGARA TIMUR","KAB. KUPANG","AMABI OEFETO TIMUR","NUSA TENGGARA TIMUR","KUPANG","KOE","AMABI OEFETO TIMUR","KOE003","NT"
"NUSA TENGGARA TIMUR","KAB. KUPANG","AMFOANG BARAT DAYA","NUSA TENGGARA TIMUR","KUPANG","KOE","AMFOANG BARAT DAYA","KOE008","NT"
"NUSA TENGGARA TIMUR","KAB. KUPANG","AMFOANG BARAT LAUT","NUSA TENGGARA TIMUR","KUPANG","KOE","AMFOANG BARAT LAUT","KOE009","NT"
"NUSA TENGGARA TIMUR","KAB. KUPANG","SEMAU SELATAN","NUSA TENGGARA TIMUR","KUPANG","KOE","SEMAU SELATAN","KOE020","NT"
"NUSA TENGGARA TIMUR","KAB. KUPANG","TAEBENU","NUSA TENGGARA TIMUR","KUPANG","KOE","TAEBENU-KOE","KOE022","NT"
"NUSA TENGGARA TIMUR","KAB. KUPANG","AMABI OEFETO","NUSA TENGGARA TIMUR","KUPANG","KOE","AMABI OEFETO-KOE","KOE002","NT"
"NUSA TENGGARA TIMUR","KAB. KUPANG","AMFOANG TIMUR","NUSA TENGGARA TIMUR","KUPANG","KOE","AMFOANG TIMUR","KOE011","NT"
"NUSA TENGGARA TIMUR","KAB. KUPANG","FATULEU BARAT","NUSA TENGGARA TIMUR","KUPANG","KOE","FATULEU BARAT","KOE014","NT"
"NUSA TENGGARA TIMUR","KAB. KUPANG","FATULEU TENGAH","NUSA TENGGARA TIMUR","KUPANG","KOE","FATULEU TENGAH","KOE015","NT"
"NUSA TENGGARA TIMUR","KAB. KUPANG","AMFOANG TENGAH","NUSA TENGGARA TIMUR","KUPANG","KOE","AMFOANG TENGAH","KOE027","NT"
"NUSA TENGGARA TIMUR","KAB. LEMBATA","NAGA WUTUNG","NUSA TENGGARA TIMUR","LEWOLEBA","LEW","NAGAWUTUNG","LEW006","NT"
"NUSA TENGGARA TIMUR","KAB. LEMBATA","ATADEI","NUSA TENGGARA TIMUR","LEWOLEBA","LEW","ATADEI","LEW001","NT"
"NUSA TENGGARA TIMUR","KAB. LEMBATA","ILE APE","NUSA TENGGARA TIMUR","LEWOLEBA","LEW","ILE APE","LEW003","NT"
"NUSA TENGGARA TIMUR","KAB. LEMBATA","LEBATUKAN","NUSA TENGGARA TIMUR","LEWOLEBA","LEW","LEBATUKAN","LEW005","NT"
"NUSA TENGGARA TIMUR","KAB. LEMBATA","NUBATUKAN","NUSA TENGGARA TIMUR","LEWOLEBA","LEW","NUBATUKAN","LEW007","NT"
"NUSA TENGGARA TIMUR","KAB. LEMBATA","OMESURI","NUSA TENGGARA TIMUR","LEWOLEBA","LEW","OMESURI","LEW008","NT"
"NUSA TENGGARA TIMUR","KAB. LEMBATA","BUYASURI","NUSA TENGGARA TIMUR","LEWOLEBA","LEW","BUYASURI","LEW002","NT"
"NUSA TENGGARA TIMUR","KAB. LEMBATA","WULANDONI","NUSA TENGGARA TIMUR","LEWOLEBA","LEW","WULANDONI","LEW009","NT"
"NUSA TENGGARA TIMUR","KAB. LEMBATA","ILE APE TIMUR","NUSA TENGGARA TIMUR","LEWOLEBA","LEW","ILE APE TIMUR","LEW004","NT"
"NUSA TENGGARA TIMUR","KAB. MALAKA","MALAKA TENGAH","NUSA TENGGARA TIMUR","MALAKA","BET","MALAKA TENGAH-BET","BET007","NT"
"NUSA TENGGARA TIMUR","KAB. MALAKA","MALAKA BARAT","NUSA TENGGARA TIMUR","MALAKA","BET","MALAKA BARAT-BET","BET006","NT"
"NUSA TENGGARA TIMUR","KAB. MALAKA","WEWIKU","NUSA TENGGARA TIMUR","MALAKA","BET","WEWIKU-BET","BET012","NT"
"NUSA TENGGARA TIMUR","KAB. MALAKA","WELIMAN","NUSA TENGGARA TIMUR","MALAKA","BET","WELIMAN-BET","BET011","NT"
"NUSA TENGGARA TIMUR","KAB. MALAKA","RINHAT","NUSA TENGGARA TIMUR","MALAKA","BET","RINHAT-BET","BET009","NT"
"NUSA TENGGARA TIMUR","KAB. MALAKA","IO KUFEU","NUSA TENGGARA TIMUR","MALAKA","BET","LO KUFEU-BET","BET002","NT"
"NUSA TENGGARA TIMUR","KAB. MALAKA","SASITAMEAN","NUSA TENGGARA TIMUR","MALAKA","BET","SASITA MEAN","BET010","NT"
"NUSA TENGGARA TIMUR","KAB. MALAKA","LAENMANEN","NUSA TENGGARA TIMUR","MALAKA","BET","LAEN MANEN-BET","BET005","NT"
"NUSA TENGGARA TIMUR","KAB. MALAKA","MALAKA TIMUR","NUSA TENGGARA TIMUR","MALAKA","BET","MALAKA TIMUR-BET","BET008","NT"
"NUSA TENGGARA TIMUR","KAB. MALAKA","KOBALIMA TIMUR","NUSA TENGGARA TIMUR","MALAKA","BET","KOBALIMA TIMUR-BET","BET004","NT"
"NUSA TENGGARA TIMUR","KAB. MALAKA","KOBALIMA","NUSA TENGGARA TIMUR","MALAKA","BET","KOBALIMA-BET","BET003","NT"
"NUSA TENGGARA TIMUR","KAB. MALAKA","BOTIN LEOBELE","NUSA TENGGARA TIMUR","MALAKA","BET","BOTIN LEOBELE","BET001","NT"
"NUSA TENGGARA TIMUR","KAB. MANGGARAI","WAE RII","NUSA TENGGARA TIMUR","RUTENG","RTG","WAE RII","RTG009","NT"
"NUSA TENGGARA TIMUR","KAB. MANGGARAI","RUTENG","NUSA TENGGARA TIMUR","RUTENG","RTG","RUTENG","RTG006","NT"
"NUSA TENGGARA TIMUR","KAB. MANGGARAI","SATAR MESE","NUSA TENGGARA TIMUR","RUTENG","RTG","SATAR MESE","RTG007","NT"
"NUSA TENGGARA TIMUR","KAB. MANGGARAI","CIBAL","NUSA TENGGARA TIMUR","RUTENG","RTG","CIBAL","RTG002","NT"
"NUSA TENGGARA TIMUR","KAB. MANGGARAI","REOK","NUSA TENGGARA TIMUR","RUTENG","RTG","REOK","RTG010","NT"
"NUSA TENGGARA TIMUR","KAB. MANGGARAI","LANGKE REMBONG","NUSA TENGGARA TIMUR","RUTENG","RTG","LANGKE REMBONG","RTG003","NT"
"NUSA TENGGARA TIMUR","KAB. MANGGARAI","SATAR MESE BARAT","NUSA TENGGARA TIMUR","RUTENG","RTG","SATAR MESE BARAT","RTG008","NT"
"NUSA TENGGARA TIMUR","KAB. MANGGARAI","RAHONG UTARA","NUSA TENGGARA TIMUR","RUTENG","RTG","RAHONG UTARA","RTG005","NT"
"NUSA TENGGARA TIMUR","KAB. MANGGARAI","LELAK","NUSA TENGGARA TIMUR","RUTENG","RTG","LELAK","RTG004","NT"
"NUSA TENGGARA TIMUR","KAB. MANGGARAI","REOK BARAT","NUSA TENGGARA TIMUR","RUTENG","RTG","REOK BARAT","RTG012","NT"
"NUSA TENGGARA TIMUR","KAB. MANGGARAI","CIBAL BARAT","NUSA TENGGARA TIMUR","RUTENG","RTG","CIBAL BARAT","RTG011","NT"
"NUSA TENGGARA TIMUR","KAB. MANGGARAI BARAT","MACANG PACAR","NUSA TENGGARA TIMUR","LABUAN BAJO","LAB","MACANG PACAR","LAB013","NT"
"NUSA TENGGARA TIMUR","KAB. MANGGARAI BARAT","KUWUS","NUSA TENGGARA TIMUR","LABUAN BAJO","LAB","KUWUS","LAB008","NT"
"NUSA TENGGARA TIMUR","KAB. MANGGARAI BARAT","LEMBOR","NUSA TENGGARA TIMUR","LABUAN BAJO","LAB","LEMBOR","LAB009","NT"
"NUSA TENGGARA TIMUR","KAB. MANGGARAI BARAT","SANO NGGOANG","NUSA TENGGARA TIMUR","LABUAN BAJO","LAB","SANO NGGOANG","LAB005","NT"
"NUSA TENGGARA TIMUR","KAB. MANGGARAI BARAT","KOMODO","NUSA TENGGARA TIMUR","LABUAN BAJO","LAB","KOMODO","LAB001","NT"
"NUSA TENGGARA TIMUR","KAB. MANGGARAI BARAT","BOLENG","NUSA TENGGARA TIMUR","LABUAN BAJO","LAB","BOLENG","LAB007","NT"
"NUSA TENGGARA TIMUR","KAB. MANGGARAI BARAT","WELAK","NUSA TENGGARA TIMUR","LABUAN BAJO","LAB","WELAK","LAB011","NT"
"NUSA TENGGARA TIMUR","KAB. MANGGARAI BARAT","NDOSO","NUSA TENGGARA TIMUR","LABUAN BAJO","LAB","NDOSO","LAB012","NT"
"NUSA TENGGARA TIMUR","KAB. MANGGARAI BARAT","LEMBOR SELATAN","NUSA TENGGARA TIMUR","LABUAN BAJO","LAB","LEMBOR SELATAN","LAB010","NT"
"NUSA TENGGARA TIMUR","KAB. MANGGARAI BARAT","MBELILING","NUSA TENGGARA TIMUR","LABUAN BAJO","LAB","MBELILING","LAB006","NT"
"NUSA TENGGARA TIMUR","KAB. MANGGARAI TIMUR","BORONG","NUSA TENGGARA TIMUR","BORONG","BOR","BORONG","BOR010","NT"
"NUSA TENGGARA TIMUR","KAB. MANGGARAI TIMUR","POCO RANAKA","NUSA TENGGARA TIMUR","BORONG","BOR","POCO RANAKA","BOR005","NT"
"NUSA TENGGARA TIMUR","KAB. MANGGARAI TIMUR","LAMBA LEDA","NUSA TENGGARA TIMUR","BORONG","BOR","LAMBA LEDA","BOR004","NT"
"NUSA TENGGARA TIMUR","KAB. MANGGARAI TIMUR","SAMBI RAMPAS","NUSA TENGGARA TIMUR","BORONG","BOR","SAMBI RAMPAS","BOR006","NT"
"NUSA TENGGARA TIMUR","KAB. MANGGARAI TIMUR","ELAR","NUSA TENGGARA TIMUR","BORONG","BOR","ELAR","BOR002","NT"
"NUSA TENGGARA TIMUR","KAB. MANGGARAI TIMUR","KOTA KOMBA","NUSA TENGGARA TIMUR","BORONG","BOR","KOTA KOMBA","BOR003","NT"
"NUSA TENGGARA TIMUR","KAB. MANGGARAI TIMUR","RANA MESE","NUSA TENGGARA TIMUR","BORONG","BOR","RANA MESE","BOR008","NT"
"NUSA TENGGARA TIMUR","KAB. MANGGARAI TIMUR","POCO RANAKA TIMUR","NUSA TENGGARA TIMUR","BORONG","BOR","POCO RANAKA TIMUR","BOR009","NT"
"NUSA TENGGARA TIMUR","KAB. MANGGARAI TIMUR","ELAR SELATAN","NUSA TENGGARA TIMUR","BORONG","BOR","ELAR SELATAN","BOR007","NT"
"NUSA TENGGARA TIMUR","KAB. NAGEKEO","AESESA","NUSA TENGGARA TIMUR","MBAY","MBY","AESESA","MBY001","NT"
"NUSA TENGGARA TIMUR","KAB. NAGEKEO","NANGARORO","NUSA TENGGARA TIMUR","MBAY","MBY","NANGARORO","MBY006","NT"
"NUSA TENGGARA TIMUR","KAB. NAGEKEO","BOAWAE","NUSA TENGGARA TIMUR","MBAY","MBY","BOAWAE","MBY003","NT"
"NUSA TENGGARA TIMUR","KAB. NAGEKEO","MAUPONGGO","NUSA TENGGARA TIMUR","MBAY","MBY","MAUPONGGO","MBY005","NT"
"NUSA TENGGARA TIMUR","KAB. NAGEKEO","WOLOWAE","NUSA TENGGARA TIMUR","MBAY","MBY","WOLOWAE","MBY007","NT"
"NUSA TENGGARA TIMUR","KAB. NAGEKEO","KEO TENGAH","NUSA TENGGARA TIMUR","MBAY","MBY","KEO TENGAH","MBY004","NT"
"NUSA TENGGARA TIMUR","KAB. NAGEKEO","AESESA SELATAN","NUSA TENGGARA TIMUR","MBAY","MBY","AESESA SELATAN","MBY002","NT"
"NUSA TENGGARA TIMUR","KAB. NGADA","RIUNG BARAT","NUSA TENGGARA TIMUR","BAJAWA","BJW","RIUNG BARAT WOLOMEZE","BJW006","NT"
"NUSA TENGGARA TIMUR","KAB. NGADA","AIMERE","NUSA TENGGARA TIMUR","BAJAWA","BJW","AIMERE","BJW001","NT"
"NUSA TENGGARA TIMUR","KAB. NGADA","GOLEWA","NUSA TENGGARA TIMUR","BAJAWA","BJW","GOLEWA","BJW003","NT"
"NUSA TENGGARA TIMUR","KAB. NGADA","BAJAWA","NUSA TENGGARA TIMUR","BAJAWA","BJW","BAJAWA","BJW012","NT"
"NUSA TENGGARA TIMUR","KAB. NGADA","SOA","NUSA TENGGARA TIMUR","BAJAWA","BJW","SOA","BJW008","NT"
"NUSA TENGGARA TIMUR","KAB. NGADA","RIUNG","NUSA TENGGARA TIMUR","BAJAWA","BJW","RIUNG","BJW005","NT"
"NUSA TENGGARA TIMUR","KAB. NGADA","JEREBUU","NUSA TENGGARA TIMUR","BAJAWA","BJW","JERUBU","BJW004","NT"
"NUSA TENGGARA TIMUR","KAB. NGADA","BAJAWA UTARA","NUSA TENGGARA TIMUR","BAJAWA","BJW","BAJAWA UTARA","BJW002","NT"
"NUSA TENGGARA TIMUR","KAB. NGADA","GOLEWA SELATAN","NUSA TENGGARA TIMUR","BAJAWA","BJW","GOLEWA SELATAN","BJW010","NT"
"NUSA TENGGARA TIMUR","KAB. NGADA","GOLEWA BARAT","NUSA TENGGARA TIMUR","BAJAWA","BJW","GOLEWA BARAT","BJW009","NT"
"NUSA TENGGARA TIMUR","KAB. NGADA","INERIE","NUSA TENGGARA TIMUR","BAJAWA","BJW","INERIE","BJW011","NT"
"NUSA TENGGARA TIMUR","KAB. ROTE NDAO","ROTE BARAT DAYA","NUSA TENGGARA TIMUR","BAA","BAA","ROTE BARAT DAYA","BAA004","NT"
"NUSA TENGGARA TIMUR","KAB. ROTE NDAO","ROTE BARAT LAUT","NUSA TENGGARA TIMUR","BAA","BAA","ROTE BARAT LAUT","BAA005","NT"
"NUSA TENGGARA TIMUR","KAB. ROTE NDAO","LOBALAIN","NUSA TENGGARA TIMUR","BAA","BAA","LOBALAIN","BAA001","NT"
"NUSA TENGGARA TIMUR","KAB. ROTE NDAO","ROTE TENGAH","NUSA TENGGARA TIMUR","BAA","BAA","ROTE TENGAH","BAA007","NT"
"NUSA TENGGARA TIMUR","KAB. ROTE NDAO","PANTAI BARU","NUSA TENGGARA TIMUR","BAA","BAA","PANTAI BARU","BAA002","NT"
"NUSA TENGGARA TIMUR","KAB. ROTE NDAO","ROTE TIMUR","NUSA TENGGARA TIMUR","BAA","BAA","ROTE TIMUR","BAA008","NT"
"NUSA TENGGARA TIMUR","KAB. ROTE NDAO","ROTE BARAT","NUSA TENGGARA TIMUR","BAA","BAA","ROTE BARAT","BAA003","NT"
"NUSA TENGGARA TIMUR","KAB. ROTE NDAO","ROTE SELATAN","NUSA TENGGARA TIMUR","BAA","BAA","ROTE SELATAN","BAA006","NT"
"NUSA TENGGARA TIMUR","KAB. ROTE NDAO","NDAO NUSE","NUSA TENGGARA TIMUR","BAA","BAA","NDAO NUSE","BAA010","NT"
"NUSA TENGGARA TIMUR","KAB. ROTE NDAO","LANDU LEKO","NUSA TENGGARA TIMUR","BAA","BAA","LANDU LEKO","BAA009","NT"
"NUSA TENGGARA TIMUR","KAB. SABU RAIJUA","SABU BARAT","NUSA TENGGARA TIMUR","SABU RAIJUA","SBA","SABU BARAT","SBA003","NT"
"NUSA TENGGARA TIMUR","KAB. SABU RAIJUA","SABU TENGAH","NUSA TENGGARA TIMUR","SABU RAIJUA","SBA","SABU TENGAH","SBA005","NT"
"NUSA TENGGARA TIMUR","KAB. SABU RAIJUA","SABU TIMUR","NUSA TENGGARA TIMUR","SABU RAIJUA","SBA","SABU TIMUR","SBA006","NT"
"NUSA TENGGARA TIMUR","KAB. SABU RAIJUA","SABU LIAE","NUSA TENGGARA TIMUR","SABU RAIJUA","SBA","SABU LIAE","SBA004","NT"
"NUSA TENGGARA TIMUR","KAB. SABU RAIJUA","HAWU MEHARA","NUSA TENGGARA TIMUR","SABU RAIJUA","SBA","HAWU MEHARA","SBA001","NT"
"NUSA TENGGARA TIMUR","KAB. SABU RAIJUA","RAIJUA","NUSA TENGGARA TIMUR","SABU RAIJUA","SBA","RAIJUA","SBA002","NT"
"NUSA TENGGARA TIMUR","KAB. SIKKA","PAGA","NUSA TENGGARA TIMUR","MAUMERE","MOF","PAGA","MOF016","NT"
"NUSA TENGGARA TIMUR","KAB. SIKKA","MEGO","NUSA TENGGARA TIMUR","MAUMERE","MOF","MEGO","MOF013","NT"
"NUSA TENGGARA TIMUR","KAB. SIKKA","LELA","NUSA TENGGARA TIMUR","MAUMERE","MOF","LELA","MOF010","NT"
"NUSA TENGGARA TIMUR","KAB. SIKKA","NITA","NUSA TENGGARA TIMUR","MAUMERE","MOF","NITA","MOF015","NT"
"NUSA TENGGARA TIMUR","KAB. SIKKA","ALOK","NUSA TENGGARA TIMUR","MAUMERE","MOF","ALOK","MOF001","NT"
"NUSA TENGGARA TIMUR","KAB. SIKKA","PALUE","NUSA TENGGARA TIMUR","MAUMERE","MOF","PALUE","MOF017","NT"
"NUSA TENGGARA TIMUR","KAB. SIKKA","NELLE","NUSA TENGGARA TIMUR","MAUMERE","MOF","NELLE","MOF014","NT"
"NUSA TENGGARA TIMUR","KAB. SIKKA","TALIBURA","NUSA TENGGARA TIMUR","MAUMERE","MOF","TALIBURA","MOF018","NT"
"NUSA TENGGARA TIMUR","KAB. SIKKA","WAIGETE","NUSA TENGGARA TIMUR","MAUMERE","MOF","WAIGETE","MOF021","NT"
"NUSA TENGGARA TIMUR","KAB. SIKKA","KEWAPANTE","NUSA TENGGARA TIMUR","MAUMERE","MOF","KEWAPANTE","MOF008","NT"
"NUSA TENGGARA TIMUR","KAB. SIKKA","BOLA","NUSA TENGGARA TIMUR","MAUMERE","MOF","BOLA-MOF","MOF004","NT"
"NUSA TENGGARA TIMUR","KAB. SIKKA","MAGEPANDA","NUSA TENGGARA TIMUR","MAUMERE","MOF","MAGEPANDA","MOF011","NT"
"NUSA TENGGARA TIMUR","KAB. SIKKA","WAIBLAMA","NUSA TENGGARA TIMUR","MAUMERE","MOF","WAIBLAMA","MOF020","NT"
"NUSA TENGGARA TIMUR","KAB. SIKKA","ALOK BARAT","NUSA TENGGARA TIMUR","MAUMERE","MOF","ALOK BARAT","MOF002","NT"
"NUSA TENGGARA TIMUR","KAB. SIKKA","ALOK TIMUR","NUSA TENGGARA TIMUR","MAUMERE","MOF","ALOK TIMUR","MOF003","NT"
"NUSA TENGGARA TIMUR","KAB. SIKKA","KOTING","NUSA TENGGARA TIMUR","MAUMERE","MOF","KOTING","MOF009","NT"
"NUSA TENGGARA TIMUR","KAB. SIKKA","TANA WAWO","NUSA TENGGARA TIMUR","MAUMERE","MOF","TANA WAWO","MOF019","NT"
"NUSA TENGGARA TIMUR","KAB. SIKKA","HEWOKLOANG","NUSA TENGGARA TIMUR","MAUMERE","MOF","HEWOKLOANG","MOF006","NT"
"NUSA TENGGARA TIMUR","KAB. SIKKA","KANGAE","NUSA TENGGARA TIMUR","MAUMERE","MOF","KANGAE","MOF007","NT"
"NUSA TENGGARA TIMUR","KAB. SIKKA","DORENG","NUSA TENGGARA TIMUR","MAUMERE","MOF","DORENG","MOF005","NT"
"NUSA TENGGARA TIMUR","KAB. SIKKA","MAPITARA","NUSA TENGGARA TIMUR","MAUMERE","MOF","MAPITARA","MOF012","NT"
"NUSA TENGGARA TIMUR","KAB. SUMBA BARAT","TANA RIGHU","NUSA TENGGARA TIMUR","WAIKABUBAK","WBK","TANA RIGHU","WBK005","NT"
"NUSA TENGGARA TIMUR","KAB. SUMBA BARAT","LOLI","NUSA TENGGARA TIMUR","WAIKABUBAK","WBK","LOLI","WBK004","NT"
"NUSA TENGGARA TIMUR","KAB. SUMBA BARAT","WANOKAKA","NUSA TENGGARA TIMUR","WAIKABUBAK","WBK","WANOKAKA","WBK006","NT"
"NUSA TENGGARA TIMUR","KAB. SUMBA BARAT","LAMBOYA","NUSA TENGGARA TIMUR","WAIKABUBAK","WBK","LAMBOYA","WBK002","NT"
"NUSA TENGGARA TIMUR","KAB. SUMBA BARAT","KOTA WAIKABUBAK","NUSA TENGGARA TIMUR","WAIKABUBAK","WBK","WAIKABUBAK","WBK001","NT"
"NUSA TENGGARA TIMUR","KAB. SUMBA BARAT DAYA","LOURA","NUSA TENGGARA TIMUR","TAMBOLAKA","TAM","LAURA-TAM","TAM004","NT"
"NUSA TENGGARA TIMUR","KAB. SUMBA BARAT DAYA","WEWEWA UTARA","NUSA TENGGARA TIMUR","TAMBOLAKA","TAM","WEWEWA UTARA","TAM008","NT"
"NUSA TENGGARA TIMUR","KAB. SUMBA BARAT DAYA","WEWEWA TIMUR","NUSA TENGGARA TIMUR","TAMBOLAKA","TAM","WEWEWA TIMUR","TAM007","NT"
"NUSA TENGGARA TIMUR","KAB. SUMBA BARAT DAYA","WEWEWA BARAT","NUSA TENGGARA TIMUR","TAMBOLAKA","TAM","WEWEWA BARAT","TAM005","NT"
"NUSA TENGGARA TIMUR","KAB. SUMBA BARAT DAYA","WEWEWA SELATAN","NUSA TENGGARA TIMUR","TAMBOLAKA","TAM","WEWEWA SELATAN","TAM006","NT"
"NUSA TENGGARA TIMUR","KAB. SUMBA BARAT DAYA","KODI BANGEDO","NUSA TENGGARA TIMUR","TAMBOLAKA","TAM","KODI BANGEDO","TAM002","NT"
"NUSA TENGGARA TIMUR","KAB. SUMBA BARAT DAYA","KODI","NUSA TENGGARA TIMUR","TAMBOLAKA","TAM","KODI-TAM","TAM001","NT"
"NUSA TENGGARA TIMUR","KAB. SUMBA BARAT DAYA","KODI UTARA","NUSA TENGGARA TIMUR","TAMBOLAKA","TAM","KODI UTARA","TAM003","NT"
"NUSA TENGGARA TIMUR","KAB. SUMBA BARAT DAYA","KOTA TAMBOLAKA","NUSA TENGGARA TIMUR","TAMBOLAKA","TAM","KOTA TAMBOLAKA","TAM010","NT"
"NUSA TENGGARA TIMUR","KAB. SUMBA BARAT DAYA","WEWEWA TENGAH","NUSA TENGGARA TIMUR","TAMBOLAKA","TAM","WEWEWA TENGAH","TAM011","NT"
"NUSA TENGGARA TIMUR","KAB. SUMBA BARAT DAYA","KODI BALAGHAR","NUSA TENGGARA TIMUR","TAMBOLAKA","TAM","KODI BALAGHAR","TAM009","NT"
"NUSA TENGGARA TIMUR","KAB. SUMBA TENGAH","KATIKU TANA","NUSA TENGGARA TIMUR","WAIBAKUL","WAB","KATIKUTANA","WAB001","NT"
"NUSA TENGGARA TIMUR","KAB. SUMBA TENGAH","UMBU RATU NGGAY BARAT","NUSA TENGGARA TIMUR","WAIBAKUL","WAB","UMBU RATU NGGAY BARAT","WAB005","NT"
"NUSA TENGGARA TIMUR","KAB. SUMBA TENGAH","MAMBORO","NUSA TENGGARA TIMUR","WAIBAKUL","WAB","MAMBORO","WAB003","NT"
"NUSA TENGGARA TIMUR","KAB. SUMBA TENGAH","UMBU RATU NGGAY","NUSA TENGGARA TIMUR","WAIBAKUL","WAB","UMBU RATU NGGAY","WAB004","NT"
"NUSA TENGGARA TIMUR","KAB. SUMBA TENGAH","KATIKU TANA SELATAN","NUSA TENGGARA TIMUR","WAIBAKUL","WAB","KATIKUNA SELATAN","WAB002","NT"
"NUSA TENGGARA TIMUR","KAB. SUMBA TIMUR","KOTA WAINGAPU","NUSA TENGGARA TIMUR","WAINGAPU","WGP","WAINGAPU","WGP001","NT"
"NUSA TENGGARA TIMUR","KAB. SUMBA TIMUR","HAHARU","NUSA TENGGARA TIMUR","WAINGAPU","WGP","HAHARU","WGP002","NT"
"NUSA TENGGARA TIMUR","KAB. SUMBA TIMUR","LEWA","NUSA TENGGARA TIMUR","WAINGAPU","WGP","LEWA","WGP007","NT"
"NUSA TENGGARA TIMUR","KAB. SUMBA TIMUR","NGGAHA ORI ANGU","NUSA TENGGARA TIMUR","WAINGAPU","WGP","NGGAHA ORIANGU","WGP012","NT"
"NUSA TENGGARA TIMUR","KAB. SUMBA TIMUR","TABUNDUNG","NUSA TENGGARA TIMUR","WAINGAPU","WGP","TABUNDUNG","WGP018","NT"
"NUSA TENGGARA TIMUR","KAB. SUMBA TIMUR","PINU PAHAR","NUSA TENGGARA TIMUR","WAINGAPU","WGP","PINUPAHAR","WGP016","NT"
"NUSA TENGGARA TIMUR","KAB. SUMBA TIMUR","PANDAWAI","NUSA TENGGARA TIMUR","WAINGAPU","WGP","PANDAWAI","WGP015","NT"
"NUSA TENGGARA TIMUR","KAB. SUMBA TIMUR","UMALULU","NUSA TENGGARA TIMUR","WAINGAPU","WGP","UMALULU","WGP019","NT"
"NUSA TENGGARA TIMUR","KAB. SUMBA TIMUR","RINDI","NUSA TENGGARA TIMUR","WAINGAPU","WGP","RINDI","WGP017","NT"
"NUSA TENGGARA TIMUR","KAB. SUMBA TIMUR","PAHUNGA LODU","NUSA TENGGARA TIMUR","WAINGAPU","WGP","PAHUNGA LODU","WGP014","NT"
"NUSA TENGGARA TIMUR","KAB. SUMBA TIMUR","WULLA WAIJELU","NUSA TENGGARA TIMUR","WAINGAPU","WGP","WULA WAIJELU","WGP020","NT"
"NUSA TENGGARA TIMUR","KAB. SUMBA TIMUR","PABERIWAI","NUSA TENGGARA TIMUR","WAINGAPU","WGP","PABERIWAI","WGP013","NT"
"NUSA TENGGARA TIMUR","KAB. SUMBA TIMUR","KARERA","NUSA TENGGARA TIMUR","WAINGAPU","WGP","KARERA","WGP005","NT"
"NUSA TENGGARA TIMUR","KAB. SUMBA TIMUR","KAHAUNGU ETI","NUSA TENGGARA TIMUR","WAINGAPU","WGP","KAHAUNGWETI","WGP003","NT"
"NUSA TENGGARA TIMUR","KAB. SUMBA TIMUR","MATAWAI LA PAWU","NUSA TENGGARA TIMUR","WAINGAPU","WGP","MATAWAI LAPPAU","WGP010","NT"
"NUSA TENGGARA TIMUR","KAB. SUMBA TIMUR","KAMBERA","NUSA TENGGARA TIMUR","WAINGAPU","WGP","KAMBERA","WGP004","NT"
"NUSA TENGGARA TIMUR","KAB. SUMBA TIMUR","KAMBATA MAPAMBUHANG","NUSA TENGGARA TIMUR","WAINGAPU","WGP","KAMBATA MAPAMBUHANG","WGP021","NT"
"NUSA TENGGARA TIMUR","KAB. SUMBA TIMUR","LEWA TIDAHU","NUSA TENGGARA TIMUR","WAINGAPU","WGP","LEWA TIDAHU","WGP008","NT"
"NUSA TENGGARA TIMUR","KAB. SUMBA TIMUR","KATALA HAMU LINGU","NUSA TENGGARA TIMUR","WAINGAPU","WGP","KATALA HAMU LINGU","WGP006","NT"
"NUSA TENGGARA TIMUR","KAB. SUMBA TIMUR","KANATANG","NUSA TENGGARA TIMUR","WAINGAPU","WGP","KANATANG","WGP022","NT"
"NUSA TENGGARA TIMUR","KAB. SUMBA TIMUR","NGADU NGALA","NUSA TENGGARA TIMUR","WAINGAPU","WGP","NGADU NGALA","WGP011","NT"
"NUSA TENGGARA TIMUR","KAB. SUMBA TIMUR","MAHU","NUSA TENGGARA TIMUR","WAINGAPU","WGP","MAHU","WGP009","NT"
"NUSA TENGGARA TIMUR","KAB. TIMOR TENGAH UTARA","MIOMAFO TIMUR","NUSA TENGGARA TIMUR","TIMOR TENGAH UTARA","KEF","MIOMAFFO TIMUR","KEF019","NT"
"NUSA TENGGARA TIMUR","KAB. TIMOR TENGAH UTARA","MIOMAFO BARAT","NUSA TENGGARA TIMUR","TIMOR TENGAH UTARA","KEF","MIOMAFFO BARAT","KEF017","NT"
"NUSA TENGGARA TIMUR","KAB. TIMOR TENGAH UTARA","BIBOKI SELATAN","NUSA TENGGARA TIMUR","TIMOR TENGAH UTARA","KEF","BIBOKI SELATAN","KEF004","NT"
"NUSA TENGGARA TIMUR","KAB. TIMOR TENGAH UTARA","NOEMUTI","NUSA TENGGARA TIMUR","TIMOR TENGAH UTARA","KEF","NOEMUTI","KEF023","NT"
"NUSA TENGGARA TIMUR","KAB. TIMOR TENGAH UTARA","KOTA KEFAMENANU","NUSA TENGGARA TIMUR","TIMOR TENGAH UTARA","KEF","KOTA KEFAMENANU","KEF016","NT"
"NUSA TENGGARA TIMUR","KAB. TIMOR TENGAH UTARA","BIBOKI UTARA","NUSA TENGGARA TIMUR","TIMOR TENGAH UTARA","KEF","BIBOKI UTARA","KEF006","NT"
"NUSA TENGGARA TIMUR","KAB. TIMOR TENGAH UTARA","BIBOKI ANLEU","NUSA TENGGARA TIMUR","TIMOR TENGAH UTARA","KEF","BIBOKI ANLEU","KEF001","NT"
"NUSA TENGGARA TIMUR","KAB. TIMOR TENGAH UTARA","INSANA","NUSA TENGGARA TIMUR","TIMOR TENGAH UTARA","KEF","INSANA","KEF011","NT"
"NUSA TENGGARA TIMUR","KAB. TIMOR TENGAH UTARA","INSANA UTARA","NUSA TENGGARA TIMUR","TIMOR TENGAH UTARA","KEF","INSANA UTARA","KEF015","NT"
"NUSA TENGGARA TIMUR","KAB. TIMOR TENGAH UTARA","NOEMUTI TIMUR","NUSA TENGGARA TIMUR","TIMOR TENGAH UTARA","KEF","NOEMUTI TIMUR","KEF024","NT"
"NUSA TENGGARA TIMUR","KAB. TIMOR TENGAH UTARA","MIOMAFFO TENGAH","NUSA TENGGARA TIMUR","TIMOR TENGAH UTARA","KEF","MIOMAFFO TENGAH","KEF018","NT"
"NUSA TENGGARA TIMUR","KAB. TIMOR TENGAH UTARA","MUSI","NUSA TENGGARA TIMUR","TIMOR TENGAH UTARA","KEF","MUSI","KEF020","NT"
"NUSA TENGGARA TIMUR","KAB. TIMOR TENGAH UTARA","MUTIS","NUSA TENGGARA TIMUR","TIMOR TENGAH UTARA","KEF","MUTIS","KEF021","NT"
"NUSA TENGGARA TIMUR","KAB. TIMOR TENGAH UTARA","BIKOMI SELATAN","NUSA TENGGARA TIMUR","TIMOR TENGAH UTARA","KEF","BIKOMI SELATAN","KEF008","NT"
"NUSA TENGGARA TIMUR","KAB. TIMOR TENGAH UTARA","BIKOMI TENGAH","NUSA TENGGARA TIMUR","TIMOR TENGAH UTARA","KEF","BIKOMI TENGAH","KEF009","NT"
"NUSA TENGGARA TIMUR","KAB. TIMOR TENGAH UTARA","BIKOMI NILULAT","NUSA TENGGARA TIMUR","TIMOR TENGAH UTARA","KEF","BIKOMI NILULAT","KEF007","NT"
"NUSA TENGGARA TIMUR","KAB. TIMOR TENGAH UTARA","BIKOMI UTARA","NUSA TENGGARA TIMUR","TIMOR TENGAH UTARA","KEF","BIKOMI UTARA","KEF010","NT"
"NUSA TENGGARA TIMUR","KAB. TIMOR TENGAH UTARA","NAIBENU","NUSA TENGGARA TIMUR","TIMOR TENGAH UTARA","KEF","NAIBENU","KEF022","NT"
"NUSA TENGGARA TIMUR","KAB. TIMOR TENGAH UTARA","INSANA FAFINESU","NUSA TENGGARA TIMUR","TIMOR TENGAH UTARA","KEF","INSANA FAFINESU","KEF013","NT"
"NUSA TENGGARA TIMUR","KAB. TIMOR TENGAH UTARA","INSANA BARAT","NUSA TENGGARA TIMUR","TIMOR TENGAH UTARA","KEF","INSANA BARAT","KEF012","NT"
"NUSA TENGGARA TIMUR","KAB. TIMOR TENGAH UTARA","INSANA TENGAH","NUSA TENGGARA TIMUR","TIMOR TENGAH UTARA","KEF","INSANA TENGAH","KEF014","NT"
"NUSA TENGGARA TIMUR","KAB. TIMOR TENGAH UTARA","BIBOKI TAN PAH","NUSA TENGGARA TIMUR","TIMOR TENGAH UTARA","KEF","BIBOKI TAN PAH","KEF005","NT"
"NUSA TENGGARA TIMUR","KAB. TIMOR TENGAH UTARA","BIBOKI MOENLEU","NUSA TENGGARA TIMUR","TIMOR TENGAH UTARA","KEF","BIBOKI MOENLEU","KEF003","NT"
"NUSA TENGGARA TIMUR","KAB. TIMOR TENGAH UTARA","BIBOKI FEOTLEU","NUSA TENGGARA TIMUR","TIMOR TENGAH UTARA","KEF","BIBOKI FEOTLEU","KEF002","NT"
"NUSA TENGGARA TIMUR","KOTA KUPANG","ALAK","NUSA TENGGARA TIMUR","KUPANG","KOE","ALAK","KOE001","NT"
"NUSA TENGGARA TIMUR","KOTA KUPANG","MAULAFA","NUSA TENGGARA TIMUR","KUPANG","KOE","MAULAFA","KOE024","NT"
"NUSA TENGGARA TIMUR","KOTA KUPANG","KELAPA LIMA","NUSA TENGGARA TIMUR","KUPANG","KOE","KELAPA LIMA","KOE026","NT"
"NUSA TENGGARA TIMUR","KOTA KUPANG","OEBOBO","NUSA TENGGARA TIMUR","KUPANG","KOE","OEBOBO","KOE025","NT"
"NUSA TENGGARA TIMUR","KOTA KUPANG","KOTA RAJA","NUSA TENGGARA TIMUR","KUPANG","KOE","KOTA RAJA","KOE030","NT"
"NUSA TENGGARA TIMUR","KOTA KUPANG","KOTA LAMA","NUSA TENGGARA TIMUR","KUPANG","KOE","KOTA LAMA","KOE028","NT"
"PAPUA","KAB PEGUNUNGAN BINTANG","OKSIBIL","PAPUA","PEGUNUNGAN BINTANG","OKS","OKSIBIL","OKS009","PA"
"PAPUA","KAB PEGUNUNGAN BINTANG","KIWIROK","PAPUA","PEGUNUNGAN BINTANG","OKS","KIWIROK","OKS006","PA"
"PAPUA","KAB PEGUNUNGAN BINTANG","OKBIBAB","PAPUA","PEGUNUNGAN BINTANG","OKS","OKBIBAB","OKS008","PA"
"PAPUA","KAB PEGUNUNGAN BINTANG","IWUR","PAPUA","PEGUNUNGAN BINTANG","OKS","IWUR","OKS005","PA"
"PAPUA","KAB PEGUNUNGAN BINTANG","BATOM","PAPUA","PEGUNUNGAN BINTANG","OKS","BATOM","OKS002","PA"
"PAPUA","KAB PEGUNUNGAN BINTANG","BORME","PAPUA","PEGUNUNGAN BINTANG","OKS","BORME","OKS004","PA"
"PAPUA","KAB PEGUNUNGAN BINTANG","KIWIROK TIMUR","PAPUA","PEGUNUNGAN BINTANG","OKS","KIWIROK TIMUR","OKS007","PA"
"PAPUA","KAB PEGUNUNGAN BINTANG","ABOY","PAPUA","PEGUNUNGAN BINTANG","OKS","ABOY","OKS001","PA"
"PAPUA","KAB PEGUNUNGAN BINTANG","PEPERA","PAPUA","PEGUNUNGAN BINTANG","OKS","PEPERA","OKS010","PA"
"PAPUA","KAB PEGUNUNGAN BINTANG","BIME","PAPUA","PEGUNUNGAN BINTANG","OKS","BIME","OKS003","PA"
"PAPUA","KAB PEGUNUNGAN BINTANG","ALEMSOM","PAPUA","PEGUNUNGAN BINTANG","OKS","ALEMSOM","OKS012","PA"
"PAPUA","KAB PEGUNUNGAN BINTANG","OKBAPE","PAPUA","PEGUNUNGAN BINTANG","OKS","OKBAPE","OKS025","PA"
"PAPUA","KAB PEGUNUNGAN BINTANG","KALOMDOL","PAPUA","PEGUNUNGAN BINTANG","OKS","KALOMDOL","OKS017","PA"
"PAPUA","KAB PEGUNUNGAN BINTANG","OKSOP","PAPUA","PEGUNUNGAN BINTANG","OKS","OKSOP","OKS031","PA"
"PAPUA","KAB PEGUNUNGAN BINTANG","SERAMBAKON","PAPUA","PEGUNUNGAN BINTANG","OKS","SERAMBAKON","OKS033","PA"
"PAPUA","KAB PEGUNUNGAN BINTANG","OK AOM","PAPUA","PEGUNUNGAN BINTANG","OKS","OK AOM","OKS023","PA"
"PAPUA","KAB PEGUNUNGAN BINTANG","KAWOR","PAPUA","PEGUNUNGAN BINTANG","OKS","KAWOR","OKS018","PA"
"PAPUA","KAB PEGUNUNGAN BINTANG","AWINBON","PAPUA","PEGUNUNGAN BINTANG","OKS","AWINBON","OKS013","PA"
"PAPUA","KAB PEGUNUNGAN BINTANG","TARUP","PAPUA","PEGUNUNGAN BINTANG","OKS","TARUP","OKS034","PA"
"PAPUA","KAB PEGUNUNGAN BINTANG","OKHIKA","PAPUA","PEGUNUNGAN BINTANG","OKS","OKHIKA","OKS027","PA"
"PAPUA","KAB PEGUNUNGAN BINTANG","OKSAMOL","PAPUA","PEGUNUNGAN BINTANG","OKS","OKSAMOL","OKS029","PA"
"PAPUA","KAB PEGUNUNGAN BINTANG","OKLIP","PAPUA","PEGUNUNGAN BINTANG","OKS","OKLIP","OKS028","PA"
"PAPUA","KAB PEGUNUNGAN BINTANG","OKBEMTAU","PAPUA","PEGUNUNGAN BINTANG","OKS","OKBEMTAU","OKS026","PA"
"PAPUA","KAB PEGUNUNGAN BINTANG","OKSEBANG","PAPUA","PEGUNUNGAN BINTANG","OKS","OKSEBANG","OKS030","PA"
"PAPUA","KAB PEGUNUNGAN BINTANG","OKBAB","PAPUA","PEGUNUNGAN BINTANG","OKS","OKBAB","OKS024","PA"
"PAPUA","KAB PEGUNUNGAN BINTANG","BATANI","PAPUA","PEGUNUNGAN BINTANG","OKS","BATANI","OKS014","PA"
"PAPUA","KAB PEGUNUNGAN BINTANG","WEIME","PAPUA","PEGUNUNGAN BINTANG","OKS","WEIME","OKS019","PA"
"PAPUA","KAB PEGUNUNGAN BINTANG","MURKIM","PAPUA","PEGUNUNGAN BINTANG","OKS","MURKIM","OKS021","PA"
"PAPUA","KAB PEGUNUNGAN BINTANG","MOFINOP","PAPUA","PEGUNUNGAN BINTANG","OKS","MOFINOP","OKS020","PA"
"PAPUA","KAB PEGUNUNGAN BINTANG","JETFA","PAPUA","PEGUNUNGAN BINTANG","OKS","JETFA","OKS016","PA"
"PAPUA","KAB PEGUNUNGAN BINTANG","TEIRAPLU","PAPUA","PEGUNUNGAN BINTANG","OKS","TEIRAPLU","OKS011","PA"
"PAPUA","KAB PEGUNUNGAN BINTANG","EIPUMEK","PAPUA","PEGUNUNGAN BINTANG","OKS","EIPUMEK","OKS015","PA"
"PAPUA","KAB PEGUNUNGAN BINTANG","PAMEK","PAPUA","PEGUNUNGAN BINTANG","OKS","PAMEK","OKS032","PA"
"PAPUA","KAB PEGUNUNGAN BINTANG","NONGME","PAPUA","PEGUNUNGAN BINTANG","OKS","NONGME","OKS022","PA"
"PAPUA","KAB. ASMAT","AGATS","PAPUA","ASMAT","AGT","AGATS","AGT001","PA"
"PAPUA","KAB. ASMAT","ATSJ","PAPUA","ASMAT","AGT","ATSY","AGT003","PA"
"PAPUA","KAB. ASMAT","SAWA ERMA","PAPUA","ASMAT","AGT","SAWA ERMA","AGT006","PA"
"PAPUA","KAB. ASMAT","AKAT","PAPUA","ASMAT","AGT","AKAT","AGT002","PA"
"PAPUA","KAB. ASMAT","FAYIT","PAPUA","ASMAT","AGT","FAYIT","AGT004","PA"
"PAPUA","KAB. ASMAT","PANTAI KASUARI","PAPUA","ASMAT","AGT","PANTAI KASUARI","AGT005","PA"
"PAPUA","KAB. ASMAT","SUATOR","PAPUA","ASMAT","AGT","SUATOR","AGT007","PA"
"PAPUA","KAB. ASMAT","SURU-SURU","PAPUA","ASMAT","AGT","SURU-SURU","AGT009","PA"
"PAPUA","KAB. ASMAT","KOLF BRAZA","PAPUA","ASMAT","AGT","KOLF BRAZA","AGT008","PA"
"PAPUA","KAB. ASMAT","UNIR SIRAU","PAPUA","ASMAT","AGT","UNIR SIRAU","AGT010","PA"
"PAPUA","KAB. ASMAT","JOERAT","PAPUA","ASMAT","AGT","JOERAT","AGT014","PA"
"PAPUA","KAB. ASMAT","PULAU TIGA","PAPUA","ASMAT","AGT","PULAU TIGA-AGT","AGT016","PA"
"PAPUA","KAB. ASMAT","JETSY","PAPUA","ASMAT","AGT","JETSY","AGT013","PA"
"PAPUA","KAB. ASMAT","DER KOUMUR","PAPUA","ASMAT","AGT","DER KOUMUR","AGT011","PA"
"PAPUA","KAB. ASMAT","KOPAY","PAPUA","ASMAT","AGT","KOPLAY","AGT015","PA"
"PAPUA","KAB. ASMAT","SAFAN","PAPUA","ASMAT","AGT","SAFAN","AGT017","PA"
"PAPUA","KAB. ASMAT","SIRETS","PAPUA","ASMAT","AGT","SIRETS","AGT018","PA"
"PAPUA","KAB. ASMAT","AYIP","PAPUA","ASMAT","AGT","AYIP","AGT020","PA"
"PAPUA","KAB. ASMAT","BETCBAMU","PAPUA","ASMAT","AGT","BETCBAMU","AGT012","PA"
"PAPUA","KAB. BIAK NUMFOR","BIAK KOTA","PAPUA","BIAK","BIK","BIAK KOTA","BIK001","PA"
"PAPUA","KAB. BIAK NUMFOR","BIAK UTARA","PAPUA","BIAK","BIK","BIAK UTARA","BIK006","PA"
"PAPUA","KAB. BIAK NUMFOR","BIAK TIMUR","PAPUA","BIAK","BIK","BIAK TIMUR","BIK005","PA"
"PAPUA","KAB. BIAK NUMFOR","NUMFOR BARAT","PAPUA","BIAK","BIK","NUMFOR BARAT","BIK008","PA"
"PAPUA","KAB. BIAK NUMFOR","NUMFOR TIMUR","PAPUA","BIAK","BIK","NUMFOR TIMUR","BIK009","PA"
"PAPUA","KAB. BIAK NUMFOR","BIAK BARAT","PAPUA","BIAK","BIK","BIAK BARAT","BIK004","PA"
"PAPUA","KAB. BIAK NUMFOR","WARSA","PAPUA","BIAK","BIK","WARSA","BIK016","PA"
"PAPUA","KAB. BIAK NUMFOR","PADAIDO","PAPUA","BIAK","BIK","PADAIDO","BIK012","PA"
"PAPUA","KAB. BIAK NUMFOR","YENDIDORI","PAPUA","BIAK","BIK","YENDIDORI","BIK018","PA"
"PAPUA","KAB. BIAK NUMFOR","SAMOFA","PAPUA","BIAK","BIK","SAMOFA","BIK014","PA"
"PAPUA","KAB. BIAK NUMFOR","YAWOSI","PAPUA","BIAK","BIK","YAWOSI","BIK017","PA"
"PAPUA","KAB. BIAK NUMFOR","ANDEY","PAPUA","BIAK","BIK","ANDEY","BIK003","PA"
"PAPUA","KAB. BIAK NUMFOR","SWANDIWE","PAPUA","BIAK","BIK","SWANDIWE","BIK015","PA"
"PAPUA","KAB. BIAK NUMFOR","BRUYADORI","PAPUA","BIAK","BIK","BRUYADORI","BIK007","PA"
"PAPUA","KAB. BIAK NUMFOR","ORKERI","PAPUA","BIAK","BIK","ORKERI","BIK011","PA"
"PAPUA","KAB. BIAK NUMFOR","POIRU","PAPUA","BIAK","BIK","POIRU","BIK013","PA"
"PAPUA","KAB. BIAK NUMFOR","AIMANDO PADAIDO","PAPUA","BIAK","BIK","AIMANDO PADAIDO","BIK002","PA"
"PAPUA","KAB. BIAK NUMFOR","ORIDEK","PAPUA","BIAK","BIK","ORIDEK","BIK010","PA"
"PAPUA","KAB. BIAK NUMFOR","BONDIFUAR","PAPUA","BIAK","BIK","BONDIFUAR","BIK019","PA"
"PAPUA","KAB. BOVEN DIGOEL","MANDOBO","PAPUA","BOVEN DIGOEL","BOD","MANDOBO","BOD010","PA"
"PAPUA","KAB. BOVEN DIGOEL","MINDIPTANA","PAPUA","BOVEN DIGOEL","BOD","MINDIPTANA","BOD012","PA"
"PAPUA","KAB. BOVEN DIGOEL","WAROPKO","PAPUA","BOVEN DIGOEL","BOD","WAROPKO","BOD014","PA"
"PAPUA","KAB. BOVEN DIGOEL","KOUH","PAPUA","BOVEN DIGOEL","BOD","KOUH","BOD009","PA"
"PAPUA","KAB. BOVEN DIGOEL","JAIR","PAPUA","BOVEN DIGOEL","BOD","JAIR","BOD007","PA"
"PAPUA","KAB. BOVEN DIGOEL","BOMAKIA","PAPUA","BOVEN DIGOEL","BOD","BOMAKIA","BOD003","PA"
"PAPUA","KAB. BOVEN DIGOEL","KOMBUT","PAPUA","BOVEN DIGOEL","BOD","KOMBUT","BOD008","PA"
"PAPUA","KAB. BOVEN DIGOEL","INIYANDIT","PAPUA","BOVEN DIGOEL","BOD","INIYANDIT","BOD006","PA"
"PAPUA","KAB. BOVEN DIGOEL","ARIMOP","PAPUA","BOVEN DIGOEL","BOD","ARIMOP","BOD002","PA"
"PAPUA","KAB. BOVEN DIGOEL","FOFI","PAPUA","BOVEN DIGOEL","BOD","FOFI","BOD005","PA"
"PAPUA","KAB. BOVEN DIGOEL","AMBATKWI","PAPUA","BOVEN DIGOEL","BOD","AMBATKWI","BOD001","PA"
"PAPUA","KAB. BOVEN DIGOEL","MANGGELUM","PAPUA","BOVEN DIGOEL","BOD","MANGGELUM","BOD011","PA"
"PAPUA","KAB. BOVEN DIGOEL","FIRIWAGE","PAPUA","BOVEN DIGOEL","BOD","FIRIWAGE","BOD004","PA"
"PAPUA","KAB. BOVEN DIGOEL","YANIRUMA","PAPUA","BOVEN DIGOEL","BOD","YANIRUMA","BOD015","PA"
"PAPUA","KAB. BOVEN DIGOEL","SUBUR","PAPUA","BOVEN DIGOEL","BOD","SUBUR","BOD013","PA"
"PAPUA","KAB. BOVEN DIGOEL","KOMBAY","PAPUA","BOVEN DIGOEL","BOD","KOMBAY","BOD018","PA"
"PAPUA","KAB. BOVEN DIGOEL","NINATI","PAPUA","BOVEN DIGOEL","BOD","NINATI","BOD019","PA"
"PAPUA","KAB. BOVEN DIGOEL","SESNUK","PAPUA","BOVEN DIGOEL","BOD","SESNUK","BOD020","PA"
"PAPUA","KAB. BOVEN DIGOEL","KI","PAPUA","BOVEN DIGOEL","BOD","KIA","BOD017","PA"
"PAPUA","KAB. BOVEN DIGOEL","KAWAGIT","PAPUA","BOVEN DIGOEL","BOD","KAWAGIT","BOD016","PA"
"PAPUA","KAB. DEIYAI","TIGI","PAPUA","DEIYAI","TIG","TIGI","TIG003","PA"
"PAPUA","KAB. DEIYAI","TIGI TIMUR","PAPUA","DEIYAI","TIG","TIGI TIMUR","TIG005","PA"
"PAPUA","KAB. DEIYAI","BOWOBADO","PAPUA","DEIYAI","TIG","BOWOBADO","TIG001","PA"
"PAPUA","KAB. DEIYAI","TIGI BARAT","PAPUA","DEIYAI","TIG","TIGI BARAT","TIG004","PA"
"PAPUA","KAB. DEIYAI","KAPIRAYA","PAPUA","DEIYAI","TIG","KAPIRAYA","TIG002","PA"
"PAPUA","KAB. DOGIYAI","KAMU","PAPUA","DOGIYAI","KIG","KAMU","KIG002","PA"
"PAPUA","KAB. DOGIYAI","MAPIA","PAPUA","DOGIYAI","KIG","MAPIA","KIG006","PA"
"PAPUA","KAB. DOGIYAI","PIYAIYE","PAPUA","DOGIYAI","KIG","PIYAIYE","KIG009","PA"
"PAPUA","KAB. DOGIYAI","KAMU UTARA","PAPUA","DOGIYAI","KIG","KAMU UTARA","KIG005","PA"
"PAPUA","KAB. DOGIYAI","SUKIKAI SELATAN","PAPUA","DOGIYAI","KIG","SUKIKAI SELATAN","KIG010","PA"
"PAPUA","KAB. DOGIYAI","MAPIA BARAT","PAPUA","DOGIYAI","KIG","MAPIA BARAT","KIG007","PA"
"PAPUA","KAB. DOGIYAI","KAMU SELATAN","PAPUA","DOGIYAI","KIG","KAMU SELATAN","KIG003","PA"
"PAPUA","KAB. DOGIYAI","KAMU TIMUR","PAPUA","DOGIYAI","KIG","KAMU TIMUR","KIG004","PA"
"PAPUA","KAB. DOGIYAI","MAPIA TENGAH","PAPUA","DOGIYAI","KIG","MAPIA TENGAH","KIG008","PA"
"PAPUA","KAB. DOGIYAI","DOGIYAI","PAPUA","DOGIYAI","KIG","DOGIYAI","KIG001","PA"
"PAPUA","KAB. INTAN JAYA","SUGAPA","PAPUA","INTAN JAYA","SUG","SUGAPA","SUG005","PA"
"PAPUA","KAB. INTAN JAYA","HOMEYO","PAPUA","INTAN JAYA","SUG","HOMEO","SUG004","PA"
"PAPUA","KAB. INTAN JAYA","WANDAI","PAPUA","INTAN JAYA","SUG","WANDAI","SUG006","PA"
"PAPUA","KAB. INTAN JAYA","BIANDOGA","PAPUA","INTAN JAYA","SUG","BIANDOGA","SUG002","PA"
"PAPUA","KAB. INTAN JAYA","AGISIGA","PAPUA","INTAN JAYA","SUG","AGISIGA","SUG001","PA"
"PAPUA","KAB. INTAN JAYA","HITADIPA","PAPUA","INTAN JAYA","SUG","HITADIPA","SUG003","PA"
"PAPUA","KAB. INTAN JAYA","UGIMBA","PAPUA","INTAN JAYA","SUG","UGIMBA","SUG007","PA"
"PAPUA","KAB. INTAN JAYA","TOMOSIGA","PAPUA","INTAN JAYA","SUG","TOMOSIGA","SUG008","PA"
"PAPUA","KAB. JAYAPURA","SENTANI","PAPUA","SENTANI","SET","SENTANI","SET001","PA"
"PAPUA","KAB. JAYAPURA","SENTANI TIMUR","PAPUA","SENTANI","SET","SENTANI TIMUR","SET003","PA"
"PAPUA","KAB. JAYAPURA","DEPAPRE","PAPUA","SENTANI","SET","DEPAPRE","SET010","PA"
"PAPUA","KAB. JAYAPURA","SENTANI BARAT","PAPUA","SENTANI","SET","SENTANI BARAT","SET002","PA"
"PAPUA","KAB. JAYAPURA","KEMTUK","PAPUA","SENTANI","SET","KEMTUK","SET014","PA"
"PAPUA","KAB. JAYAPURA","KEMTUK GRESI","PAPUA","SENTANI","SET","KEMTUK GRESI","SET015","PA"
"PAPUA","KAB. JAYAPURA","NIMBORAN","PAPUA","SENTANI","SET","NIMBORAN","SET007","PA"
"PAPUA","KAB. JAYAPURA","NIMBOKRANG","PAPUA","SENTANI","SET","NIMBOKRANG","SET016","PA"
"PAPUA","KAB. JAYAPURA","UNURUM GUAY","PAPUA","SENTANI","SET","UNURUM GUAY","SET019","PA"
"PAPUA","KAB. JAYAPURA","DEMTA","PAPUA","SENTANI","SET","DEMTA","SET009","PA"
"PAPUA","KAB. JAYAPURA","KAUREH","PAPUA","SENTANI","SET","KAUREH","SET013","PA"
"PAPUA","KAB. JAYAPURA","EBUNGFAO","PAPUA","SENTANI","SET","EBUNGFAU","SET011","PA"
"PAPUA","KAB. JAYAPURA","WAIBU","PAPUA","SENTANI","SET","WAIBU","SET004","PA"
"PAPUA","KAB. JAYAPURA","NAMBLUONG","PAPUA","SENTANI","SET","NAMBLUONG","SET017","PA"
"PAPUA","KAB. JAYAPURA","YAPSI","PAPUA","SENTANI","SET","YAPSI","SET005","PA"
"PAPUA","KAB. JAYAPURA","AIRU","PAPUA","SENTANI","SET","AIRU","SET008","PA"
"PAPUA","KAB. JAYAPURA","RAVENI RARA","PAPUA","SENTANI","SET","RAVENIRARA","SET018","PA"
"PAPUA","KAB. JAYAPURA","GRESI SELATAN","PAPUA","SENTANI","SET","GRESI SELATAN","SET012","PA"
"PAPUA","KAB. JAYAPURA","YOKARI","PAPUA","SENTANI","SET","YOKARI","SET006","PA"
"PAPUA","KAB. JAYAWIJAYA","WAMENA","PAPUA","JAYAWIJAYA","WMX","WAMENA","WMX010","PA"
"PAPUA","KAB. JAYAWIJAYA","KURULU","PAPUA","JAYAWIJAYA","WMX","KURULU","WMX005","PA"
"PAPUA","KAB. JAYAWIJAYA","ASOLOGAIMA","PAPUA","JAYAWIJAYA","WMX","ASOLOGAIMA","WMX001","PA"
"PAPUA","KAB. JAYAWIJAYA","HUBIKOSI","PAPUA","JAYAWIJAYA","WMX","HUBIKOSI","WMX004","PA"
"PAPUA","KAB. JAYAWIJAYA","BOLAKME","PAPUA","JAYAWIJAYA","WMX","BOLAKME","WMX003","PA"
"PAPUA","KAB. JAYAWIJAYA","WALELAGAMA","PAPUA","JAYAWIJAYA","WMX","WALELAGAMA","WMX009","PA"
"PAPUA","KAB. JAYAWIJAYA","MUSATFAK","PAPUA","JAYAWIJAYA","WMX","MUSATFAK","WMX006","PA"
"PAPUA","KAB. JAYAWIJAYA","WOLO","PAPUA","JAYAWIJAYA","WMX","WOLLO","WMX011","PA"
"PAPUA","KAB. JAYAWIJAYA","ASOLOKOBAL","PAPUA","JAYAWIJAYA","WMX","ASOLOKOBAL","WMX002","PA"
"PAPUA","KAB. JAYAWIJAYA","PELEBAGA","PAPUA","JAYAWIJAYA","WMX","PELEBAGA","WMX007","PA"
"PAPUA","KAB. JAYAWIJAYA","YALENGGA","PAPUA","JAYAWIJAYA","WMX","YALENGGA","WMX012","PA"
"PAPUA","KAB. JAYAWIJAYA","TRIKORA","PAPUA","JAYAWIJAYA","WMX","TRIKORA","WMX033","PA"
"PAPUA","KAB. JAYAWIJAYA","NAPUA","PAPUA","JAYAWIJAYA","WMX","NAPUA","WMX024","PA"
"PAPUA","KAB. JAYAWIJAYA","WALAIK","PAPUA","JAYAWIJAYA","WMX","WALAIK","WMX036","PA"
"PAPUA","KAB. JAYAWIJAYA","WOUMA","PAPUA","JAYAWIJAYA","WMX","WOUMA","WMX041","PA"
"PAPUA","KAB. JAYAWIJAYA","HUBIKIAK","PAPUA","JAYAWIJAYA","WMX","HUBIKIAK","WMX016","PA"
"PAPUA","KAB. JAYAWIJAYA","IBELE","PAPUA","JAYAWIJAYA","WMX","IBELE","WMX017","PA"
"PAPUA","KAB. JAYAWIJAYA","TAELAREK","PAPUA","JAYAWIJAYA","WMX","TAELAREK","WMX030","PA"
"PAPUA","KAB. JAYAWIJAYA","ITLAY HISAGE","PAPUA","JAYAWIJAYA","WMX","ITLAY HISAGE","WMX018","PA"
"PAPUA","KAB. JAYAWIJAYA","SIEPKOSI","PAPUA","JAYAWIJAYA","WMX","SIEPKOSI","WMX028","PA"
"PAPUA","KAB. JAYAWIJAYA","USILIMO","PAPUA","JAYAWIJAYA","WMX","USILIMO","WMX034","PA"
"PAPUA","KAB. JAYAWIJAYA","WITA WAYA","PAPUA","JAYAWIJAYA","WMX","WITA WAYA","WMX040","PA"
"PAPUA","KAB. JAYAWIJAYA","LIBAREK","PAPUA","JAYAWIJAYA","WMX","LIBAREK","WMX020","PA"
"PAPUA","KAB. JAYAWIJAYA","WADANGKU","PAPUA","JAYAWIJAYA","WMX","WADANGKU","WMX035","PA"
"PAPUA","KAB. JAYAWIJAYA","PISUGI","PAPUA","JAYAWIJAYA","WMX","PISUGI","WMX026","PA"
"PAPUA","KAB. JAYAWIJAYA","KORAGI","PAPUA","JAYAWIJAYA","WMX","KORAGI","WMX019","PA"
"PAPUA","KAB. JAYAWIJAYA","TAGIME","PAPUA","JAYAWIJAYA","WMX","TAGIME-WMX","WMX031","PA"
"PAPUA","KAB. JAYAWIJAYA","MOLAGALOME","PAPUA","JAYAWIJAYA","WMX","MOLAGALOME","WMX022","PA"
"PAPUA","KAB. JAYAWIJAYA","TAGINERI","PAPUA","JAYAWIJAYA","WMX","TAGINERI-WMX","WMX032","PA"
"PAPUA","KAB. JAYAWIJAYA","SILO KARNO DOGA","PAPUA","JAYAWIJAYA","WMX","SILO KARNO DOGA","WMX029","PA"
"PAPUA","KAB. JAYAWIJAYA","PIRAMID","PAPUA","JAYAWIJAYA","WMX","PIRAMID","WMX025","PA"
"PAPUA","KAB. JAYAWIJAYA","MULIAMA","PAPUA","JAYAWIJAYA","WMX","MULIAMA","WMX023","PA"
"PAPUA","KAB. JAYAWIJAYA","BUGI","PAPUA","JAYAWIJAYA","WMX","BUGI","WMX015","PA"
"PAPUA","KAB. JAYAWIJAYA","BPIRI","PAPUA","JAYAWIJAYA","WMX","BPIRI","WMX014","PA"
"PAPUA","KAB. JAYAWIJAYA","WELESI","PAPUA","JAYAWIJAYA","WMX","WELESIT","WMX038","PA"
"PAPUA","KAB. JAYAWIJAYA","ASOTIPO","PAPUA","JAYAWIJAYA","WMX","ASOTIPO","WMX013","PA"
"PAPUA","KAB. JAYAWIJAYA","MAIMA","PAPUA","JAYAWIJAYA","WMX","MAIMA","WMX021","PA"
"PAPUA","KAB. JAYAWIJAYA","POPUGOBA","PAPUA","JAYAWIJAYA","WMX","POPUGOBA","WMX027","PA"
"PAPUA","KAB. JAYAWIJAYA","WAME","PAPUA","JAYAWIJAYA","WMX","WAME","WMX037","PA"
"PAPUA","KAB. JAYAWIJAYA","WESAPUT","PAPUA","JAYAWIJAYA","WMX","WESAPUT","WMX039","PA"
"PAPUA","KAB. KEEROM","WARIS","PAPUA","KEEROM","WRS","WARIS","WRS006","PA"
"PAPUA","KAB. KEEROM","ARSO","PAPUA","KEEROM","WRS","ARSO","WRS001","PA"
"PAPUA","KAB. KEEROM","SENGGI","PAPUA","KEEROM","WRS","SENGGI","WRS003","PA"
"PAPUA","KAB. KEEROM","WEB","PAPUA","KEEROM","WRS","WEB","WRS007","PA"
"PAPUA","KAB. KEEROM","SKANTO","PAPUA","KEEROM","WRS","SKAMTO","WRS004","PA"
"PAPUA","KAB. KEEROM","ARSO TIMUR","PAPUA","KEEROM","WRS","ARSO TIMUR","WRS002","PA"
"PAPUA","KAB. KEEROM","TOWE","PAPUA","KEEROM","WRS","TOWE","WRS005","PA"
"PAPUA","KAB. KEEROM","ARSO BARAT","PAPUA","KEEROM","WRS","ARSO BARAT","WRS008","PA"
"PAPUA","KAB. KEEROM","MANNEM","PAPUA","KEEROM","WRS","MANNEM","WRS010","PA"
"PAPUA","KAB. KEEROM","YAFFI","PAPUA","KEEROM","WRS","YAFFI","WRS011","PA"
"PAPUA","KAB. KEEROM","KAISENAR","PAPUA","KEEROM","WRS","KAISENAR","WRS009","PA"
"PAPUA","KAB. KEPULAUAN YAPEN","YAPEN SELATAN","PAPUA","SERUI","SEI","YAPEN SELATAN","SEI010","PA"
"PAPUA","KAB. KEPULAUAN YAPEN","YAPEN BARAT","PAPUA","SERUI","SEI","YAPEN BARAT","SEI009","PA"
"PAPUA","KAB. KEPULAUAN YAPEN","YAPEN TIMUR","PAPUA","SERUI","SEI","YAPEN TIMUR","SEI011","PA"
"PAPUA","KAB. KEPULAUAN YAPEN","ANGKAISERA","PAPUA","SERUI","SEI","ANGKAISERA","SEI001","PA"
"PAPUA","KAB. KEPULAUAN YAPEN","POOM","PAPUA","SERUI","SEI","POOM","SEI004","PA"
"PAPUA","KAB. KEPULAUAN YAPEN","KOSIWO","PAPUA","SERUI","SEI","KOSIWO","SEI003","PA"
"PAPUA","KAB. KEPULAUAN YAPEN","YAPEN UTARA","PAPUA","SERUI","SEI","YAPEN UTARA","SEI012","PA"
"PAPUA","KAB. KEPULAUAN YAPEN","RAIMBAWI","PAPUA","SERUI","SEI","RAIMBAWI","SEI005","PA"
"PAPUA","KAB. KEPULAUAN YAPEN","TELUK AMPIMOI","PAPUA","SERUI","SEI","TELUK AMPIMOI","SEI006","PA"
"PAPUA","KAB. KEPULAUAN YAPEN","KEPULAUAN AMBAI","PAPUA","SERUI","SEI","KEPULAUAN AMBAI","SEI002","PA"
"PAPUA","KAB. KEPULAUAN YAPEN","WONAWA","PAPUA","SERUI","SEI","WONAWA","SEI008","PA"
"PAPUA","KAB. KEPULAUAN YAPEN","WINDESI","PAPUA","SERUI","SEI","WINDESI-SEI","SEI007","PA"
"PAPUA","KAB. KEPULAUAN YAPEN","PULAU KURUDU","PAPUA","SERUI","SEI","PULAU KURUDU","SEI013","PA"
"PAPUA","KAB. KEPULAUAN YAPEN","PULAU YERUI","PAPUA","SERUI","SEI","PULAU YERUI","SEI014","PA"
"PAPUA","KAB. KEPULAUAN YAPEN","ANOTAUREI","PAPUA","SERUI","SEI","ANOTAUREI","SEI015","PA"
"PAPUA","KAB. KEPULAUAN YAPEN","YAWAKUKAT","PAPUA","SERUI","SEI","YAWAKUKAT","SEI016","PA"
"PAPUA","KAB. LANNY JAYA","TIOM","PAPUA","LANNY JAYA","TOM","TIOM","TOM008","PA"
"PAPUA","KAB. LANNY JAYA","PIRIME","PAPUA","LANNY JAYA","TOM","PIRIME","TOM007","PA"
"PAPUA","KAB. LANNY JAYA","MAKKI","PAPUA","LANNY JAYA","TOM","MAKKI","TOM005","PA"
"PAPUA","KAB. LANNY JAYA","GAMELIA","PAPUA","LANNY JAYA","TOM","GAMELIA","TOM003","PA"
"PAPUA","KAB. LANNY JAYA","DIMBA","PAPUA","LANNY JAYA","TOM","DIMBA","TOM002","PA"
"PAPUA","KAB. LANNY JAYA","MELAGINERI","PAPUA","LANNY JAYA","TOM","MELAGINERI","TOM027","PA"
"PAPUA","KAB. LANNY JAYA","BALINGGA","PAPUA","LANNY JAYA","TOM","BALINGGA","TOM001","PA"
"PAPUA","KAB. LANNY JAYA","TIOMNERI","PAPUA","LANNY JAYA","TOM","TIOMNERI","TOM009","PA"
"PAPUA","KAB. LANNY JAYA","KUYAWAGE","PAPUA","LANNY JAYA","TOM","KUYAWAGE","TOM004","PA"
"PAPUA","KAB. LANNY JAYA","POGA","PAPUA","LANNY JAYA","TOM","POGA-TOM","TOM010","PA"
"PAPUA","KAB. LANNY JAYA","NINAME","PAPUA","LANNY JAYA","TOM","NINAME","TOM032","PA"
"PAPUA","KAB. LANNY JAYA","NOGI","PAPUA","LANNY JAYA","TOM","NOGI","TOM033","PA"
"PAPUA","KAB. LANNY JAYA","YIGINUA","PAPUA","LANNY JAYA","TOM","YIGINUA","TOM039","PA"
"PAPUA","KAB. LANNY JAYA","TIOM OLLO","PAPUA","LANNY JAYA","TOM","TIOM OLLO","TOM035","PA"
"PAPUA","KAB. LANNY JAYA","YUGUNGWI","PAPUA","LANNY JAYA","TOM","YUGUNGWI","TOM034","PA"
"PAPUA","KAB. LANNY JAYA","MOKONI","PAPUA","LANNY JAYA","TOM","MOKONI","TOM029","PA"
"PAPUA","KAB. LANNY JAYA","WEREKA","PAPUA","LANNY JAYA","TOM","WEREKA","TOM037","PA"
"PAPUA","KAB. LANNY JAYA","MILIMBO","PAPUA","LANNY JAYA","TOM","MILIMBO","TOM028","PA"
"PAPUA","KAB. LANNY JAYA","WIRINGGAMBUT","PAPUA","LANNY JAYA","TOM","WIRINGGAMBUT","TOM038","PA"
"PAPUA","KAB. LANNY JAYA","GOLLO","PAPUA","LANNY JAYA","TOM","GOLLO","TOM018","PA"
"PAPUA","KAB. LANNY JAYA","AWINA","PAPUA","LANNY JAYA","TOM","AWINA","TOM011","PA"
"PAPUA","KAB. LANNY JAYA","AYUMNATI","PAPUA","LANNY JAYA","TOM","AYUMNATI","TOM012","PA"
"PAPUA","KAB. LANNY JAYA","WANO BARAT","PAPUA","LANNY JAYA","TOM","WANO BARAT","TOM036","PA"
"PAPUA","KAB. LANNY JAYA","GOA BALIM","PAPUA","LANNY JAYA","TOM","GOA BALIM","TOM017","PA"
"PAPUA","KAB. LANNY JAYA","BRUWA","PAPUA","LANNY JAYA","TOM","BRUWA","TOM014","PA"
"PAPUA","KAB. LANNY JAYA","BALINGGA BARAT","PAPUA","LANNY JAYA","TOM","BALINGGA BARAT","TOM013","PA"
"PAPUA","KAB. LANNY JAYA","GUPURA","PAPUA","LANNY JAYA","TOM","GUPURA","TOM020","PA"
"PAPUA","KAB. LANNY JAYA","KOLAWA","PAPUA","LANNY JAYA","TOM","KOLAWA","TOM023","PA"
"PAPUA","KAB. LANNY JAYA","GELOK BEAM","PAPUA","LANNY JAYA","TOM","GELOK BEAM","TOM016","PA"
"PAPUA","KAB. LANNY JAYA","KULY LANNY","PAPUA","LANNY JAYA","TOM","KULY LANNY","TOM024","PA"
"PAPUA","KAB. LANNY JAYA","LANNYNA","PAPUA","LANNY JAYA","TOM","LANNYNA","TOM025","PA"
"PAPUA","KAB. LANNY JAYA","KARU","PAPUA","LANNY JAYA","TOM","KARU","TOM021","PA"
"PAPUA","KAB. LANNY JAYA","YILUK","PAPUA","LANNY JAYA","TOM","YILUK","TOM040","PA"
"PAPUA","KAB. LANNY JAYA","GUNA","PAPUA","LANNY JAYA","TOM","GUNA","TOM019","PA"
"PAPUA","KAB. LANNY JAYA","KELULOME","PAPUA","LANNY JAYA","TOM","KELULOME","TOM022","PA"
"PAPUA","KAB. LANNY JAYA","NIKOGWE","PAPUA","LANNY JAYA","TOM","NIKOGME","TOM031","PA"
"PAPUA","KAB. LANNY JAYA","MUARA","PAPUA","LANNY JAYA","TOM","MUARA-TOM","TOM030","PA"
"PAPUA","KAB. LANNY JAYA","BUGUK GONA","PAPUA","LANNY JAYA","TOM","BUGUK GONA","TOM015","PA"
"PAPUA","KAB. LANNY JAYA","MELAGI","PAPUA","LANNY JAYA","TOM","MELAGI","TOM026","PA"
"PAPUA","KAB. MAMBERAMO RAYA","MAMBERAMO TENGAH","PAPUA","MAMBERAMO RAYA","MAM","MAMBERAMO TENGAH","MAM004","PA"
"PAPUA","KAB. MAMBERAMO RAYA","MAMBERAMO HULU","PAPUA","MAMBERAMO RAYA","MAM","MAMBERAMO HULU","MAM003","PA"
"PAPUA","KAB. MAMBERAMO RAYA","RUFAER","PAPUA","MAMBERAMO RAYA","MAM","ROFAER","MAM006","PA"
"PAPUA","KAB. MAMBERAMO RAYA","MAMBERAMO TENGAH TIMUR","PAPUA","MAMBERAMO RAYA","MAM","MAMBERAMO TENGAH TIMUR","MAM005","PA"
"PAPUA","KAB. MAMBERAMO RAYA","MAMBERAMO HILIR","PAPUA","MAMBERAMO RAYA","MAM","MAMBERAMO HILIR","MAM002","PA"
"PAPUA","KAB. MAMBERAMO RAYA","WAROPEN ATAS","PAPUA","MAMBERAMO RAYA","MAM","WAROPEN ATAS","MAM008","PA"
"PAPUA","KAB. MAMBERAMO RAYA","BENUKI","PAPUA","MAMBERAMO RAYA","MAM","BENUKI","MAM001","PA"
"PAPUA","KAB. MAMBERAMO RAYA","SAWAI","PAPUA","MAMBERAMO RAYA","MAM","SAWAI","MAM007","PA"
"PAPUA","KAB. MAMBERAMO TENGAH","KOBAGMA","PAPUA","MAMBERAMO TENGAH","KBK","KOBAKMA","KBK004","PA"
"PAPUA","KAB. MAMBERAMO TENGAH","KELILA","PAPUA","MAMBERAMO TENGAH","KBK","KELILA","KBK003","PA"
"PAPUA","KAB. MAMBERAMO TENGAH","ERAGAYAM","PAPUA","MAMBERAMO TENGAH","KBK","ERAGAYAM","KBK001","PA"
"PAPUA","KAB. MAMBERAMO TENGAH","MEGAMBILIS","PAPUA","MAMBERAMO TENGAH","KBK","MEGABILIS","KBK005","PA"
"PAPUA","KAB. MAMBERAMO TENGAH","ILUGWA","PAPUA","MAMBERAMO TENGAH","KBK","LLUGWA","KBK002","PA"
"PAPUA","KAB. MAPPI","OBAA","PAPUA","MAPPI","MAP","OBAA","MAP006","PA"
"PAPUA","KAB. MAPPI","MAMBIOMAN BAPAI","PAPUA","MAPPI","MAP","NAMBIOMAN BAPAI","MAP005","PA"
"PAPUA","KAB. MAPPI","CITAK-MITAK","PAPUA","MAPPI","MAP","CITAKMITAK","MAP002","PA"
"PAPUA","KAB. MAPPI","EDERA","PAPUA","MAPPI","MAP","EDERA","MAP003","PA"
"PAPUA","KAB. MAPPI","HAJU","PAPUA","MAPPI","MAP","HAJU","MAP004","PA"
"PAPUA","KAB. MAPPI","ASSUE","PAPUA","MAPPI","MAP","ASSUE","MAP001","PA"
"PAPUA","KAB. MAPPI","KAIBAR","PAPUA","MAPPI","MAP","KAIBAR","MAP007","PA"
"PAPUA","KAB. MAPPI","PASSUE","PAPUA","MAPPI","MAP","PASSUE","MAP009","PA"
"PAPUA","KAB. MAPPI","MINYAMUR","PAPUA","MAPPI","MAP","MINYAMUR","MAP008","PA"
"PAPUA","KAB. MAPPI","VENAHA","PAPUA","MAPPI","MAP","VENAHA","MAP010","PA"
"PAPUA","KAB. MAPPI","SYAHCAME","PAPUA","MAPPI","MAP","SYAHCAME","MAP014","PA"
"PAPUA","KAB. MAPPI","YAKOMI","PAPUA","MAPPI","MAP","YAKOMI","MAP012","PA"
"PAPUA","KAB. MAPPI","BAMGI","PAPUA","MAPPI","MAP","BAMGI","MAP011","PA"
"PAPUA","KAB. MAPPI","PASSUE BAWAH","PAPUA","MAPPI","MAP","PASSUE BAWAH","MAP013","PA"
"PAPUA","KAB. MAPPI","TI ZAIN","PAPUA","MAPPI","MAP","TI ZAIN","MAP015","PA"
"PAPUA","KAB. MERAUKE","MERAUKE","PAPUA","MERAUKE","MKQ","MERAUKE","MKQ009","PA"
"PAPUA","KAB. MERAUKE","MUTING","PAPUA","MERAUKE","MKQ","MUTING","MKQ010","PA"
"PAPUA","KAB. MERAUKE","OKABA","PAPUA","MERAUKE","MKQ","OKABA","MKQ013","PA"
"PAPUA","KAB. MERAUKE","KIMAAM","PAPUA","MERAUKE","MKQ","KIMAAM","MKQ006","PA"
"PAPUA","KAB. MERAUKE","SEMANGGA","PAPUA","MERAUKE","MKQ","SEMANGGA","MKQ014","PA"
"PAPUA","KAB. MERAUKE","TANAH MIRING","PAPUA","MERAUKE","MKQ","TANAH MIRING","MKQ017","PA"
"PAPUA","KAB. MERAUKE","JAGEBOB","PAPUA","MERAUKE","MKQ","JAGEBOB","MKQ004","PA"
"PAPUA","KAB. MERAUKE","SOTA","PAPUA","MERAUKE","MKQ","SOTA","MKQ015","PA"
"PAPUA","KAB. MERAUKE","ULILIN","PAPUA","MERAUKE","MKQ","ULILIN","MKQ019","PA"
"PAPUA","KAB. MERAUKE","ELIKOBAL","PAPUA","MERAUKE","MKQ","ELIGOBEL","MKQ002","PA"
"PAPUA","KAB. MERAUKE","KURIK","PAPUA","MERAUKE","MKQ","KURIK","MKQ007","PA"
"PAPUA","KAB. MERAUKE","NAUKENJERAI","PAPUA","MERAUKE","MKQ","NUAKENJERAI","MKQ011","PA"
"PAPUA","KAB. MERAUKE","ANIMHA","PAPUA","MERAUKE","MKQ","ANIMHA","MKQ001","PA"
"PAPUA","KAB. MERAUKE","MALIND","PAPUA","MERAUKE","MKQ","MALIND","MKQ008","PA"
"PAPUA","KAB. MERAUKE","TUBANG","PAPUA","MERAUKE","MKQ","TUBANG","MKQ018","PA"
"PAPUA","KAB. MERAUKE","NGGUTI","PAPUA","MERAUKE","MKQ","NGGUTI","MKQ012","PA"
"PAPUA","KAB. MERAUKE","KAPTEL","PAPUA","MERAUKE","MKQ","KAPTEL","MKQ005","PA"
"PAPUA","KAB. MERAUKE","TABONJI","PAPUA","MERAUKE","MKQ","TABONJI","MKQ016","PA"
"PAPUA","KAB. MERAUKE","WAAN","PAPUA","MERAUKE","MKQ","WAAN","MKQ020","PA"
"PAPUA","KAB. MERAUKE","ILWAYAB","PAPUA","MERAUKE","MKQ","ILYAWAB","MKQ003","PA"
"PAPUA","KAB. MIMIKA","MIMIKA BARU","PAPUA","MIMIKA","TIM","MIMIKA BARU","TIM001","PA"
"PAPUA","KAB. MIMIKA","AGIMUGA","PAPUA","MIMIKA","TIM","AGIMUGA","TIM003","PA"
"PAPUA","KAB. MIMIKA","MIMIKA TIMUR","PAPUA","MIMIKA","TIM","MIMIKA TIMUR","TIM002","PA"
"PAPUA","KAB. MIMIKA","MIMIKA BARAT","PAPUA","MIMIKA","TIM","MIMIKA BARAT","TIM007","PA"
"PAPUA","KAB. MIMIKA","JITA","PAPUA","MIMIKA","TIM","JITA","TIM005","PA"
"PAPUA","KAB. MIMIKA","JILA","PAPUA","MIMIKA","TIM","JILA","TIM004","PA"
"PAPUA","KAB. MIMIKA","MIMIKA TIMUR JAUH","PAPUA","MIMIKA","TIM","MIMIKA TIMUR JAUH","TIM010","PA"
"PAPUA","KAB. MIMIKA","KUALA KENCANA","PAPUA","MIMIKA","TIM","KUALA KENCANA","TIM006","PA"
"PAPUA","KAB. MIMIKA","TEMBAGAPURA","PAPUA","MIMIKA","TIM","TEMBAGAPURA","TIM012","PA"
"PAPUA","KAB. MIMIKA","MIMIKA BARAT JAUH","PAPUA","MIMIKA","TIM","MIMIKA BARAT JAUH","TIM008","PA"
"PAPUA","KAB. MIMIKA","MIMIKA BARAT TENGAH","PAPUA","MIMIKA","TIM","MIMIKA BARAT TENGAH","TIM009","PA"
"PAPUA","KAB. MIMIKA","KWAMKI NARAMA","PAPUA","MIMIKA","TIM","KWAMKI NARAMA","TIM017","PA"
"PAPUA","KAB. MIMIKA","HOYA","PAPUA","MIMIKA","TIM","HOYA","TIM015","PA"
"PAPUA","KAB. MIMIKA","IWAKA","PAPUA","MIMIKA","TIM","IWAKA","TIM016","PA"
"PAPUA","KAB. MIMIKA","WANIA","PAPUA","MIMIKA","TIM","WANIA","TIM018","PA"
"PAPUA","KAB. MIMIKA","AMAR","PAPUA","MIMIKA","TIM","AMAR","TIM014","PA"
"PAPUA","KAB. MIMIKA","ALAMA","PAPUA","MIMIKA","TIM","ALAMA-TIM","TIM013","PA"
"PAPUA","KAB. NABIRE","NABIRE","PAPUA","NABIRE","NBX","NABIRE KOTA","NBX001","PA"
"PAPUA","KAB. NABIRE","NAPAN","PAPUA","NABIRE","NBX","NAPAN","NBX005","PA"
"PAPUA","KAB. NABIRE","YAUR","PAPUA","NABIRE","NBX","YAUR","NBX012","PA"
"PAPUA","KAB. NABIRE","UWAPA","PAPUA","NABIRE","NBX","UWAPA","NBX008","PA"
"PAPUA","KAB. NABIRE","WANGGAR","PAPUA","NABIRE","NBX","WANGGAR","NBX009","PA"
"PAPUA","KAB. NABIRE","SIRIWO","PAPUA","NABIRE","NBX","SIRIWO-NBX","NBX006","PA"
"PAPUA","KAB. NABIRE","MAKIMI","PAPUA","NABIRE","NBX","MAKIMI","NBX004","PA"
"PAPUA","KAB. NABIRE","TELUK UMAR","PAPUA","NABIRE","NBX","TELUK UMAR","NBX007","PA"
"PAPUA","KAB. NABIRE","TELUK KIMI","PAPUA","NABIRE","NBX","TELUK KIMI","NBX003","PA"
"PAPUA","KAB. NABIRE","YARO","PAPUA","NABIRE","NBX","YARO","NBX011","PA"
"PAPUA","KAB. NABIRE","WAPOGA","PAPUA","NABIRE","NBX","WAPOGA-NBX","NBX010","PA"
"PAPUA","KAB. NABIRE","NABIRE BARAT","PAPUA","NABIRE","NBX","NABIRE BARAT","NBX002","PA"
"PAPUA","KAB. NABIRE","MOORA","PAPUA","NABIRE","NBX","MOORA","NBX015","PA"
"PAPUA","KAB. NABIRE","DIPA","PAPUA","NABIRE","NBX","DIPA","NBX013","PA"
"PAPUA","KAB. NABIRE","MENOU","PAPUA","NABIRE","NBX","MENOU","NBX014","PA"
"PAPUA","KAB. NDUGA","KENYAM","PAPUA","NDUGA","KYM","KENYAM","KYM003","PA"
"PAPUA","KAB. NDUGA","MAPENDUMA","PAPUA","NDUGA","KYM","MAPENDUMA","KYM004","PA"
"PAPUA","KAB. NDUGA","YIGI","PAPUA","NDUGA","KYM","YIGI","KYM008","PA"
"PAPUA","KAB. NDUGA","WOSAK","PAPUA","NDUGA","KYM","WOSAK","KYM007","PA"
"PAPUA","KAB. NDUGA","GESELMA","PAPUA","NDUGA","KYM","GESELMA","KYM002","PA"
"PAPUA","KAB. NDUGA","MUGI","PAPUA","NDUGA","KYM","MUGI-KYM","KYM006","PA"
"PAPUA","KAB. NDUGA","MBUWA","PAPUA","NDUGA","KYM","MBUA","KYM005","PA"
"PAPUA","KAB. NDUGA","GEAREK","PAPUA","NDUGA","KYM","GEAREK","KYM001","PA"
"PAPUA","KAB. NDUGA","KOROPTAK","PAPUA","NDUGA","KYM","KOROPTAK","KYM017","PA"
"PAPUA","KAB. NDUGA","KEGAYEM","PAPUA","NDUGA","KYM","KEGAYEM","KYM014","PA"
"PAPUA","KAB. NDUGA","PARO","PAPUA","NDUGA","KYM","PARO","KYM026","PA"
"PAPUA","KAB. NDUGA","MEBAROK","PAPUA","NDUGA","KYM","MEBAROK","KYM022","PA"
"PAPUA","KAB. NDUGA","YENGGELO","PAPUA","NDUGA","KYM","YENGGELO","KYM032","PA"
"PAPUA","KAB. NDUGA","KILMID","PAPUA","NDUGA","KYM","KILMID","KYM015","PA"
"PAPUA","KAB. NDUGA","ALAMA","PAPUA","NDUGA","KYM","ALAMA-KYM","KYM009","PA"
"PAPUA","KAB. NDUGA","YAL","PAPUA","NDUGA","KYM","YAL","KYM031","PA"
"PAPUA","KAB. NDUGA","MAM","PAPUA","NDUGA","KYM","MAM","KYM019","PA"
"PAPUA","KAB. NDUGA","DAL","PAPUA","NDUGA","KYM","DAL","KYM010","PA"
"PAPUA","KAB. NDUGA","NIRKURI","PAPUA","NDUGA","KYM","NIRKURI","KYM025","PA"
"PAPUA","KAB. NDUGA","INIKGAL","PAPUA","NDUGA","KYM","INIKGAL","KYM012","PA"
"PAPUA","KAB. NDUGA","INIYE","PAPUA","NDUGA","KYM","INIYE","KYM013","PA"
"PAPUA","KAB. NDUGA","MBULMU YALMA","PAPUA","NDUGA","KYM","MBULMU YALMA","KYM021","PA"
"PAPUA","KAB. NDUGA","MBUA TENGAH","PAPUA","NDUGA","KYM","MBUA TENGAH","KYM020","PA"
"PAPUA","KAB. NDUGA","EMBETPEN","PAPUA","NDUGA","KYM","EMBETPEN","KYM011","PA"
"PAPUA","KAB. NDUGA","KORA","PAPUA","NDUGA","KYM","KORA","KYM016","PA"
"PAPUA","KAB. NDUGA","WUSI","PAPUA","NDUGA","KYM","WUSI","KYM029","PA"
"PAPUA","KAB. NDUGA","PIJA","PAPUA","NDUGA","KYM","PIJA","KYM028","PA"
"PAPUA","KAB. NDUGA","MOBA","PAPUA","NDUGA","KYM","MOBA","KYM023","PA"
"PAPUA","KAB. NDUGA","WUTPAGA","PAPUA","NDUGA","KYM","WUTPAGA","KYM030","PA"
"PAPUA","KAB. NDUGA","NENGGEAGIN","PAPUA","NDUGA","KYM","NENGGEAGIN","KYM024","PA"
"PAPUA","KAB. NDUGA","KREPKURI","PAPUA","NDUGA","KYM","KREPKURI","KYM018","PA"
"PAPUA","KAB. NDUGA","PASIR PUTIH","PAPUA","NDUGA","KYM","PASIR PUTIH-KYM","KYM027","PA"
"PAPUA","KAB. PANIAI","PANIAI TIMUR","PAPUA","PANIAI","PAN","PANIAI TIMUR","PAN008","PA"
"PAPUA","KAB. PANIAI","PANIAI BARAT","PAPUA","PANIAI","PAN","PANIAI BARAT","PAN007","PA"
"PAPUA","KAB. PANIAI","ARADIDE","PAPUA","PANIAI","PAN","ARADIDE","PAN001","PA"
"PAPUA","KAB. PANIAI","BOGABAIDA","PAPUA","PANIAI","PAN","BOGOBAIDA","PAN003","PA"
"PAPUA","KAB. PANIAI","BIBIDA","PAPUA","PANIAI","PAN","BIBIDA","PAN002","PA"
"PAPUA","KAB. PANIAI","DUMADAMA","PAPUA","PANIAI","PAN","DUMADAMA","PAN004","PA"
"PAPUA","KAB. PANIAI","SIRIWO","PAPUA","PANIAI","PAN","SIRIWO-PAN","PAN009","PA"
"PAPUA","KAB. PANIAI","KEBO","PAPUA","PANIAI","PAN","KEBO","PAN006","PA"
"PAPUA","KAB. PANIAI","YATAMO","PAPUA","PANIAI","PAN","YATAMO","PAN010","PA"
"PAPUA","KAB. PANIAI","EKADIDE","PAPUA","PANIAI","PAN","EKADIDE","PAN005","PA"
"PAPUA","KAB. PANIAI","WEGEE MUKA","PAPUA","PANIAI","PAN","WEGEE MUKA","PAN011","PA"
"PAPUA","KAB. PANIAI","WEGEE BINO","PAPUA","PANIAI","PAN","WEGEE BINO","PAN012","PA"
"PAPUA","KAB. PANIAI","PUGO DAGI","PAPUA","PANIAI","PAN","PUGO DAGI","PAN013","PA"
"PAPUA","KAB. PANIAI","MUYE","PAPUA","PANIAI","PAN","MUYE","PAN014","PA"
"PAPUA","KAB. PANIAI","NAKAMA","PAPUA","PANIAI","PAN","NAKAMA","PAN015","PA"
"PAPUA","KAB. PANIAI","TELUK DEYA","PAPUA","PANIAI","PAN","TELUK DEYA","PAN016","PA"
"PAPUA","KAB. PANIAI","YAGAI","PAPUA","PANIAI","PAN","YAGAI","PAN017","PA"
"PAPUA","KAB. PANIAI","AWEIDA","PAPUA","PANIAI","PAN","AWEIDA","PAN018","PA"
"PAPUA","KAB. PANIAI","TOPIYAI","PAPUA","PANIAI","PAN","TOPIYAI","PAN019","PA"
"PAPUA","KAB. PUNCAK","ILAGA","PAPUA","PUNCAK","ILA","ILAGA","ILA005","PA"
"PAPUA","KAB. PUNCAK","WANGBE","PAPUA","PUNCAK","ILA","WANGBE","ILA008","PA"
"PAPUA","KAB. PUNCAK","BEOGA","PAPUA","PUNCAK","ILA","BEOGA","ILA002","PA"
"PAPUA","KAB. PUNCAK","DOUFO","PAPUA","PUNCAK","ILA","DOUFU","ILA003","PA"
"PAPUA","KAB. PUNCAK","POGOMA","PAPUA","PUNCAK","ILA","POGOMA","ILA006","PA"
"PAPUA","KAB. PUNCAK","SINAK","PAPUA","PUNCAK","ILA","SINAK","ILA007","PA"
"PAPUA","KAB. PUNCAK","AGANDUGUME","PAPUA","PUNCAK","ILA","AGADUGUME","ILA001","PA"
"PAPUA","KAB. PUNCAK","GOME","PAPUA","PUNCAK","ILA","GOME","ILA004","PA"
"PAPUA","KAB. PUNCAK","BEOGA BARAT","PAPUA","PUNCAK","ILA","BEOGA BARAT","ILA009","PA"
"PAPUA","KAB. PUNCAK","OGAMANIM","PAPUA","PUNCAK","ILA","OGAMANIM","ILA010","PA"
"PAPUA","KAB. PUNCAK","KEMBRU","PAPUA","PUNCAK","ILA","KEMBRU","ILA011","PA"
"PAPUA","KAB. PUNCAK","BINA","PAPUA","PUNCAK","ILA","BINA","ILA012","PA"
"PAPUA","KAB. PUNCAK","SINAK BARAT","PAPUA","PUNCAK","ILA","SINAK BARAT","ILA013","PA"
"PAPUA","KAB. PUNCAK","MAGE'ABUME","PAPUA","PUNCAK","ILA","MAGE'ABUME","ILA014","PA"
"PAPUA","KAB. PUNCAK","YUGUMUAK","PAPUA","PUNCAK","ILA","YUGUMUAK","ILA015","PA"
"PAPUA","KAB. PUNCAK","MABUGI","PAPUA","PUNCAK","ILA","MABUGI","ILA016","PA"
"PAPUA","KAB. PUNCAK","OMUKIA","PAPUA","PUNCAK","ILA","OMUKIA","ILA017","PA"
"PAPUA","KAB. PUNCAK","LAMBEWI","PAPUA","PUNCAK","ILA","LAMBEWI","ILA018","PA"
"PAPUA","KAB. PUNCAK","ONERI","PAPUA","PUNCAK","ILA","ONERI","ILA019","PA"
"PAPUA","KAB. PUNCAK","AMUNGKALPIA","PAPUA","PUNCAK","ILA","AMUNGKALPIA","ILA020","PA"
"PAPUA","KAB. PUNCAK","GOME UTARA","PAPUA","PUNCAK","ILA","GOME UTARA","ILA021","PA"
"PAPUA","KAB. PUNCAK","ERELMAKAWIA","PAPUA","PUNCAK","ILA","ERELMAKAWIA","ILA022","PA"
"PAPUA","KAB. PUNCAK JAYA","MULIA","PAPUA","PUNCAK JAYA","MUL","MULIA","MUL005","PA"
"PAPUA","KAB. PUNCAK JAYA","ILU","PAPUA","PUNCAK JAYA","MUL","ILU","MUL002","PA"
"PAPUA","KAB. PUNCAK JAYA","FAWI","PAPUA","PUNCAK JAYA","MUL","FAWI","MUL001","PA"
"PAPUA","KAB. PUNCAK JAYA","MEWOLUK","PAPUA","PUNCAK JAYA","MUL","MEWOLUK","MUL004","PA"
"PAPUA","KAB. PUNCAK JAYA","YAMO","PAPUA","PUNCAK JAYA","MUL","YAMO","MUL008","PA"
"PAPUA","KAB. PUNCAK JAYA","NUME","PAPUA","PUNCAK JAYA","MUL","NUME","MUL016","PA"
"PAPUA","KAB. PUNCAK JAYA","TORERE","PAPUA","PUNCAK JAYA","MUL","TORERE","MUL007","PA"
"PAPUA","KAB. PUNCAK JAYA","TINGGINAMBUT","PAPUA","PUNCAK JAYA","MUL","TINGGINAMBUT","MUL006","PA"
"PAPUA","KAB. PUNCAK JAYA","PAGALEME","PAPUA","PUNCAK JAYA","MUL","PAGALEME","MUL015","PA"
"PAPUA","KAB. PUNCAK JAYA","GURAGE","PAPUA","PUNCAK JAYA","MUL","GURAGE","MUL024","PA"
"PAPUA","KAB. PUNCAK JAYA","IRIMULI","PAPUA","PUNCAK JAYA","MUL","IRIMULI","MUL021","PA"
"PAPUA","KAB. PUNCAK JAYA","MUARA","PAPUA","PUNCAK JAYA","MUL","MUARA-MUL","MUL017","PA"
"PAPUA","KAB. PUNCAK JAYA","ILAMBURAWI","PAPUA","PUNCAK JAYA","MUL","ILAMBURAWI","MUL023","PA"
"PAPUA","KAB. PUNCAK JAYA","YAMBI","PAPUA","PUNCAK JAYA","MUL","YAMBI","MUL011","PA"
"PAPUA","KAB. PUNCAK JAYA","LUMO","PAPUA","PUNCAK JAYA","MUL","LUMO","MUL027","PA"
"PAPUA","KAB. PUNCAK JAYA","MOLANIKIME","PAPUA","PUNCAK JAYA","MUL","MOLANIKIME","MUL018","PA"
"PAPUA","KAB. PUNCAK JAYA","DOKOME","PAPUA","PUNCAK JAYA","MUL","DOKOME","MUL022","PA"
"PAPUA","KAB. PUNCAK JAYA","KALOME","PAPUA","PUNCAK JAYA","MUL","KALOME","MUL020","PA"
"PAPUA","KAB. PUNCAK JAYA","WANWI","PAPUA","PUNCAK JAYA","MUL","WANWI","MUL012","PA"
"PAPUA","KAB. PUNCAK JAYA","YAMONERI","PAPUA","PUNCAK JAYA","MUL","YAMONERI","MUL010","PA"
"PAPUA","KAB. PUNCAK JAYA","WAEGI","PAPUA","PUNCAK JAYA","MUL","WAEGI","MUL013","PA"
"PAPUA","KAB. PUNCAK JAYA","NIOGA","PAPUA","PUNCAK JAYA","MUL","NIOGA","MUL003","PA"
"PAPUA","KAB. PUNCAK JAYA","GUBUME","PAPUA","PUNCAK JAYA","MUL","GUBUME","MUL025","PA"
"PAPUA","KAB. PUNCAK JAYA","TAGANOMBAK","PAPUA","PUNCAK JAYA","MUL","TAGANOMBAK","MUL014","PA"
"PAPUA","KAB. PUNCAK JAYA","DAGAI","PAPUA","PUNCAK JAYA","MUL","DAGAI","MUL026","PA"
"PAPUA","KAB. PUNCAK JAYA","KIYAGE","PAPUA","PUNCAK JAYA","MUL","KIYAGE","MUL019","PA"
"PAPUA","KAB. SARMI","SARMI","PAPUA","SARMI","SAM","SARMI","SAM007","PA"
"PAPUA","KAB. SARMI","TOR ATAS","PAPUA","SARMI","SAM","TOR ATAS","SAM010","PA"
"PAPUA","KAB. SARMI","PANTAI BARAT","PAPUA","SARMI","SAM","PANTAI BARAT","SAM004","PA"
"PAPUA","KAB. SARMI","PANTAI TIMUR","PAPUA","SARMI","SAM","PANTAI TIMUR","SAM005","PA"
"PAPUA","KAB. SARMI","BONGGO","PAPUA","SARMI","SAM","BONGGO","SAM002","PA"
"PAPUA","KAB. SARMI","APAWER HULU","PAPUA","SARMI","SAM","APAWER HULU","SAM001","PA"
"PAPUA","KAB. SARMI","SARMI SELATAN","PAPUA","SARMI","SAM","SARMI SELATAN","SAM008","PA"
"PAPUA","KAB. SARMI","SARMI TIMUR","PAPUA","SARMI","SAM","SARMI TIMUR","SAM009","PA"
"PAPUA","KAB. SARMI","PANTAI TIMUR BAGIAN BARAT","PAPUA","SARMI","SAM","PANTAI TIMUR BARAT","SAM006","PA"
"PAPUA","KAB. SARMI","BONGGO TIMUR","PAPUA","SARMI","SAM","BONGGO TIMUR","SAM003","PA"
"PAPUA","KAB. SUPIORI","SUPIORI SELATAN","PAPUA","SORENDIWERI","SOD","SUPIORI SELATAN","SOD003","PA"
"PAPUA","KAB. SUPIORI","SUPIORI UTARA","PAPUA","SORENDIWERI","SOD","SUPIORI UTARA","SOD005","PA"
"PAPUA","KAB. SUPIORI","SUPIORI TIMUR","PAPUA","SORENDIWERI","SOD","SUPIORI TIMUR","SOD004","PA"
"PAPUA","KAB. SUPIORI","KEPULAUAN ARURI","PAPUA","SORENDIWERI","SOD","KEPULAUAN ARURI","SOD001","PA"
"PAPUA","KAB. SUPIORI","SUPIORI BARAT","PAPUA","SORENDIWERI","SOD","SUPIORI BARAT","SOD002","PA"
"PAPUA","KAB. TOLIKARA","KARUBAGA","PAPUA","TOLIKARA","KAR","KARUBAGA","KAR015","PA"
"PAPUA","KAB. TOLIKARA","BOKONDINI","PAPUA","TOLIKARA","KAR","BOKONDINI","KAR003","PA"
"PAPUA","KAB. TOLIKARA","KANGGIME","PAPUA","TOLIKARA","KAR","KANGGIME","KAR014","PA"
"PAPUA","KAB. TOLIKARA","KEMBU","PAPUA","TOLIKARA","KAR","KEMBU","KAR016","PA"
"PAPUA","KAB. TOLIKARA","GOYAGE","PAPUA","TOLIKARA","KAR","GOYAGE","KAR011","PA"
"PAPUA","KAB. TOLIKARA","WUNIM","PAPUA","TOLIKARA","KAR","WUNIN","KAR033","PA"
"PAPUA","KAB. TOLIKARA","WINA","PAPUA","TOLIKARA","KAR","WINA","KAR031","PA"
"PAPUA","KAB. TOLIKARA","UMAGI","PAPUA","TOLIKARA","KAR","UMAGI","KAR029","PA"
"PAPUA","KAB. TOLIKARA","PANAGA","PAPUA","TOLIKARA","KAR","PANAGA","KAR024","PA"
"PAPUA","KAB. TOLIKARA","WONIKI","PAPUA","TOLIKARA","KAR","WONOKI","KAR032","PA"
"PAPUA","KAB. TOLIKARA","KUBU","PAPUA","TOLIKARA","KAR","KUBU-KAR","KAR019","PA"
"PAPUA","KAB. TOLIKARA","KONDA/ KONDAGA","PAPUA","TOLIKARA","KAR","KONDAGA","KAR017","PA"
"PAPUA","KAB. TOLIKARA","NELAWI","PAPUA","TOLIKARA","KAR","NELAWI","KAR021","PA"
"PAPUA","KAB. TOLIKARA","KUARI","PAPUA","TOLIKARA","KAR","KUARI","KAR018","PA"
"PAPUA","KAB. TOLIKARA","BOKONERI","PAPUA","TOLIKARA","KAR","BOKONERI","KAR004","PA"
"PAPUA","KAB. TOLIKARA","BEWANI","PAPUA","TOLIKARA","KAR","BEWANI","KAR002","PA"
"PAPUA","KAB. TOLIKARA","NABUNAGE","PAPUA","TOLIKARA","KAR","NABUNAGE","KAR020","PA"
"PAPUA","KAB. TOLIKARA","GILUBANDU","PAPUA","TOLIKARA","KAR","GILUBANDU","KAR010","PA"
"PAPUA","KAB. TOLIKARA","NUNGGAWI","PAPUA","TOLIKARA","KAR","NUNGGAWI","KAR023","PA"
"PAPUA","KAB. TOLIKARA","GUNDAGI","PAPUA","TOLIKARA","KAR","GUNDAGI","KAR012","PA"
"PAPUA","KAB. TOLIKARA","NUMBA","PAPUA","TOLIKARA","KAR","NUMBA","KAR022","PA"
"PAPUA","KAB. TOLIKARA","TIMORI","PAPUA","TOLIKARA","KAR","TIMORI","KAR028","PA"
"PAPUA","KAB. TOLIKARA","DUNDU","PAPUA","TOLIKARA","KAR","DUNDU","KAR007","PA"
"PAPUA","KAB. TOLIKARA","GEYA","PAPUA","TOLIKARA","KAR","GEYA","KAR009","PA"
"PAPUA","KAB. TOLIKARA","EGIAM","PAPUA","TOLIKARA","KAR","EGIAM","KAR008","PA"
"PAPUA","KAB. TOLIKARA","POGANERI","PAPUA","TOLIKARA","KAR","POGANERI","KAR025","PA"
"PAPUA","KAB. TOLIKARA","KAMBONERI","PAPUA","TOLIKARA","KAR","KAMBONERI","KAR013","PA"
"PAPUA","KAB. TOLIKARA","AIRGARAM","PAPUA","TOLIKARA","KAR","AIRGARAM","KAR001","PA"
"PAPUA","KAB. TOLIKARA","WARI/TAIYEVE II","PAPUA","TOLIKARA","KAR","WARI","KAR030","PA"
"PAPUA","KAB. TOLIKARA","DOW","PAPUA","TOLIKARA","KAR","DOW","KAR006","PA"
"PAPUA","KAB. TOLIKARA","TAGINERI","PAPUA","TOLIKARA","KAR","TAGINERI-KAR","KAR027","PA"
"PAPUA","KAB. TOLIKARA","YUNERI","PAPUA","TOLIKARA","KAR","YUNERI","KAR034","PA"
"PAPUA","KAB. TOLIKARA","WAKUWO","PAPUA","TOLIKARA","KAR","WAKUWO","KAR035","PA"
"PAPUA","KAB. TOLIKARA","GIKA","PAPUA","TOLIKARA","KAR","GIKA","KAR044","PA"
"PAPUA","KAB. TOLIKARA","TELENGGEME","PAPUA","TOLIKARA","KAR","TELENGGEME","KAR040","PA"
"PAPUA","KAB. TOLIKARA","ANAWI","PAPUA","TOLIKARA","KAR","ANAWI","KAR039","PA"
"PAPUA","KAB. TOLIKARA","WENAM","PAPUA","TOLIKARA","KAR","WENAN","KAR038","PA"
"PAPUA","KAB. TOLIKARA","WUGI","PAPUA","TOLIKARA","KAR","WUGI","KAR037","PA"
"PAPUA","KAB. TOLIKARA","DANIME","PAPUA","TOLIKARA","KAR","DANIME","KAR045","PA"
"PAPUA","KAB. TOLIKARA","TAGIME","PAPUA","TOLIKARA","KAR","TAGIME-KAR","KAR041","PA"
"PAPUA","KAB. TOLIKARA","KAI","PAPUA","TOLIKARA","KAR","KAI","KAR043","PA"
"PAPUA","KAB. TOLIKARA","AWEKU","PAPUA","TOLIKARA","KAR","AWEKU","KAR048","PA"
"PAPUA","KAB. TOLIKARA","BOGONUK","PAPUA","TOLIKARA","KAR","BOGONUK","KAR046","PA"
"PAPUA","KAB. TOLIKARA","LI ANOGOMMA","PAPUA","TOLIKARA","KAR","LI ANOGOMMA","KAR042","PA"
"PAPUA","KAB. TOLIKARA","BIUK","PAPUA","TOLIKARA","KAR","BIUK","KAR047","PA"
"PAPUA","KAB. TOLIKARA","YUKO","PAPUA","TOLIKARA","KAR","YUKO","KAR036","PA"
"PAPUA","KAB. WAROPEN","WAROPEN BAWAH","PAPUA","YAPEN WAROPEN","YPN","WAROPEN BAWAH","YPN006","PA"
"PAPUA","KAB. WAROPEN","MASIREI","PAPUA","YAPEN WAROPEN","YPN","MASIREI","YPN003","PA"
"PAPUA","KAB. WAROPEN","RISEI SAYATI","PAPUA","YAPEN WAROPEN","YPN","RISEI SAYATI","YPN004","PA"
"PAPUA","KAB. WAROPEN","UREI FAISEI","PAPUA","YAPEN WAROPEN","YPN","UREI FASEI","YPN005","PA"
"PAPUA","KAB. WAROPEN","INGGERUS","PAPUA","YAPEN WAROPEN","YPN","INGGERUS","YPN001","PA"
"PAPUA","KAB. WAROPEN","KIRIHI","PAPUA","YAPEN WAROPEN","YPN","KIRIHI","YPN002","PA"
"PAPUA","KAB. WAROPEN","OUDATE","PAPUA","WAROPEN","BOW","OADATE","BOW002","PA"
"PAPUA","KAB. WAROPEN","WAPOGA","PAPUA","WAROPEN","BOW","WAPOGA-BOW","BOW004","PA"
"PAPUA","KAB. WAROPEN","DEMBA","PAPUA","WAROPEN","BOW","DEMBA","BOW006","PA"
"PAPUA","KAB. WAROPEN","WONTI","PAPUA","WAROPEN","BOW","WONTI","BOW005","PA"
"PAPUA","KAB. WAROPEN","SOYOI MAMBAI","PAPUA","WAROPEN","BOW","SOYOI MAMBAI","BOW003","PA"
"PAPUA","KAB. YAHUKIMO","KURIMA","PAPUA","YAHUKIMO","SUH","KURIMA","SUH017","PA"
"PAPUA","KAB. YAHUKIMO","ANGGRUK","PAPUA","YAHUKIMO","SUH","ANGGRUK","SUH002","PA"
"PAPUA","KAB. YAHUKIMO","NINIA","PAPUA","YAHUKIMO","SUH","NINIA","SUH025","PA"
"PAPUA","KAB. YAHUKIMO","SILIMO","PAPUA","YAHUKIMO","SUH","SILIMO","SUH035","PA"
"PAPUA","KAB. YAHUKIMO","SAMENAGE","PAPUA","YAHUKIMO","SUH","SAMENAGE","SUH032","PA"
"PAPUA","KAB. YAHUKIMO","NALCA","PAPUA","YAHUKIMO","SUH","NALCA","SUH024","PA"
"PAPUA","KAB. YAHUKIMO","DEKAI","PAPUA","YAHUKIMO","SUH","DEKAI","SUH004","PA"
"PAPUA","KAB. YAHUKIMO","OBIO","PAPUA","YAHUKIMO","SUH","OBIO","SUH027","PA"
"PAPUA","KAB. YAHUKIMO","SURU SURU","PAPUA","YAHUKIMO","SUH","SURU SURU","SUH041","PA"
"PAPUA","KAB. YAHUKIMO","WUSAMA","PAPUA","YAHUKIMO","SUH","WUSUMA","SUH049","PA"
"PAPUA","KAB. YAHUKIMO","AMUMA","PAPUA","YAHUKIMO","SUH","AMUMA","SUH001","PA"
"PAPUA","KAB. YAHUKIMO","MUSAIK","PAPUA","YAHUKIMO","SUH","MUSAIK","SUH023","PA"
"PAPUA","KAB. YAHUKIMO","PASEMA","PAPUA","YAHUKIMO","SUH","PASEMA","SUH029","PA"
"PAPUA","KAB. YAHUKIMO","HOGIO","PAPUA","YAHUKIMO","SUH","HOGIO","SUH010","PA"
"PAPUA","KAB. YAHUKIMO","MUGI","PAPUA","YAHUKIMO","SUH","MUGI-SUH","SUH022","PA"
"PAPUA","KAB. YAHUKIMO","SOBA","PAPUA","YAHUKIMO","SUH","SOBA","SUH036","PA"
"PAPUA","KAB. YAHUKIMO","WERIMA","PAPUA","YAHUKIMO","SUH","WERIMA","SUH048","PA"
"PAPUA","KAB. YAHUKIMO","TANGMA","PAPUA","YAHUKIMO","SUH","TANGMA","SUH043","PA"
"PAPUA","KAB. YAHUKIMO","UKHA","PAPUA","YAHUKIMO","SUH","UKHA","SUH046","PA"
"PAPUA","KAB. YAHUKIMO","PANGGEMA","PAPUA","YAHUKIMO","SUH","PANGGEMA","SUH028","PA"
"PAPUA","KAB. YAHUKIMO","KOSAREK","PAPUA","YAHUKIMO","SUH","KOSAREK","SUH016","PA"
"PAPUA","KAB. YAHUKIMO","NIPSAN","PAPUA","YAHUKIMO","SUH","NIPSAN","SUH026","PA"
"PAPUA","KAB. YAHUKIMO","UBAHAK","PAPUA","YAHUKIMO","SUH","UBAHAK","SUH044","PA"
"PAPUA","KAB. YAHUKIMO","PRONGGOLI","PAPUA","YAHUKIMO","SUH","PRONGGOLI","SUH030","PA"
"PAPUA","KAB. YAHUKIMO","WALMA","PAPUA","YAHUKIMO","SUH","WALMA","SUH047","PA"
"PAPUA","KAB. YAHUKIMO","YAHULIAMBUT","PAPUA","YAHUKIMO","SUH","YAHULIAMBUT","SUH050","PA"
"PAPUA","KAB. YAHUKIMO","HEREAPINI","PAPUA","YAHUKIMO","SUH","HEREAPINI","SUH008","PA"
"PAPUA","KAB. YAHUKIMO","UBALIHI","PAPUA","YAHUKIMO","SUH","UBALIHI","SUH045","PA"
"PAPUA","KAB. YAHUKIMO","TALAMBO","PAPUA","YAHUKIMO","SUH","TALAMBO","SUH042","PA"
"PAPUA","KAB. YAHUKIMO","PULDAMA","PAPUA","YAHUKIMO","SUH","PULDAMA","SUH031","PA"
"PAPUA","KAB. YAHUKIMO","ENDOMEN","PAPUA","YAHUKIMO","SUH","ENDOMEN","SUH007","PA"
"PAPUA","KAB. YAHUKIMO","KONA","PAPUA","YAHUKIMO","SUH","KONA","SUH014","PA"
"PAPUA","KAB. YAHUKIMO","DIRWEMNA","PAPUA","YAHUKIMO","SUH","DIRWEMNA","SUH005","PA"
"PAPUA","KAB. YAHUKIMO","HOLUON","PAPUA","YAHUKIMO","SUH","HOLUON","SUH011","PA"
"PAPUA","KAB. YAHUKIMO","LOLAT","PAPUA","YAHUKIMO","SUH","LOLAT","SUH021","PA"
"PAPUA","KAB. YAHUKIMO","SOLOIKMA","PAPUA","YAHUKIMO","SUH","SOLOIKMA","SUH038","PA"
"PAPUA","KAB. YAHUKIMO","SELA","PAPUA","YAHUKIMO","SUH","SELA","SUH033","PA"
"PAPUA","KAB. YAHUKIMO","KORUPUN","PAPUA","YAHUKIMO","SUH","KOROPUN","SUH015","PA"
"PAPUA","KAB. YAHUKIMO","LANGDA","PAPUA","YAHUKIMO","SUH","LANGDA","SUH020","PA"
"PAPUA","KAB. YAHUKIMO","BOMELA","PAPUA","YAHUKIMO","SUH","BOMELA","SUH003","PA"
"PAPUA","KAB. YAHUKIMO","SUNTAMON","PAPUA","YAHUKIMO","SUH","SUNTAMON","SUH040","PA"
"PAPUA","KAB. YAHUKIMO","SEREDELA","PAPUA","YAHUKIMO","SUH","SEREDELA","SUH034","PA"
"PAPUA","KAB. YAHUKIMO","SOBAHAM","PAPUA","YAHUKIMO","SUH","SOBAHAM","SUH037","PA"
"PAPUA","KAB. YAHUKIMO","KABIANGGAMA","PAPUA","YAHUKIMO","SUH","KABIANGGAMA","SUH012","PA"
"PAPUA","KAB. YAHUKIMO","KWELEMDUA","PAPUA","YAHUKIMO","SUH","KWELEMDUA","SUH018","PA"
"PAPUA","KAB. YAHUKIMO","KWIKMA","PAPUA","YAHUKIMO","SUH","KWIKMA","SUH019","PA"
"PAPUA","KAB. YAHUKIMO","HILIPUK","PAPUA","YAHUKIMO","SUH","HILIPUK","SUH009","PA"
"PAPUA","KAB. YAHUKIMO","DURAM","PAPUA","YAHUKIMO","SUH","DURAM","SUH006","PA"
"PAPUA","KAB. YAHUKIMO","YOGOSEM","PAPUA","YAHUKIMO","SUH","YOGOSEM","SUH051","PA"
"PAPUA","KAB. YAHUKIMO","KAYO","PAPUA","YAHUKIMO","SUH","KAYO","SUH013","PA"
"PAPUA","KAB. YAHUKIMO","SUMO","PAPUA","YAHUKIMO","SUH","SUMO","SUH039","PA"
"PAPUA","KAB. YALIMO","ELELIM","PAPUA","YALIMO","ELE","ELELIM","ELE004","PA"
"PAPUA","KAB. YALIMO","APALAPSILI","PAPUA","YALIMO","ELE","APALAPSILI","ELE002","PA"
"PAPUA","KAB. YALIMO","ABENAHO","PAPUA","YALIMO","ELE","ABENAHO","ELE001","PA"
"PAPUA","KAB. YALIMO","BENAWA","PAPUA","YALIMO","ELE","BENAWA","ELE003","PA"
"PAPUA","KAB. YALIMO","WELAREK","PAPUA","YALIMO","ELE","WELAREK","ELE005","PA"
"PAPUA","KOTA JAYAPURA","JAYAPURA UTARA","PAPUA","JAYAPURA","DJJ","JAYAPURA UTARA","DJJ005","PA"
"PAPUA","KOTA JAYAPURA","JAYAPURA SELATAN","PAPUA","JAYAPURA","DJJ","JAYAPURA SELATAN","DJJ001","PA"
"PAPUA","KOTA JAYAPURA","ABEPURA","PAPUA","JAYAPURA","DJJ","ABEPURA","DJJ003","PA"
"PAPUA","KOTA JAYAPURA","MUARA TAMI","PAPUA","JAYAPURA","DJJ","MUARA TAMI","DJJ002","PA"
"PAPUA","KOTA JAYAPURA","HERAM","PAPUA","JAYAPURA","DJJ","HERAM","DJJ004","PA"
"PAPUA BARAT","KAB. PEGUNUNGAN ARFAK","ANGGI","PAPUA","ARFAK","AGG","ANGGI","AGG001","PB"
"PAPUA BARAT","KAB. PEGUNUNGAN ARFAK","ANGGI GIDA","PAPUA","ARFAK","AGG","ANGGI GIDA","AGG002","PB"
"PAPUA BARAT","KAB. PEGUNUNGAN ARFAK","MEMBEY","PAPUA","ARFAK","AGG","MEMBEY","AGG010","PB"
"PAPUA BARAT","KAB. PEGUNUNGAN ARFAK","SURUREY","PAPUA","ARFAK","AGG","SURUREY","AGG005","PB"
"PAPUA BARAT","KAB. PEGUNUNGAN ARFAK","DIDOHU","PAPUA","ARFAK","AGG","DIDOHU","AGG003","PB"
"PAPUA BARAT","KAB. PEGUNUNGAN ARFAK","TAIGE","PAPUA","ARFAK","AGG","TAIGE","AGG006","PB"
"PAPUA BARAT","KAB. PEGUNUNGAN ARFAK","CATUBOUW","PAPUA","ARFAK","AGG","CATUBOUW","AGG008","PB"
"PAPUA BARAT","KAB. PEGUNUNGAN ARFAK","TESTEGA","PAPUA","ARFAK","AGG","TESTEGA","AGG007","PB"
"PAPUA BARAT","KAB. PEGUNUNGAN ARFAK","MINYAMBAOUW","PAPUA","ARFAK","AGG","MENYAMBOUW","AGG004","PB"
"PAPUA BARAT","KAB. PEGUNUNGAN ARFAK","HINGK","PAPUA","ARFAK","AGG","HINGK","AGG009","PB"
"PAPUA BARAT","KAB. FAK FAK","FAK-FAK","PAPUA BARAT","FAK-FAK","FKQ","FAK FAK","FKQ001","PB"
"PAPUA BARAT","KAB. FAK FAK","FAK-FAK BARAT","PAPUA BARAT","FAK-FAK","FKQ","FAK FAK BARAT","FKQ003","PB"
"PAPUA BARAT","KAB. FAK FAK","FAK-FAK TIMUR","PAPUA BARAT","FAK-FAK","FKQ","FAK FAK TIMUR","FKQ005","PB"
"PAPUA BARAT","KAB. FAK FAK","KOKAS","PAPUA BARAT","FAK-FAK","FKQ","KOKAS","FKQ007","PB"
"PAPUA BARAT","KAB. FAK FAK","FAK-FAK TENGAH","PAPUA BARAT","FAK-FAK","FKQ","FAK FAK TENGAH","FKQ002","PB"
"PAPUA BARAT","KAB. FAK FAK","KARAS","PAPUA BARAT","FAK-FAK","FKQ","KARAS-FAK","FKQ006","PB"
"PAPUA BARAT","KAB. FAK FAK","BOMBERAY","PAPUA BARAT","FAK-FAK","FKQ","BOMBERAY","FKQ004","PB"
"PAPUA BARAT","KAB. FAK FAK","KRAMONGMONGGA","PAPUA BARAT","FAK-FAK","FKQ","KRAMAMONGGA","FKQ008","PB"
"PAPUA BARAT","KAB. FAK FAK","TELUK PATIPI","PAPUA BARAT","FAK-FAK","FKQ","TELUK PATIPI","FKQ009","PB"
"PAPUA BARAT","KAB. FAK FAK","PARIWARI","PAPUA BARAT","FAK-FAK","FKQ","PARIWARI","FKQ015","PB"
"PAPUA BARAT","KAB. FAK FAK","WARTUTIN","PAPUA BARAT","FAK-FAK","FKQ","WARTUTIN","FKQ017","PB"
"PAPUA BARAT","KAB. FAK FAK","FAKFAK TIMUR TENGAH","PAPUA BARAT","FAK-FAK","FKQ","FAK FAK TIMUR TENGAH","FKQ012","PB"
"PAPUA BARAT","KAB. FAK FAK","ARGUNI","PAPUA BARAT","FAK-FAK","FKQ","ARGUNI","FKQ010","PB"
"PAPUA BARAT","KAB. FAK FAK","MBAHAMDANDARA","PAPUA BARAT","FAK-FAK","FKQ","MBAHAMDANDARA","FKQ014","PB"
"PAPUA BARAT","KAB. FAK FAK","KAYAUNI","PAPUA BARAT","FAK-FAK","FKQ","KAYAUNI","FKQ013","PB"
"PAPUA BARAT","KAB. FAK FAK","FURWAGI","PAPUA BARAT","FAK-FAK","FKQ","FURWAGI","FKQ011","PB"
"PAPUA BARAT","KAB. FAK FAK","TOMAGE","PAPUA BARAT","FAK-FAK","FKQ","TOMAGE","FKQ016","PB"
"PAPUA BARAT","KAB. KAIMANA","KAIMANA","PAPUA BARAT","KAIMANA","KAI","KAIMANA","KAI001","PB"
"PAPUA BARAT","KAB. KAIMANA","BURUWAY","PAPUA BARAT","KAIMANA","KAI","BURUWAY","KAI002","PB"
"PAPUA BARAT","KAB. KAIMANA","TELUK ARGUNI ATAS","PAPUA BARAT","KAIMANA","KAI","TELUK ARGUNI ATAS","KAI004","PB"
"PAPUA BARAT","KAB. KAIMANA","TELUK ETNA","PAPUA BARAT","KAIMANA","KAI","TELUK ETNA","KAI005","PB"
"PAPUA BARAT","KAB. KAIMANA","KAMBRAU","PAPUA BARAT","KAIMANA","KAI","KAMBRAW","KAI003","PB"
"PAPUA BARAT","KAB. KAIMANA","TELUK ARGUNI BAWAH","PAPUA BARAT","KAIMANA","KAI","YERUSI _ TELUK ARGUNI BAWAH","KAI007","PB"
"PAPUA BARAT","KAB. KAIMANA","YAMOR","PAPUA BARAT","KAIMANA","KAI","YAMOR","KAI006","PB"
"PAPUA BARAT","KAB. MANOKWARI","WARMARE","PAPUA BARAT","MANOKWARI","MKW","WARMARE","MKW009","PB"
"PAPUA BARAT","KAB. MANOKWARI","PRAFI","PAPUA BARAT","MANOKWARI","MKW","PRAFI","MKW006","PB"
"PAPUA BARAT","KAB. MANOKWARI","MASNI","PAPUA BARAT","MANOKWARI","MKW","MASNI","MKW005","PB"
"PAPUA BARAT","KAB. MANOKWARI","MANOKWARI BARAT","PAPUA BARAT","MANOKWARI","MKW","MANOKWARI BARAT","MKW002","PB"
"PAPUA BARAT","KAB. MANOKWARI","MANOKWARI TIMUR","PAPUA BARAT","MANOKWARI","MKW","MANOKWARI TIMUR","MKW001","PB"
"PAPUA BARAT","KAB. MANOKWARI","MANOKWARI UTARA","PAPUA BARAT","MANOKWARI","MKW","MANOKWARI UTARA","MKW004","PB"
"PAPUA BARAT","KAB. MANOKWARI","MANOKWARI SELATAN","PAPUA BARAT","MANOKWARI","MKW","MANOKWARI SELATAN","MKW003","PB"
"PAPUA BARAT","KAB. MANOKWARI","TANAH RUBUH","PAPUA BARAT","MANOKWARI","MKW","TANAH RUBUH","MKW008","PB"
"PAPUA BARAT","KAB. MANOKWARI","SIDEY","PAPUA BARAT","MANOKWARI","MKW","SIDEY","MKW007","PB"
"PAPUA BARAT","KAB. MANOKWARI SELATAN","RANSIKI","PAPUA BARAT","MANOKWARI SELATAN","RAN","RANSIKI","RAN005","PB"
"PAPUA BARAT","KAB. MANOKWARI SELATAN","ORANSBARI","PAPUA BARAT","MANOKWARI SELATAN","RAN","ORANSBARI","RAN004","PB"
"PAPUA BARAT","KAB. MANOKWARI SELATAN","NENEY","PAPUA BARAT","MANOKWARI SELATAN","RAN","NENEY","RAN003","PB"
"PAPUA BARAT","KAB. MANOKWARI SELATAN","DATARAN ISIM","PAPUA BARAT","MANOKWARI SELATAN","RAN","DATARAN ISIM","RAN001","PB"
"PAPUA BARAT","KAB. MANOKWARI SELATAN","MOMI WAREN","PAPUA BARAT","MANOKWARI SELATAN","RAN","MOMI WAREN","RAN002","PB"
"PAPUA BARAT","KAB. MANOKWARI SELATAN","TAHOTA","PAPUA BARAT","MANOKWARI SELATAN","RAN","TAHOTA","RAN006","PB"
"PAPUA BARAT","KAB. MAYBRAT","AIFAT","PAPUA BARAT","MAYBRAT","KUM","AIFAT","KUM001","PB"
"PAPUA BARAT","KAB. MAYBRAT","AIFAT UTARA","PAPUA BARAT","MAYBRAT","KUM","AIFAT UTARA","KUM008","PB"
"PAPUA BARAT","KAB. MAYBRAT","AIFAT TIMUR","PAPUA BARAT","MAYBRAT","KUM","AIFAT TIMUR","KUM002","PB"
"PAPUA BARAT","KAB. MAYBRAT","AIFAT SELATAN","PAPUA BARAT","MAYBRAT","KUM","AIFAT SELATAN","KUM007","PB"
"PAPUA BARAT","KAB. MAYBRAT","AITINYO BARAT","PAPUA BARAT","MAYBRAT","KUM","AITINYO BARAT","KUM009","PB"
"PAPUA BARAT","KAB. MAYBRAT","AITINYO","PAPUA BARAT","MAYBRAT","KUM","AITINYO","KUM003","PB"
"PAPUA BARAT","KAB. MAYBRAT","AITINYO UTARA","PAPUA BARAT","MAYBRAT","KUM","AITINYO UTARA","KUM010","PB"
"PAPUA BARAT","KAB. MAYBRAT","AYAMARU","PAPUA BARAT","MAYBRAT","KUM","AYAMARU","KUM004","PB"
"PAPUA BARAT","KAB. MAYBRAT","AYAMARU UTARA","PAPUA BARAT","MAYBRAT","KUM","AYAMARU UTARA","KUM005","PB"
"PAPUA BARAT","KAB. MAYBRAT","AYAMARU TIMUR","PAPUA BARAT","MAYBRAT","KUM","AYAMARU TIMUR","KUM011","PB"
"PAPUA BARAT","KAB. MAYBRAT","MARE","PAPUA BARAT","MAYBRAT","KUM","MARE-KUM","KUM006","PB"
"PAPUA BARAT","KAB. MAYBRAT","AIFAT TIMUR TENGAH","PAPUA BARAT","MAYBRAT","KUM","AIFAT TIMUR TENGAH","KUM014","PB"
"PAPUA BARAT","KAB. MAYBRAT","AIFAT TIMUR JAUH","PAPUA BARAT","MAYBRAT","KUM","AIFAT TIMU JAUH","KUM012","PB"
"PAPUA BARAT","KAB. MAYBRAT","AIFAT TIMUR SELATAN","PAPUA BARAT","MAYBRAT","KUM","AIFAT TIMUR SELATAN","KUM013","PB"
"PAPUA BARAT","KAB. MAYBRAT","AYAMARU SELATAN","PAPUA BARAT","MAYBRAT","KUM","AYAMARU SELATAN","KUM019","PB"
"PAPUA BARAT","KAB. MAYBRAT","AYAMARU JAYA","PAPUA BARAT","MAYBRAT","KUM","AYAMARU JAYA","KUM018","PB"
"PAPUA BARAT","KAB. MAYBRAT","AYAMARU SELATAN JAYA","PAPUA BARAT","MAYBRAT","KUM","AYAMARU SELATAN JAYA","KUM020","PB"
"PAPUA BARAT","KAB. MAYBRAT","AYAMARU TIMUR SELATAN","PAPUA BARAT","MAYBRAT","KUM","AYAMARU TIMUR SELATAN","KUM022","PB"
"PAPUA BARAT","KAB. MAYBRAT","AYAMARU UTARA TIMUR","PAPUA BARAT","MAYBRAT","KUM","AYAMARU UTARA TIMUR","KUM023","PB"
"PAPUA BARAT","KAB. MAYBRAT","AYAMARU TENGAH","PAPUA BARAT","MAYBRAT","KUM","AYAMARU TENGAH","KUM021","PB"
"PAPUA BARAT","KAB. MAYBRAT","AYAMARU BARAT","PAPUA BARAT","MAYBRAT","KUM","AYAMARU BARAT","KUM017","PB"
"PAPUA BARAT","KAB. MAYBRAT","AITINYO TENGAH","PAPUA BARAT","MAYBRAT","KUM","AITINYO TENGAH","KUM016","PB"
"PAPUA BARAT","KAB. MAYBRAT","AITINYO RAYA","PAPUA BARAT","MAYBRAT","KUM","AITINYO RAYA","KUM015","PB"
"PAPUA BARAT","KAB. MAYBRAT","MARE SELATAN","PAPUA BARAT","MAYBRAT","KUM","MARE SELATAN","KUM024","PB"
"PAPUA BARAT","KAB. RAJA AMPAT","SALAWATI TENGAH","PAPUA BARAT","RAJA AMPAT","WAS","SALAWATI TENGAH","WAS022","PB"
"PAPUA BARAT","KAB. RAJA AMPAT","MISOOL (MISOOL UTARA)","PAPUA BARAT","RAJA AMPAT","WAS","MISOOL UTARA","WAS007","PB"
"PAPUA BARAT","KAB. RAJA AMPAT","WAIGEO UTARA","PAPUA BARAT","RAJA AMPAT","WAS","WAIGEO UTARA","WAS015","PB"
"PAPUA BARAT","KAB. RAJA AMPAT","WAIGEO SELATAN","PAPUA BARAT","RAJA AMPAT","WAS","WAIGEO SELATAN","WAS013","PB"
"PAPUA BARAT","KAB. RAJA AMPAT","SALAWATI UTARA","PAPUA BARAT","RAJA AMPAT","WAS","SALAWATI UTARA","WAS008","PB"
"PAPUA BARAT","KAB. RAJA AMPAT","KEPULAUAN AYAU","PAPUA BARAT","RAJA AMPAT","WAS","KEPULAUAN AYAU","WAS001","PB"
"PAPUA BARAT","KAB. RAJA AMPAT","MISOOL TIMUR","PAPUA BARAT","RAJA AMPAT","WAS","MISOOL TIMUR","WAS006","PB"
"PAPUA BARAT","KAB. RAJA AMPAT","WAIGEO BARAT","PAPUA BARAT","RAJA AMPAT","WAS","WAIGEO BARAT","WAS011","PB"
"PAPUA BARAT","KAB. RAJA AMPAT","WAIGEO TIMUR","PAPUA BARAT","RAJA AMPAT","WAS","WAIGEO TIMUR","WAS014","PB"
"PAPUA BARAT","KAB. RAJA AMPAT","TELUK MAYALIBIT","PAPUA BARAT","RAJA AMPAT","WAS","TELUK MAYALIBIT","WAS010","PB"
"PAPUA BARAT","KAB. RAJA AMPAT","KOFIAU","PAPUA BARAT","RAJA AMPAT","WAS","KOFIAU","WAS002","PB"
"PAPUA BARAT","KAB. RAJA AMPAT","MEOS MANSAR","PAPUA BARAT","RAJA AMPAT","WAS","MEOS MANSAR","WAS003","PB"
"PAPUA BARAT","KAB. RAJA AMPAT","MISOOL SELATAN","PAPUA BARAT","RAJA AMPAT","WAS","MISOOL SELATAN","WAS005","PB"
"PAPUA BARAT","KAB. RAJA AMPAT","WARWARBOMI","PAPUA BARAT","RAJA AMPAT","WAS","WARWABOMI","WAS016","PB"
"PAPUA BARAT","KAB. RAJA AMPAT","WAIGEO BARAT KEPULAUAN","PAPUA BARAT","RAJA AMPAT","WAS","WAIGEO BARAT KEPULAUAN","WAS012","PB"
"PAPUA BARAT","KAB. RAJA AMPAT","MISOOL BARAT","PAPUA BARAT","RAJA AMPAT","WAS","MISOOL BARAT","WAS004","PB"
"PAPUA BARAT","KAB. RAJA AMPAT","KEPULAUAN SEMBILAN","PAPUA BARAT","RAJA AMPAT","WAS","KEPULAUAN SEMBILAN","WAS019","PB"
"PAPUA BARAT","KAB. RAJA AMPAT","KOTA WAISAI","PAPUA BARAT","RAJA AMPAT","WAS","KOTA WAISAI","WAS020","PB"
"PAPUA BARAT","KAB. RAJA AMPAT","TIPLOL MAYALIBIT","PAPUA BARAT","RAJA AMPAT","WAS","TIPLOL MAYALIBIT","WAS024","PB"
"PAPUA BARAT","KAB. RAJA AMPAT","BATANTA UTARA","PAPUA BARAT","RAJA AMPAT","WAS","BATANTA UTARA","WAS018","PB"
"PAPUA BARAT","KAB. RAJA AMPAT","SALAWATI BARAT","PAPUA BARAT","RAJA AMPAT","WAS","SALAWATI BARAT","WAS021","PB"
"PAPUA BARAT","KAB. RAJA AMPAT","SUPNIN","PAPUA BARAT","RAJA AMPAT","WAS","SUPNIN","WAS023","PB"
"PAPUA BARAT","KAB. RAJA AMPAT","AYAU","PAPUA BARAT","RAJA AMPAT","WAS","AYAU","WAS017","PB"
"PAPUA BARAT","KAB. RAJA AMPAT","BATANTA SELATAN","PAPUA BARAT","RAJA AMPAT","WAS","BATANTA SELATAN","WAS025","PB"
"PAPUA BARAT","KAB. SORONG","MAKBON","PAPUA BARAT","KAB.SORONG","SON","MAKBON","SON004","PB"
"PAPUA BARAT","KAB. SORONG","BERAUR","PAPUA BARAT","KAB.SORONG","SON","BERAUR","SON002","PB"
"PAPUA BARAT","KAB. SORONG","SALAWATI","PAPUA BARAT","KAB.SORONG","SON","SALAWATI","SON006","PB"
"PAPUA BARAT","KAB. SORONG","SEGET","PAPUA BARAT","KAB.SORONG","SON","SEGET","SON009","PB"
"PAPUA BARAT","KAB. SORONG","AIMAS","PAPUA BARAT","KAB.SORONG","SON","AIMAS","SON001","PB"
"PAPUA BARAT","KAB. SORONG","KLAMONO","PAPUA BARAT","KAB.SORONG","SON","KLAMONO","SON003","PB"
"PAPUA BARAT","KAB. SORONG","SAYOSA","PAPUA BARAT","KAB.SORONG","SON","SAYOSA","SON008","PB"
"PAPUA BARAT","KAB. SORONG","SEGUN","PAPUA BARAT","KAB.SORONG","SON","SEGUN","SON010","PB"
"PAPUA BARAT","KAB. SORONG","MAYAMUK","PAPUA BARAT","KAB.SORONG","SON","MAYAMUK","SON005","PB"
"PAPUA BARAT","KAB. SORONG","SALAWATI SELATAN","PAPUA BARAT","KAB.SORONG","SON","SALAWATI SELATAN","SON007","PB"
"PAPUA BARAT","KAB. SORONG","KLABOT","PAPUA BARAT","KAB.SORONG","SON","KLABOT","SON011","PB"
"PAPUA BARAT","KAB. SORONG","KLAWAK","PAPUA BARAT","KAB.SORONG","SON","KLAWAK","SON013","PB"
"PAPUA BARAT","KAB. SORONG","MAUDUS","PAPUA BARAT","KAB.SORONG","SON","MAUDUS","SON016","PB"
"PAPUA BARAT","KAB. SORONG","MARIAT","PAPUA BARAT","KAB.SORONG","SON","MARIAT","SON015","PB"
"PAPUA BARAT","KAB. SORONG","KLAYILI","PAPUA BARAT","KAB.SORONG","SON","KLAYILI","SON014","PB"
"PAPUA BARAT","KAB. SORONG","KLASO","PAPUA BARAT","KAB.SORONG","SON","KLASO","SON012","PB"
"PAPUA BARAT","KAB. SORONG","MOISEGEN","PAPUA BARAT","KAB.SORONG","SON","MOISEGEN","SON017","PB"
"PAPUA BARAT","KAB. SORONG SELATAN","TEMINABUAN","PAPUA BARAT","SORONG SELATAN","TEM","TEMINABUAN","TEM007","PB"
"PAPUA BARAT","KAB. SORONG SELATAN","INANWATAN","PAPUA BARAT","SORONG SELATAN","TEM","INANWATAN","TEM001","PB"
"PAPUA BARAT","KAB. SORONG SELATAN","SAWIAT","PAPUA BARAT","SORONG SELATAN","TEM","SAWIAT","TEM005","PB"
"PAPUA BARAT","KAB. SORONG SELATAN","KOKODA","PAPUA BARAT","SORONG SELATAN","TEM","KOKODA","TEM003","PB"
"PAPUA BARAT","KAB. SORONG SELATAN","MOSWAREN","PAPUA BARAT","SORONG SELATAN","TEM","MOSWAREN","TEM004","PB"
"PAPUA BARAT","KAB. SORONG SELATAN","SEREMUK","PAPUA BARAT","SORONG SELATAN","TEM","SEREMUK","TEM006","PB"
"PAPUA BARAT","KAB. SORONG SELATAN","WAYER","PAPUA BARAT","SORONG SELATAN","TEM","WAYER","TEM008","PB"
"PAPUA BARAT","KAB. SORONG SELATAN","KAIS","PAPUA BARAT","SORONG SELATAN","TEM","KAIS","TEM002","PB"
"PAPUA BARAT","KAB. SORONG SELATAN","KONDA","PAPUA BARAT","SORONG SELATAN","TEM","KONDA-TEM","TEM011","PB"
"PAPUA BARAT","KAB. SORONG SELATAN","MATEMANI","PAPUA BARAT","SORONG SELATAN","TEM","MATEMANI","TEM012","PB"
"PAPUA BARAT","KAB. SORONG SELATAN","KOKODA UTARA","PAPUA BARAT","SORONG SELATAN","TEM","KOKODA UTARA","TEM010","PB"
"PAPUA BARAT","KAB. SORONG SELATAN","SAIFI","PAPUA BARAT","SORONG SELATAN","TEM","SAIFI","TEM013","PB"
"PAPUA BARAT","KAB. SORONG SELATAN","FOKOUR","PAPUA BARAT","SORONG SELATAN","TEM","FOKOUR","TEM009","PB"
"PAPUA BARAT","KAB. SORONG SELATAN","SALKMA","PAPUA BARAT","SORONG SELATAN","TEM","SALKMA","TEM015","PB"
"PAPUA BARAT","KAB. SORONG SELATAN","KAIS DARAT","PAPUA BARAT","SORONG SELATAN","TEM","KAIS DARAT","TEM014","PB"
"PAPUA BARAT","KAB. TAMBRAUW","FEF","PAPUA BARAT","TAMBRAUW","FEF","FEF","FEF003","PB"
"PAPUA BARAT","KAB. TAMBRAUW","MIYAH","PAPUA BARAT","TAMBRAUW","FEF","MIYAH","FEF005","PB"
"PAPUA BARAT","KAB. TAMBRAUW","YEMBUN","PAPUA BARAT","TAMBRAUW","FEF","YEMBUN","FEF010","PB"
"PAPUA BARAT","KAB. TAMBRAUW","KWOOR","PAPUA BARAT","TAMBRAUW","FEF","KWOOR","FEF011","PB"
"PAPUA BARAT","KAB. TAMBRAUW","SAUSAPOR","PAPUA BARAT","TAMBRAUW","FEF","SAUSAPOR","FEF008","PB"
"PAPUA BARAT","KAB. TAMBRAUW","ABUN","PAPUA BARAT","TAMBRAUW","FEF","ABUN","FEF001","PB"
"PAPUA BARAT","KAB. TAMBRAUW","SYUJAK","PAPUA BARAT","TAMBRAUW","FEF","SYUJAK","FEF017","PB"
"PAPUA BARAT","KAB. TAMBRAUW","MORAID","PAPUA BARAT","TAMBRAUW","FEF","MORAID","FEF006","PB"
"PAPUA BARAT","KAB. TAMBRAUW","KEBAR","PAPUA BARAT","TAMBRAUW","FEF","KEBAR","FEF004","PB"
"PAPUA BARAT","KAB. TAMBRAUW","AMBERBAKEN","PAPUA BARAT","TAMBRAUW","FEF","AMBERBAKEN","FEF002","PB"
"PAPUA BARAT","KAB. TAMBRAUW","SENOPI","PAPUA BARAT","TAMBRAUW","FEF","SENOPI","FEF009","PB"
"PAPUA BARAT","KAB. TAMBRAUW","MUBRANI","PAPUA BARAT","TAMBRAUW","FEF","MUBRANI","FEF007","PB"
"PAPUA BARAT","KAB. TAMBRAUW","BIKAR","PAPUA BARAT","TAMBRAUW","FEF","BIKAR","FEF012","PB"
"PAPUA BARAT","KAB. TAMBRAUW","BAMUSBAMA","PAPUA BARAT","TAMBRAUW","FEF","BAMUSBAMA","FEF014","PB"
"PAPUA BARAT","KAB. TAMBRAUW","ASES","PAPUA BARAT","TAMBRAUW","FEF","ASES","FEF020","PB"
"PAPUA BARAT","KAB. TAMBRAUW","MIYAH SELATAN","PAPUA BARAT","TAMBRAUW","FEF","MIYAH SELATAN","FEF027","PB"
"PAPUA BARAT","KAB. TAMBRAUW","IRERES","PAPUA BARAT","TAMBRAUW","FEF","IRERES","FEF021","PB"
"PAPUA BARAT","KAB. TAMBRAUW","TOBOUW","PAPUA BARAT","TAMBRAUW","FEF","TOBOUW","FEF018","PB"
"PAPUA BARAT","KAB. TAMBRAUW","WILHEM ROUMBOUTS","PAPUA BARAT","TAMBRAUW","FEF","WILHEM ROUMBOUTS","FEF019","PB"
"PAPUA BARAT","KAB. TAMBRAUW","TINGGOUW","PAPUA BARAT","TAMBRAUW","FEF","TINGGOUW","FEF016","PB"
"PAPUA BARAT","KAB. TAMBRAUW","KWESEFO","PAPUA BARAT","TAMBRAUW","FEF","KWESEFO","FEF015","PB"
"PAPUA BARAT","KAB. TAMBRAUW","MAWABUAN","PAPUA BARAT","TAMBRAUW","FEF","MAWABUAN","FEF025","PB"
"PAPUA BARAT","KAB. TAMBRAUW","KEBAR TIMUR","PAPUA BARAT","TAMBRAUW","FEF","KEBAR TIMUR","FEF023","PB"
"PAPUA BARAT","KAB. TAMBRAUW","KEBAR SELATAN","PAPUA BARAT","TAMBRAUW","FEF","KEBAR SELATAN","FEF024","PB"
"PAPUA BARAT","KAB. TAMBRAUW","MANEKAR","PAPUA BARAT","TAMBRAUW","FEF","MANEKAR","FEF028","PB"
"PAPUA BARAT","KAB. TAMBRAUW","MPUR","PAPUA BARAT","TAMBRAUW","FEF","MPUR","FEF026","PB"
"PAPUA BARAT","KAB. TAMBRAUW","AMBERBAKEN BARAT","PAPUA BARAT","TAMBRAUW","FEF","AMBERBAKEN BARAT","FEF013","PB"
"PAPUA BARAT","KAB. TAMBRAUW","KASI","PAPUA BARAT","TAMBRAUW","FEF","KASI","FEF022","PB"
"PAPUA BARAT","KAB. TAMBRAUW","SELEMKAI","PAPUA BARAT","TAMBRAUW","FEF","SELEMKAI","FEF029","PB"
"PAPUA BARAT","KAB. TELUK BINTUNI","BINTUNI","PAPUA BARAT","TELUK BINTUNI","NTI","BINTUNI","NTI004","PB"
"PAPUA BARAT","KAB. TELUK BINTUNI","MERDEY","PAPUA BARAT","TELUK BINTUNI","NTI","MERDEY","NTI014","PB"
"PAPUA BARAT","KAB. TELUK BINTUNI","BABO","PAPUA BARAT","TELUK BINTUNI","NTI","BABO","NTI003","PB"
"PAPUA BARAT","KAB. TELUK BINTUNI","ARANDAY","PAPUA BARAT","TELUK BINTUNI","NTI","ARANDAY","NTI001","PB"
"PAPUA BARAT","KAB. TELUK BINTUNI","MOSKONA SELATAN","PAPUA BARAT","TELUK BINTUNI","NTI","MOSKONA SELATAN","NTI016","PB"
"PAPUA BARAT","KAB. TELUK BINTUNI","MOSKONA UTARA","PAPUA BARAT","TELUK BINTUNI","NTI","MOSKONA UTARA","NTI018","PB"
"PAPUA BARAT","KAB. TELUK BINTUNI","WAMESA","PAPUA BARAT","TELUK BINTUNI","NTI","WAMESA _ IDOOR","NTI023","PB"
"PAPUA BARAT","KAB. TELUK BINTUNI","FAFURWAR","PAPUA BARAT","TELUK BINTUNI","NTI","FAFURWAR _ IRORUTU","NTI007","PB"
"PAPUA BARAT","KAB. TELUK BINTUNI","TEMBUNI","PAPUA BARAT","TELUK BINTUNI","NTI","TEMBUNI","NTI020","PB"
"PAPUA BARAT","KAB. TELUK BINTUNI","KURI","PAPUA BARAT","TELUK BINTUNI","NTI","KURI","NTI010","PB"
"PAPUA BARAT","KAB. TELUK BINTUNI","MANIMERI","PAPUA BARAT","TELUK BINTUNI","NTI","MANIMERI","NTI011","PB"
"PAPUA BARAT","KAB. TELUK BINTUNI","TUHIBA","PAPUA BARAT","TELUK BINTUNI","NTI","TUHIBA","NTI022","PB"
"PAPUA BARAT","KAB. TELUK BINTUNI","DATARAN BEIMES","PAPUA BARAT","TELUK BINTUNI","NTI","DATARAN BEIMES","NTI006","PB"
"PAPUA BARAT","KAB. TELUK BINTUNI","SUMURI","PAPUA BARAT","TELUK BINTUNI","NTI","SUMURI _ SIMURI","NTI019","PB"
"PAPUA BARAT","KAB. TELUK BINTUNI","KAITARO","PAPUA BARAT","TELUK BINTUNI","NTI","KAITARO","NTI008","PB"
"PAPUA BARAT","KAB. TELUK BINTUNI","AROBA","PAPUA BARAT","TELUK BINTUNI","NTI","AROBA","NTI002","PB"
"PAPUA BARAT","KAB. TELUK BINTUNI","MASYETA","PAPUA BARAT","TELUK BINTUNI","NTI","MASYETA","NTI012","PB"
"PAPUA BARAT","KAB. TELUK BINTUNI","BISCOOP","PAPUA BARAT","TELUK BINTUNI","NTI","BISCOOP","NTI005","PB"
"PAPUA BARAT","KAB. TELUK BINTUNI","TOMU","PAPUA BARAT","TELUK BINTUNI","NTI","TOMU","NTI021","PB"
"PAPUA BARAT","KAB. TELUK BINTUNI","KAMUNDAN","PAPUA BARAT","TELUK BINTUNI","NTI","KAMUNDAN","NTI009","PB"
"PAPUA BARAT","KAB. TELUK BINTUNI","WERIAGAR","PAPUA BARAT","TELUK BINTUNI","NTI","WERIAGAR","NTI024","PB"
"PAPUA BARAT","KAB. TELUK BINTUNI","MOSKONA BARAT","PAPUA BARAT","TELUK BINTUNI","NTI","MOSKONA BARAT","NTI015","PB"
"PAPUA BARAT","KAB. TELUK BINTUNI","MEYADO","PAPUA BARAT","TELUK BINTUNI","NTI","MAYADO","NTI013","PB"
"PAPUA BARAT","KAB. TELUK BINTUNI","MOSKONA TIMUR","PAPUA BARAT","TELUK BINTUNI","NTI","MOSKONA TIMUR","NTI017","PB"
"PAPUA BARAT","KAB. TELUK WONDAMA","WASIOR","PAPUA BARAT","TELUK WONDAMA","RAS","WASIOR","RAS003","PB"
"PAPUA BARAT","KAB. TELUK WONDAMA","WINDESI","PAPUA BARAT","TELUK WONDAMA","RAS","WINDESI-RAS","RAS007","PB"
"PAPUA BARAT","KAB. TELUK WONDAMA","WAMESA","PAPUA BARAT","TELUK WONDAMA","RAS","WAMESA","RAS002","PB"
"PAPUA BARAT","KAB. TELUK WONDAMA","RUMBERPON","PAPUA BARAT","TELUK WONDAMA","RAS","RUMBERPON","RAS001","PB"
"PAPUA BARAT","KAB. TELUK WONDAMA","RASIEI","PAPUA BARAT","TELUK WONDAMA","RAS","RASIEI","RAS009","PB"
"PAPUA BARAT","KAB. TELUK WONDAMA","KURI WAMESA","PAPUA BARAT","TELUK WONDAMA","RAS","KURI WAMESA","RAS012","PB"
"PAPUA BARAT","KAB. TELUK WONDAMA","ROON","PAPUA BARAT","TELUK WONDAMA","RAS","ROON","RAS013","PB"
"PAPUA BARAT","KAB. TELUK WONDAMA","ROSWAR","PAPUA BARAT","TELUK WONDAMA","RAS","ROSWAR","RAS010","PB"
"PAPUA BARAT","KAB. TELUK WONDAMA","NIKIWAR","PAPUA BARAT","TELUK WONDAMA","RAS","NIKIWAR","RAS008","PB"
"PAPUA BARAT","KAB. TELUK WONDAMA","SOUG JAYA","PAPUA BARAT","TELUK WONDAMA","RAS","SOUG JAYA","RAS011","PB"
"PAPUA BARAT","KOTA SORONG","SORONG","PAPUA BARAT","SORONG","SOQ","SORONG","SOQ001","PB"
"PAPUA BARAT","KOTA SORONG","SORONG TIMUR","PAPUA BARAT","SORONG","SOQ","SORONG TIMUR","SOQ003","PB"
"PAPUA BARAT","KOTA SORONG","SORONG BARAT","PAPUA BARAT","SORONG","SOQ","SORONG BARAT","SOQ004","PB"
"PAPUA BARAT","KOTA SORONG","SORONG KEPULAUAN","PAPUA BARAT","SORONG","SOQ","SORONG KEPULAUAN","SOQ005","PB"
"PAPUA BARAT","KOTA SORONG","SORONG UTARA","PAPUA BARAT","SORONG","SOQ","SORONG UTARA","SOQ002","PB"
"PAPUA BARAT","KOTA SORONG","SORONG MANOI","PAPUA BARAT","SORONG","SOQ","SORONG MANOI","SOQ009","PB"
"PAPUA BARAT","KOTA SORONG","SORONG KOTA","PAPUA BARAT","SORONG","SOQ","SORONG KOTA","SOQ010","PB"
"PAPUA BARAT","KOTA SORONG","KLAURUNG","PAPUA BARAT","SORONG","SOQ","KLAURUNG","SOQ006","PB"
"PAPUA BARAT","KOTA SORONG","MALAIMSIMSA","PAPUA BARAT","SORONG","SOQ","MALAIMSIMA","SOQ008","PB"
"PAPUA BARAT","KOTA SORONG","MALADUM MES","PAPUA BARAT","SORONG","SOQ","MALADUM MES","SOQ007","PB"
"RIAU","KAB. KUANTAN SINGINGI","KUANTAN MUDIK","KEPULAUAN RIAU","KUATAN SINGINGI","TKK","KUANTAN MUDIK","TKK007","RI"
"RIAU","KAB. KUANTAN SINGINGI","KUANTAN TENGAH","KEPULAUAN RIAU","KUATAN SINGINGI","TKK","KUANTAN TENGAH","TKK008","RI"
"RIAU","KAB. KUANTAN SINGINGI","SINGINGI","KEPULAUAN RIAU","KUATAN SINGINGI","TKK","SINGINGI","TKK011","RI"
"RIAU","KAB. KUANTAN SINGINGI","KUANTAN HILIR","KEPULAUAN RIAU","KUATAN SINGINGI","TKK","KUANTAN HILIR","TKK006","RI"
"RIAU","KAB. KUANTAN SINGINGI","CERENTI","KEPULAUAN RIAU","KUATAN SINGINGI","TKK","CERENTI","TKK002","RI"
"RIAU","KAB. KUANTAN SINGINGI","BENAI","KEPULAUAN RIAU","KUATAN SINGINGI","TKK","BENAI","TKK001","RI"
"RIAU","KAB. KUANTAN SINGINGI","GUNUNGTOAR","KEPULAUAN RIAU","KUATAN SINGINGI","TKK","GUNUNG TOAR","TKK003","RI"
"RIAU","KAB. KUANTAN SINGINGI","SINGINGI HILIR","KEPULAUAN RIAU","KUATAN SINGINGI","TKK","SINGINGI HILIR","TKK012","RI"
"RIAU","KAB. KUANTAN SINGINGI","PANGEAN","KEPULAUAN RIAU","KUATAN SINGINGI","TKK","PANGEAN","TKK010","RI"
"RIAU","KAB. KUANTAN SINGINGI","LOGAS TANAH DARAT","KEPULAUAN RIAU","KUATAN SINGINGI","TKK","LOGAS TANAH DARAT","TKK009","RI"
"RIAU","KAB. KUANTAN SINGINGI","INUMAN","KEPULAUAN RIAU","KUATAN SINGINGI","TKK","INUMAN","TKK005","RI"
"RIAU","KAB. KUANTAN SINGINGI","HULU KUANTAN","KEPULAUAN RIAU","KUATAN SINGINGI","TKK","HULU KUANTAN","TKK004","RI"
"RIAU","KAB. KUANTAN SINGINGI","KUANTAN HILIR SEBERANG","KEPULAUAN RIAU","KUATAN SINGINGI","TKK","KUANTAN HILIR SEBERANG","TKK013","RI"
"RIAU","KAB. KUANTAN SINGINGI","SENTAJO RAYA","KEPULAUAN RIAU","KUATAN SINGINGI","TKK","SENTAJO RAYA","TKK015","RI"
"RIAU","KAB. KUANTAN SINGINGI","PUCUK RANTAU","KEPULAUAN RIAU","KUATAN SINGINGI","TKK","PUCUK RANTAU","TKK014","RI"
"RIAU","KAB. BENGKALIS","BENGKALIS","RIAU","BENGKALIS","BGS","BENGKALIS","BGS002","RI"
"RIAU","KAB. BENGKALIS","BANTAN","RIAU","BENGKALIS","BGS","BANTAN","BGS001","RI"
"RIAU","KAB. BENGKALIS","BUKIT BATU","RIAU","BENGKALIS","BGS","BUKIT BATU-BGS","BGS003","RI"
"RIAU","KAB. BENGKALIS","MANDAU","RIAU","BENGKALIS","BGS","MANDAU","BGS004","RI"
"RIAU","KAB. BENGKALIS","RUPAT","RIAU","BENGKALIS","BGS","RUPAT","BGS006","RI"
"RIAU","KAB. BENGKALIS","RUPAT UTARA","RIAU","BENGKALIS","BGS","RUPAT UTARA","BGS007","RI"
"RIAU","KAB. BENGKALIS","SIAK KECIL","RIAU","BENGKALIS","BGS","SIAK KECIL","BGS008","RI"
"RIAU","KAB. BENGKALIS","PINGGIR","RIAU","BENGKALIS","BGS","PINGGIR","BGS005","RI"
"RIAU","KAB. INDRAGIRI HILIR","RETEH","RIAU","INDRAGIRI HILIR","TBL","RETEH","TBL014","RI"
"RIAU","KAB. INDRAGIRI HILIR","ENOK","RIAU","INDRAGIRI HILIR","TBL","ENOK","TBL003","RI"
"RIAU","KAB. INDRAGIRI HILIR","KUALA INDRAGIRI","RIAU","INDRAGIRI HILIR","TBL","KUALA INDRAGIRI","TBL010","RI"
"RIAU","KAB. INDRAGIRI HILIR","TEMBILAHAN","RIAU","INDRAGIRI HILIR","TBL","TEMBILAHAN","TBL018","RI"
"RIAU","KAB. INDRAGIRI HILIR","TEMPULING","RIAU","INDRAGIRI HILIR","TBL","TEMPULING","TBL020","RI"
"RIAU","KAB. INDRAGIRI HILIR","GAUNG ANAK SERKA","RIAU","INDRAGIRI HILIR","TBL","GAUNG ANAK SERKA","TBL005","RI"
"RIAU","KAB. INDRAGIRI HILIR","MANDAH","RIAU","INDRAGIRI HILIR","TBL","MANDAH","TBL011","RI"
"RIAU","KAB. INDRAGIRI HILIR","KATEMAN","RIAU","INDRAGIRI HILIR","TBL","KATEMAN","TBL006","RI"
"RIAU","KAB. INDRAGIRI HILIR","KERITANG","RIAU","INDRAGIRI HILIR","TBL","KERITANG","TBL009","RI"
"RIAU","KAB. INDRAGIRI HILIR","TANAH MERAH","RIAU","INDRAGIRI HILIR","TBL","TANAH MERAH-TBL","TBL016","RI"
"RIAU","KAB. INDRAGIRI HILIR","BATANG TUAKA","RIAU","INDRAGIRI HILIR","TBL","BATANG TUAKA","TBL001","RI"
"RIAU","KAB. INDRAGIRI HILIR","GAUNG","RIAU","INDRAGIRI HILIR","TBL","GAUNG","TBL004","RI"
"RIAU","KAB. INDRAGIRI HILIR","TEMBILAHAN HULU","RIAU","INDRAGIRI HILIR","TBL","TEMBILAHAN HULU","TBL019","RI"
"RIAU","KAB. INDRAGIRI HILIR","KEMUNING","RIAU","INDRAGIRI HILIR","TBL","KEMUNING-TBL","TBL008","RI"
"RIAU","KAB. INDRAGIRI HILIR","PELANGIRAN","RIAU","INDRAGIRI HILIR","TBL","PELANGIRAN","TBL012","RI"
"RIAU","KAB. INDRAGIRI HILIR","TELUK BELENGKONG","RIAU","INDRAGIRI HILIR","TBL","TELUK BELENGKONG","TBL017","RI"
"RIAU","KAB. INDRAGIRI HILIR","PULAU BURUNG","RIAU","INDRAGIRI HILIR","TBL","PULAU BURUNG","TBL013","RI"
"RIAU","KAB. INDRAGIRI HILIR","CONCONG","RIAU","INDRAGIRI HILIR","TBL","CONCONG","TBL002","RI"
"RIAU","KAB. INDRAGIRI HILIR","KEMPAS","RIAU","INDRAGIRI HILIR","TBL","KEMPAS","TBL007","RI"
"RIAU","KAB. INDRAGIRI HILIR","SUNGAI BATANG","RIAU","INDRAGIRI HILIR","TBL","SUNGAI BATANG","TBL015","RI"
"RIAU","KAB. INDRAGIRI HULU","RENGAT","RIAU","INDRAGIRI HULU","RGT","RENGAT","RGT011","RI"
"RIAU","KAB. INDRAGIRI HULU","RENGAT BARAT","RIAU","INDRAGIRI HULU","RGT","RENGAT BARAT","RGT012","RI"
"RIAU","KAB. INDRAGIRI HULU","KELAYANG","RIAU","INDRAGIRI HULU","RGT","KELAYANG","RGT004","RI"
"RIAU","KAB. INDRAGIRI HULU","PASIR PENYU","RIAU","INDRAGIRI HULU","RGT","PASIR PENYU","RGT008","RI"
"RIAU","KAB. INDRAGIRI HULU","PERANAP","RIAU","INDRAGIRI HULU","RGT","PERANAP","RGT009","RI"
"RIAU","KAB. INDRAGIRI HULU","SIBERIDA","RIAU","INDRAGIRI HULU","RGT","SEBERIDA","RGT013","RI"
"RIAU","KAB. INDRAGIRI HULU","BATANG CENAKU","RIAU","INDRAGIRI HULU","RGT","BATANG CENAKU","RGT001","RI"
"RIAU","KAB. INDRAGIRI HULU","BATANG GANGSAL","RIAU","INDRAGIRI HULU","RGT","BATANG GANSAL","RGT002","RI"
"RIAU","KAB. INDRAGIRI HULU","LIRIK","RIAU","INDRAGIRI HULU","RGT","LIRIK","RGT006","RI"
"RIAU","KAB. INDRAGIRI HULU","KUALA CENAKU","RIAU","INDRAGIRI HULU","RGT","KUALA CENAKU","RGT005","RI"
"RIAU","KAB. INDRAGIRI HULU","SUNGAI LALA","RIAU","INDRAGIRI HULU","RGT","SUNGAI LALA","RGT014","RI"
"RIAU","KAB. INDRAGIRI HULU","LUBUK BATU JAYA","RIAU","INDRAGIRI HULU","RGT","LUBUK BATU JAYA","RGT007","RI"
"RIAU","KAB. INDRAGIRI HULU","RAKIT KULIM","RIAU","INDRAGIRI HULU","RGT","RAKIT KULIM","RGT010","RI"
"RIAU","KAB. INDRAGIRI HULU","BATANG PERANAP","RIAU","INDRAGIRI HULU","RGT","BATANG PERANAP","RGT003","RI"
"RIAU","KAB. KAMPAR","KAMPAR","RIAU","KAMPAR","BNG","KAMPAR","BNG005","RI"
"RIAU","KAB. KAMPAR","BANGKINANG KOTA","RIAU","KAMPAR","BNG","BANGKINANG KOTA","BNG023","RI"
"RIAU","KAB. KAMPAR","TAMBANG","RIAU","KAMPAR","BNG","TAMBANG","BNG016","RI"
"RIAU","KAB. KAMPAR","XIII KOTO KAMPAR","RIAU","KAMPAR","BNG","XIII KOTO KAMPAR","BNG020","RI"
"RIAU","KAB. KAMPAR","KUOK","RIAU","KAMPAR","BNG","KUOK","BNG022","RI"
"RIAU","KAB. KAMPAR","SIAK HULU","RIAU","KAMPAR","BNG","SIAK HULU","BNG015","RI"
"RIAU","KAB. KAMPAR","KAMPAR KIRI","RIAU","KAMPAR","BNG","KAMPAR KIRI","BNG006","RI"
"RIAU","KAB. KAMPAR","KAMPAR KIRI HILIR","RIAU","KAMPAR","BNG","KAMPAR KIRI HILIR","BNG007","RI"
"RIAU","KAB. KAMPAR","KAMPAR KIRI HULU","RIAU","KAMPAR","BNG","KAMPAR KIRI HULU","BNG008","RI"
"RIAU","KAB. KAMPAR","TAPUNG","RIAU","KAMPAR","BNG","TAPUNG","BNG017","RI"
"RIAU","KAB. KAMPAR","TAPUNG HILIR","RIAU","KAMPAR","BNG","TAPUNG HILIR","BNG018","RI"
"RIAU","KAB. KAMPAR","TAPUNG HULU","RIAU","KAMPAR","BNG","TAPUNG HULU","BNG019","RI"
"RIAU","KAB. KAMPAR","SALO","RIAU","KAMPAR","BNG","SALO","BNG014","RI"
"RIAU","KAB. KAMPAR","RUMBIO JAYA","RIAU","KAMPAR","BNG","RUMBIO JAYA","BNG013","RI"
"RIAU","KAB. KAMPAR","BANGKINANG","RIAU","KAMPAR","BNG","BANGKINANG","BNG001","RI"
"RIAU","KAB. KAMPAR","PERHENTIAN RAJA","RIAU","KAMPAR","BNG","PERHENTIAN RAJA","BNG012","RI"
"RIAU","KAB. KAMPAR","KAMPAR UTARA","RIAU","KAMPAR","BNG","KAMPAR UTARA","BNG011","RI"
"RIAU","KAB. KAMPAR","KAMPAR KIRI TENGAH","RIAU","KAMPAR","BNG","KAMPAR KIRI TENGAH","BNG009","RI"
"RIAU","KAB. KAMPAR","GUNUNG SAHILAN","RIAU","KAMPAR","BNG","GUNUNG SAHILAN","BNG004","RI"
"RIAU","KAB. KAMPAR","KOTO KAMPAR HULU","RIAU","KAMPAR","BNG","KOTO HAMPAR HULU","BNG021","RI"
"RIAU","KAB. KEPULAUAN MERANTI","TEBING TINGGI","RIAU","KEPULAUAN MERANTI","STP","TEBING TINGGI-STP","STP004","RI"
"RIAU","KAB. KEPULAUAN MERANTI","RANGSANG BARAT","RIAU","KEPULAUAN MERANTI","STP","RANGSANG BARAT","STP003","RI"
"RIAU","KAB. KEPULAUAN MERANTI","RANGSANG","RIAU","KEPULAUAN MERANTI","STP","RANGSANG","STP002","RI"
"RIAU","KAB. KEPULAUAN MERANTI","TEBING TINGGI BARAT","RIAU","KEPULAUAN MERANTI","STP","TEBING TINGGI BARAT","STP005","RI"
"RIAU","KAB. KEPULAUAN MERANTI","MERBAU","RIAU","KEPULAUAN MERANTI","STP","MERBAU","STP001","RI"
"RIAU","KAB. KEPULAUAN MERANTI","PULAUMERBAU","RIAU","KEPULAUAN MERANTI","STP","PULAU MERBAU","STP006","RI"
"RIAU","KAB. KEPULAUAN MERANTI","TEBING TINGGI TIMUR","RIAU","KEPULAUAN MERANTI","STP","TEBING TINGGI TIMUR","STP007","RI"
"RIAU","KAB. KEPULAUAN MERANTI","TASIK PUTRI PUYU","RIAU","KEPULAUAN MERANTI","STP","TASIK PUTRI PUYU","STP008","RI"
"RIAU","KAB. KEPULAUAN MERANTI","RANGSANG PESISIR","RIAU","KEPULAUAN MERANTI","STP","RANGSANG PESISIR","STP009","RI"
"RIAU","KAB. PELALAWAN","UKUI","RIAU","PELALAWAN","PKC","UKUI","PKC012","RI"
"RIAU","KAB. PELALAWAN","PANGKALAN KERINCI","RIAU","PELALAWAN","PKC","PANGKALAN KERINCI","PKC007","RI"
"RIAU","KAB. PELALAWAN","PANGKALAN KURAS","RIAU","PELALAWAN","PKC","PANGKALAN KURAS","PKC008","RI"
"RIAU","KAB. PELALAWAN","PANGKALAN LESUNG","RIAU","PELALAWAN","PKC","PANGKALAN LESUNG","PKC009","RI"
"RIAU","KAB. PELALAWAN","LANGGAM","RIAU","PELALAWAN","PKC","LANGGAM","PKC006","RI"
"RIAU","KAB. PELALAWAN","PELALAWAN","RIAU","PELALAWAN","PKC","PELALAWAN","PKC010","RI"
"RIAU","KAB. PELALAWAN","KERUMUTAN","RIAU","PELALAWAN","PKC","KERUMUTAN","PKC004","RI"
"RIAU","KAB. PELALAWAN","BUNUT","RIAU","PELALAWAN","PKC","BUNUT","PKC003","RI"
"RIAU","KAB. PELALAWAN","TELUK MERANTI","RIAU","PELALAWAN","PKC","TELUK MERANTI","PKC011","RI"
"RIAU","KAB. PELALAWAN","KUALA KAMPAR","RIAU","PELALAWAN","PKC","KUALA KAMPAR","PKC005","RI"
"RIAU","KAB. PELALAWAN","BANDAR SEI KIJANG","RIAU","PELALAWAN","PKC","SEI KIJANG","PKC002","RI"
"RIAU","KAB. PELALAWAN","BANDAR PETALANGAN","RIAU","PELALAWAN","PKC","BANDAR PETALANGAN","PKC001","RI"
"RIAU","KAB. ROKAN HILIR","KUBU","RIAU","ROKAN HILIR","BAS","KUBU-BAS","BAS005","RI"
"RIAU","KAB. ROKAN HILIR","BANGKO","RIAU","ROKAN HILIR","BAS","BANGKO-BAS","BAS002","RI"
"RIAU","KAB. ROKAN HILIR","TANAH PUTIH","RIAU","ROKAN HILIR","BAS","TANAH PUTIH","BAS012","RI"
"RIAU","KAB. ROKAN HILIR","RIMBA MELINTANG","RIAU","ROKAN HILIR","BAS","RIMBA MELINTANG","BAS009","RI"
"RIAU","KAB. ROKAN HILIR","BAGAN SINEMBAH","RIAU","ROKAN HILIR","BAS","BAGAN SINEMBAH","BAS001","RI"
"RIAU","KAB. ROKAN HILIR","PASIR LIMAU KAPAS","RIAU","ROKAN HILIR","BAS","PASIR LIMAU KAPAS","BAS006","RI"
"RIAU","KAB. ROKAN HILIR","SINABOI","RIAU","ROKAN HILIR","BAS","SINABOI","BAS011","RI"
"RIAU","KAB. ROKAN HILIR","PUJUD","RIAU","ROKAN HILIR","BAS","PUJUD","BAS007","RI"
"RIAU","KAB. ROKAN HILIR","TANAH PUTIH TANJUNG MELAWAN","RIAU","ROKAN HILIR","BAS","TANAH PUTIH TANJUNG MELAWAN","BAS013","RI"
"RIAU","KAB. ROKAN HILIR","BANGKO PUSAKO","RIAU","ROKAN HILIR","BAS","BANGKO PUSAKA","BAS003","RI"
"RIAU","KAB. ROKAN HILIR","SIMPANG KANAN","RIAU","ROKAN HILIR","BAS","SIMPANG KANAN-BAS","BAS010","RI"
"RIAU","KAB. ROKAN HILIR","BATU HAMPAR","RIAU","ROKAN HILIR","BAS","BATU HAMPAR","BAS004","RI"
"RIAU","KAB. ROKAN HILIR","RANTAU KOPAR","RIAU","ROKAN HILIR","BAS","RANTAU KOPAR","BAS008","RI"
"RIAU","KAB. ROKAN HILIR","PEKAITAN","RIAU","ROKAN HILIR","BAS","PEKAITAN","BAS014","RI"
"RIAU","KAB. ROKAN HILIR","KUBU BABUSSALAM","RIAU","ROKAN HILIR","BAS","KUBU BABUSSALAM","BAS015","RI"
"RIAU","KAB. ROKAN HULU","UJUNG BATU","RIAU","ROKAN HULU","PAP","UJUNG BATU","PAP016","RI"
"RIAU","KAB. ROKAN HULU","ROKAN IV KOTO","RIAU","ROKAN HULU","PAP","ROKAN IV KOTO","PAP012","RI"
"RIAU","KAB. ROKAN HULU","RAMBAH","RIAU","ROKAN HULU","PAP","RAMBAH","PAP009","RI"
"RIAU","KAB. ROKAN HULU","TAMBUSAI","RIAU","ROKAN HULU","PAP","TAMBUSAI","PAP013","RI"
"RIAU","KAB. ROKAN HULU","KEPENUHAN","RIAU","ROKAN HULU","PAP","KEPENUHAN","PAP004","RI"
"RIAU","KAB. ROKAN HULU","KUNTO DARUSSALAM","RIAU","ROKAN HULU","PAP","KUNTO DARUSSALAM","PAP006","RI"
"RIAU","KAB. ROKAN HULU","RAMBAH SAMO","RIAU","ROKAN HULU","PAP","RAMBAH SAMO","PAP011","RI"
"RIAU","KAB. ROKAN HULU","RAMBAH HILIR","RIAU","ROKAN HULU","PAP","RAMBAH HILIR","PAP010","RI"
"RIAU","KAB. ROKAN HULU","TAMBUSAI UTARA","RIAU","ROKAN HULU","PAP","TAMBUSAI UTARA","PAP014","RI"
"RIAU","KAB. ROKAN HULU","BANGUN PURBA","RIAU","ROKAN HULU","PAP","BANGUN PURBA-PAP","PAP001","RI"
"RIAU","KAB. ROKAN HULU","TANDUN","RIAU","ROKAN HULU","PAP","TANDUN","PAP015","RI"
"RIAU","KAB. ROKAN HULU","KABUN","RIAU","ROKAN HULU","PAP","KABUN","PAP003","RI"
"RIAU","KAB. ROKAN HULU","BONAI DARUSSALAM","RIAU","ROKAN HULU","PAP","BONAI DARUSSALAM","PAP002","RI"
"RIAU","KAB. ROKAN HULU","PAGARAN TAPAH DARUSSALAM","RIAU","ROKAN HULU","PAP","PAGARAN TAPAH DARUSSALAM","PAP007","RI"
"RIAU","KAB. ROKAN HULU","KEPENUHAN HULU","RIAU","ROKAN HULU","PAP","KEPENUHAN HULU","PAP005","RI"
"RIAU","KAB. ROKAN HULU","PENDALIAN IV KOTO","RIAU","ROKAN HULU","PAP","PENDALIAN V KOTO","PAP008","RI"
"RIAU","KAB. SIAK","SIAK","RIAU","SIAK","SII","SIAK","SII011","RI"
"RIAU","KAB. SIAK","SUNGAI APIT","RIAU","SIAK","SII","SUNGAI APIT","SII012","RI"
"RIAU","KAB. SIAK","MINAS","RIAU","SIAK","SII","MINAS","SII008","RI"
"RIAU","KAB. SIAK","TUALANG","RIAU","SIAK","SII","TUALANG","SII014","RI"
"RIAU","KAB. SIAK","SUNGAI MANDAU","RIAU","SIAK","SII","SUNGAI MANDAU","SII013","RI"
"RIAU","KAB. SIAK","DAYUN","RIAU","SIAK","SII","DAYUN","SII002","RI"
"RIAU","KAB. SIAK","KERINCI KANAN","RIAU","SIAK","SII","KERINCI KANAN","SII004","RI"
"RIAU","KAB. SIAK","BUNGA RAYA","RIAU","SIAK","SII","BUNGA RAYA","SII001","RI"
"RIAU","KAB. SIAK","KOTO GASIB","RIAU","SIAK","SII","KOTO GASIP","SII005","RI"
"RIAU","KAB. SIAK","KANDIS","RIAU","SIAK","SII","KANDIS-SII","SII003","RI"
"RIAU","KAB. SIAK","LUBUK DALAM","RIAU","SIAK","SII","LUBUK DALAM","SII006","RI"
"RIAU","KAB. SIAK","SABAK AUH","RIAU","SIAK","SII","SABAK AUH","SII010","RI"
"RIAU","KAB. SIAK","MEMPURA","RIAU","SIAK","SII","MEMPURA","SII007","RI"
"RIAU","KAB. SIAK","PUSAKO","RIAU","SIAK","SII","PUSAKO","SII009","RI"
"RIAU","KOTA DUMAI","DUMAI BARAT","RIAU","DUMAI","DUM","DUMAI BARAT","DUM002","RI"
"RIAU","KOTA DUMAI","DUMAI TIMUR","RIAU","DUMAI","DUM","DUMAI TIMUR","DUM005","RI"
"RIAU","KOTA DUMAI","BUKIT KAPUR","RIAU","DUMAI","DUM","BUKIT KAPUR","DUM001","RI"
"RIAU","KOTA DUMAI","SUNGAI SEMBILAN","RIAU","DUMAI","DUM","SUNGAI SEMBILAN","DUM007","RI"
"RIAU","KOTA DUMAI","MEDANG KAMPAI","RIAU","DUMAI","DUM","MEDANG KAMPAI","DUM006","RI"
"RIAU","KOTA DUMAI","DUMAI KOTA","RIAU","DUMAI","DUM","DUMAI KOTA","DUM003","RI"
"RIAU","KOTA DUMAI","DUMAI SELATAN","RIAU","DUMAI","DUM","DUMAI SELATAN","DUM004","RI"
"RIAU","KOTA PEKANBARU","SUKAJADI","RIAU","PEKANBARU","PKU","SUKAJADI-PKU","PKU004","RI"
"RIAU","KOTA PEKANBARU","PEKANBARU KOTA","RIAU","PEKANBARU","PKU","PEKANBARU KOTA","PKU005","RI"
"RIAU","KOTA PEKANBARU","SAIL","RIAU","PEKANBARU","PKU","SAIL","PKU008","RI"
"RIAU","KOTA PEKANBARU","LIMA PULUH","RIAU","PEKANBARU","PKU","LIMA PULUH","PKU002","RI"
"RIAU","KOTA PEKANBARU","SENAPELAN","RIAU","PEKANBARU","PKU","SANAPELAN","PKU009","RI"
"RIAU","KOTA PEKANBARU","RUMBAI","RIAU","PEKANBARU","PKU","RUMBAI","PKU007","RI"
"RIAU","KOTA PEKANBARU","BUKIT RAYA","RIAU","PEKANBARU","PKU","BUKIT RAYA-PKU","PKU001","RI"
"RIAU","KOTA PEKANBARU","TAMPAN","RIAU","PEKANBARU","PKU","TAMPAN","PKU010","RI"
"RIAU","KOTA PEKANBARU","MARPOYAN DAMAI","RIAU","PEKANBARU","PKU","MARPOYAN DAMAI","PKU003","RI"
"RIAU","KOTA PEKANBARU","TENAYAN RAYA","RIAU","PEKANBARU","PKU","TENAYAN RAYA","PKU011","RI"
"RIAU","KOTA PEKANBARU","PAYUNG SEKAKI","RIAU","PEKANBARU","PKU","PAYUNG SEKAKI-PKU","PKU012","RI"
"RIAU","KOTA PEKANBARU","RUMBAI PESISIR","RIAU","PEKANBARU","PKU","RUMBAI PESISIR","PKU006","RI"
"SULAWESI BARAT","KAB. MAJENE","BANGGAE","SULAWESI BARAT","MAJENE","MJN","BANGGAE","MJN001","SR"
"SULAWESI BARAT","KAB. MAJENE","PAMBOANG","SULAWESI BARAT","MAJENE","MJN","PAMBOANG","MJN004","SR"
"SULAWESI BARAT","KAB. MAJENE","SENDANA","SULAWESI BARAT","MAJENE","MJN","SENDANA-MJN","MJN005","SR"
"SULAWESI BARAT","KAB. MAJENE","MALUNDA","SULAWESI BARAT","MAJENE","MJN","MALUNDA","MJN003","SR"
"SULAWESI BARAT","KAB. MAJENE","ULUMANDA","SULAWESI BARAT","MAJENE","MJN","ULUMUNDA","MJN008","SR"
"SULAWESI BARAT","KAB. MAJENE","TAMMERODO SENDANA","SULAWESI BARAT","MAJENE","MJN","TAMMEREDO SENDANA","MJN006","SR"
"SULAWESI BARAT","KAB. MAJENE","TUBO SENDANA","SULAWESI BARAT","MAJENE","MJN","TUBO SENDANA","MJN007","SR"
"SULAWESI BARAT","KAB. MAJENE","BANGGAE TIMUR","SULAWESI BARAT","MAJENE","MJN","BANGGAE TIMUR","MJN002","SR"
"SULAWESI BARAT","KAB. MAMASA","MAMBI","SULAWESI BARAT","MAMASA","PMA","MAMBI","PMA005","SR"
"SULAWESI BARAT","KAB. MAMASA","ARALLE","SULAWESI BARAT","MAMASA","PMA","ARALLE","PMA002","SR"
"SULAWESI BARAT","KAB. MAMASA","MAMASA","SULAWESI BARAT","MAMASA","PMA","MAMASA","PMA001","SR"
"SULAWESI BARAT","KAB. MAMASA","PANA","SULAWESI BARAT","MAMASA","PMA","PANA","PMA008","SR"
"SULAWESI BARAT","KAB. MAMASA","TABULAHAN","SULAWESI BARAT","MAMASA","PMA","TABULAHAN","PMA013","SR"
"SULAWESI BARAT","KAB. MAMASA","SUMARORONG","SULAWESI BARAT","MAMASA","PMA","SUMARORONG","PMA011","SR"
"SULAWESI BARAT","KAB. MAMASA","MESSAWA","SULAWESI BARAT","MAMASA","PMA","MESSAWA","PMA006","SR"
"SULAWESI BARAT","KAB. MAMASA","SESENAPADANG","SULAWESI BARAT","MAMASA","PMA","SESENA PADANG","PMA010","SR"
"SULAWESI BARAT","KAB. MAMASA","TANDUK KALUA","SULAWESI BARAT","MAMASA","PMA","TANDUK KALUA","PMA014","SR"
"SULAWESI BARAT","KAB. MAMASA","TABANG","SULAWESI BARAT","MAMASA","PMA","TABANG-PMA","PMA012","SR"
"SULAWESI BARAT","KAB. MAMASA","BAMBANG","SULAWESI BARAT","MAMASA","PMA","BAMBANG","PMA004","SR"
"SULAWESI BARAT","KAB. MAMASA","BALLA","SULAWESI BARAT","MAMASA","PMA","BALLA","PMA003","SR"
"SULAWESI BARAT","KAB. MAMASA","NOSU","SULAWESI BARAT","MAMASA","PMA","NOSU","PMA007","SR"
"SULAWESI BARAT","KAB. MAMASA","TAWALIAN","SULAWESI BARAT","MAMASA","PMA","TAWALIAN","PMA015","SR"
"SULAWESI BARAT","KAB. MAMASA","RANTEBULAHAN TIMUR","SULAWESI BARAT","MAMASA","PMA","RANTEBULAHAN TIMUR","PMA009","SR"
"SULAWESI BARAT","KAB. MAMASA","BUNTUMALANGKA","SULAWESI BARAT","MAMASA","PMA","BUNTUMALANGKA","PMA016","SR"
"SULAWESI BARAT","KAB. MAMASA","MEHALAAN","SULAWESI BARAT","MAMASA","PMA","MEHALAAN","PMA017","SR"
"SULAWESI BARAT","KAB. MAMUJU","MAMUJU","SULAWESI BARAT","MAMUJU","MJU","MAMUJU","MJU001","SR"
"SULAWESI BARAT","KAB. MAMUJU","TAPALANG","SULAWESI BARAT","MAMUJU","MJU","TAPALANG","MJU010","SR"
"SULAWESI BARAT","KAB. MAMUJU","KALUKKU","SULAWESI BARAT","MAMUJU","MJU","KALUKKU","MJU003","SR"
"SULAWESI BARAT","KAB. MAMUJU","KALUMPANG","SULAWESI BARAT","MAMUJU","MJU","KALUMPANG-MJU","MJU004","SR"
"SULAWESI BARAT","KAB. MAMUJU","PAPALANG","SULAWESI BARAT","MAMUJU","MJU","PAPALANG","MJU007","SR"
"SULAWESI BARAT","KAB. MAMUJU","SAMPAGA","SULAWESI BARAT","MAMUJU","MJU","SAMPAGA","MJU008","SR"
"SULAWESI BARAT","KAB. MAMUJU","TOMMO","SULAWESI BARAT","MAMUJU","MJU","TOMMO","MJU012","SR"
"SULAWESI BARAT","KAB. MAMUJU","SIMBORO DAN KEPULAUAN","SULAWESI BARAT","MAMUJU","MJU","SIMBORO DAN KEPULAUAN","MJU009","SR"
"SULAWESI BARAT","KAB. MAMUJU","TAPALANG BARAT","SULAWESI BARAT","MAMUJU","MJU","TAPALANG BARAT","MJU011","SR"
"SULAWESI BARAT","KAB. MAMUJU","BONEHAU","SULAWESI BARAT","MAMUJU","MJU","BONEHAU","MJU002","SR"
"SULAWESI BARAT","KAB. MAMUJU","KEP. BALA BALAKANG","SULAWESI BARAT","MAMUJU","MJU","KEP. BALA BALAKANG","MJU005","SR"
"SULAWESI BARAT","KAB. MAMUJU TENGAH","TOBADAK","SULAWESI BARAT","TOBADAK","TBD","TOBADAK","TBD002","SR"
"SULAWESI BARAT","KAB. MAMUJU TENGAH","PANGALE","SULAWESI BARAT","TOBADAK","TBD","PANGALE","TBD004","SR"
"SULAWESI BARAT","KAB. MAMUJU TENGAH","BUDONG-BUDONG","SULAWESI BARAT","TOBADAK","TBD","BUDONG-BUDONG","TBD005","SR"
"SULAWESI BARAT","KAB. MAMUJU TENGAH","TOPOYO","SULAWESI BARAT","TOBADAK","TBD","TOPOYO","TBD001","SR"
"SULAWESI BARAT","KAB. MAMUJU TENGAH","KAROSSA","SULAWESI BARAT","TOBADAK","TBD","KAROSSA","TBD003","SR"
"SULAWESI BARAT","KAB. MAMUJU UTARA","BAMBALAMOTU","SULAWESI BARAT","PASANG KAYU","PAK","BAMBALAMOTU","PAK002","SR"
"SULAWESI BARAT","KAB. MAMUJU UTARA","PASANGKAYU","SULAWESI BARAT","PASANG KAYU","PAK","PASANGKAYU","PAK007","SR"
"SULAWESI BARAT","KAB. MAMUJU UTARA","BARAS","SULAWESI BARAT","PASANG KAYU","PAK","BARAS","PAK003","SR"
"SULAWESI BARAT","KAB. MAMUJU UTARA","SARUDU","SULAWESI BARAT","PASANG KAYU","PAK","SARUDU","PAK010","SR"
"SULAWESI BARAT","KAB. MAMUJU UTARA","DAPURANG","SULAWESI BARAT","PASANG KAYU","PAK","DAPURANG","PAK005","SR"
"SULAWESI BARAT","KAB. MAMUJU UTARA","DURIPOKU","SULAWESI BARAT","PASANG KAYU","PAK","DURIPUKOK","PAK006","SR"
"SULAWESI BARAT","KAB. MAMUJU UTARA","BULU TABA","SULAWESI BARAT","PASANG KAYU","PAK","BULU TABA","PAK004","SR"
"SULAWESI BARAT","KAB. MAMUJU UTARA","TIKKE RAYA","SULAWESI BARAT","PASANG KAYU","PAK","TIKKE RAYA","PAK011","SR"
"SULAWESI BARAT","KAB. MAMUJU UTARA","PEDONGGA","SULAWESI BARAT","PASANG KAYU","PAK","PEDONGGA","PAK008","SR"
"SULAWESI BARAT","KAB. MAMUJU UTARA","BAMBAIRA","SULAWESI BARAT","PASANG KAYU","PAK","BAMBARIA","PAK001","SR"
"SULAWESI BARAT","KAB. MAMUJU UTARA","SARJO","SULAWESI BARAT","PASANG KAYU","PAK","SARJO","PAK009","SR"
"SULAWESI BARAT","KAB. MAMUJU UTARA","LARIANG","SULAWESI BARAT","PASANG KAYU","PAK","LARIANG","PAK012","SR"
"SULAWESI BARAT","KAB. POLEWALI MANDAR","TINAMBUNG","SULAWESI BARAT","POLEWALI","PWX","TINAMBUNG","PWX014","SR"
"SULAWESI BARAT","KAB. POLEWALI MANDAR","CAMPALAGIAN","SULAWESI BARAT","POLEWALI","PWX","CAMPALAGIAN","PWX006","SR"
"SULAWESI BARAT","KAB. POLEWALI MANDAR","WONOMULYO","SULAWESI BARAT","POLEWALI","PWX","WONOMULYO","PWX016","SR"
"SULAWESI BARAT","KAB. POLEWALI MANDAR","POLEWALI","SULAWESI BARAT","POLEWALI","PWX","POLEWALI","PWX012","SR"
"SULAWESI BARAT","KAB. POLEWALI MANDAR","BINUANG","SULAWESI BARAT","POLEWALI","PWX","BINUANG-PWX","PWX004","SR"
"SULAWESI BARAT","KAB. POLEWALI MANDAR","TAPANGO","SULAWESI BARAT","POLEWALI","PWX","TAPANGO","PWX013","SR"
"SULAWESI BARAT","KAB. POLEWALI MANDAR","MAPILLI","SULAWESI BARAT","POLEWALI","PWX","MAPILLI","PWX009","SR"
"SULAWESI BARAT","KAB. POLEWALI MANDAR","MATANGNGA","SULAWESI BARAT","POLEWALI","PWX","MATANGNGA","PWX011","SR"
"SULAWESI BARAT","KAB. POLEWALI MANDAR","LUYO","SULAWESI BARAT","POLEWALI","PWX","LUYO","PWX008","SR"
"SULAWESI BARAT","KAB. POLEWALI MANDAR","LIMBORO","SULAWESI BARAT","POLEWALI","PWX","LIMBORO","PWX007","SR"
"SULAWESI BARAT","KAB. POLEWALI MANDAR","BALANIPA","SULAWESI BARAT","POLEWALI","PWX","BALANIPA","PWX003","SR"
"SULAWESI BARAT","KAB. POLEWALI MANDAR","ANREAPI","SULAWESI BARAT","POLEWALI","PWX","ANREAPI","PWX002","SR"
"SULAWESI BARAT","KAB. POLEWALI MANDAR","MATAKALI","SULAWESI BARAT","POLEWALI","PWX","MATAKALI","PWX010","SR"
"SULAWESI BARAT","KAB. POLEWALI MANDAR","ALLU","SULAWESI BARAT","POLEWALI","PWX","ALLU","PWX001","SR"
"SULAWESI BARAT","KAB. POLEWALI MANDAR","BULO","SULAWESI BARAT","POLEWALI","PWX","BULO","PWX005","SR"
"SULAWESI SELATAN","KAB. BANTAENG","BISSAPPU","SULAWESI SELATAN","BANTAENG","BXG","BISSAPPU","BXG002","SN"
"SULAWESI SELATAN","KAB. BANTAENG","BANTAENG","SULAWESI SELATAN","BANTAENG","BXG","BANTAENG","BXG001","SN"
"SULAWESI SELATAN","KAB. BANTAENG","EREMERASA","SULAWESI SELATAN","BANTAENG","BXG","EMERASA","BXG003","SN"
"SULAWESI SELATAN","KAB. BANTAENG","TOMPO BULU","SULAWESI SELATAN","BANTAENG","BXG","TOMPOBULU-BXG","BXG007","SN"
"SULAWESI SELATAN","KAB. BANTAENG","PAJUKUKANG","SULAWESI SELATAN","BANTAENG","BXG","PAJUKUJANG","BXG005","SN"
"SULAWESI SELATAN","KAB. BANTAENG","ULUERE","SULAWESI SELATAN","BANTAENG","BXG","ULUERE","BXG008","SN"
"SULAWESI SELATAN","KAB. BANTAENG","GANTARANG KEKE","SULAWESI SELATAN","BANTAENG","BXG","GANTARANG KEKE","BXG004","SN"
"SULAWESI SELATAN","KAB. BANTAENG","SINOA","SULAWESI SELATAN","BANTAENG","BXG","SINOA","BXG006","SN"
"SULAWESI SELATAN","KAB. BARRU","TANETE RIAJA","SULAWESI SELATAN","BARRU","BUU","TANETE RIAJA","BUU006","SN"
"SULAWESI SELATAN","KAB. BARRU","TANETE RILAU","SULAWESI SELATAN","BARRU","BUU","TANETE RILAU","BUU007","SN"
"SULAWESI SELATAN","KAB. BARRU","BARRU","SULAWESI SELATAN","BARRU","BUU","BARRU","BUU002","SN"
"SULAWESI SELATAN","KAB. BARRU","SOPPENG RIAJA","SULAWESI SELATAN","BARRU","BUU","SOPPENG RIAJA","BUU005","SN"
"SULAWESI SELATAN","KAB. BARRU","MALLUSETASI","SULAWESI SELATAN","BARRU","BUU","MALLUSETASI","BUU003","SN"
"SULAWESI SELATAN","KAB. BARRU","PUJANANTING","SULAWESI SELATAN","BARRU","BUU","PUJANANTING","BUU004","SN"
"SULAWESI SELATAN","KAB. BARRU","BALUSU","SULAWESI SELATAN","BARRU","BUU","BALUSU","BUU001","SN"
"SULAWESI SELATAN","KAB. BONE","BONTOCANI","SULAWESI SELATAN","BONE","WPE","BONTOCANI","WPE006","SN"
"SULAWESI SELATAN","KAB. BONE","KAHU","SULAWESI SELATAN","BONE","WPE","KAHU","WPE010","SN"
"SULAWESI SELATAN","KAB. BONE","KAJUARA","SULAWESI SELATAN","BONE","WPE","KAJUARA","WPE011","SN"
"SULAWESI SELATAN","KAB. BONE","SALOMEKKO","SULAWESI SELATAN","BONE","WPE","SALOMEKKO","WPE019","SN"
"SULAWESI SELATAN","KAB. BONE","TONRA","SULAWESI SELATAN","BONE","WPE","TONRA","WPE026","SN"
"SULAWESI SELATAN","KAB. BONE","LIBURENG","SULAWESI SELATAN","BONE","WPE","LIBURENG","WPE014","SN"
"SULAWESI SELATAN","KAB. BONE","MARE","SULAWESI SELATAN","BONE","WPE","MARE-WPE","WPE015","SN"
"SULAWESI SELATAN","KAB. BONE","SIBULUE","SULAWESI SELATAN","BONE","WPE","SIBULUE","WPE020","SN"
"SULAWESI SELATAN","KAB. BONE","BAREBBO","SULAWESI SELATAN","BONE","WPE","BAREBBO","WPE004","SN"
"SULAWESI SELATAN","KAB. BONE","CINA","SULAWESI SELATAN","BONE","WPE","CINA","WPE008","SN"
"SULAWESI SELATAN","KAB. BONE","PONRE","SULAWESI SELATAN","BONE","WPE","PONRE","WPE018","SN"
"SULAWESI SELATAN","KAB. BONE","LAPPARIAJA","SULAWESI SELATAN","BONE","WPE","LAPPARIAJA","WPE013","SN"
"SULAWESI SELATAN","KAB. BONE","LAMURU","SULAWESI SELATAN","BONE","WPE","LAMURU","WPE012","SN"
"SULAWESI SELATAN","KAB. BONE","ULAWENG","SULAWESI SELATAN","BONE","WPE","ULAWENG","WPE027","SN"
"SULAWESI SELATAN","KAB. BONE","PALAKKA","SULAWESI SELATAN","BONE","WPE","PALAKKA","WPE016","SN"
"SULAWESI SELATAN","KAB. BONE","AWANGPONE","SULAWESI SELATAN","BONE","WPE","AWANGPONE","WPE003","SN"
"SULAWESI SELATAN","KAB. BONE","TELLU SIATTINGE","SULAWESI SELATAN","BONE","WPE","TELLU SIATTINGE","WPE025","SN"
"SULAWESI SELATAN","KAB. BONE","AJANGALE","SULAWESI SELATAN","BONE","WPE","AJANGALE","WPE001","SN"
"SULAWESI SELATAN","KAB. BONE","DUA BOCCOE","SULAWESI SELATAN","BONE","WPE","DUA BOCCOE","WPE009","SN"
"SULAWESI SELATAN","KAB. BONE","CENRANA","SULAWESI SELATAN","BONE","WPE","CENRANA-WPE","WPE007","SN"
"SULAWESI SELATAN","KAB. BONE","TANETE RIATTANG","SULAWESI SELATAN","BONE","WPE","TANETE RIATTANG","WPE021","SN"
"SULAWESI SELATAN","KAB. BONE","TANETE RIATTANG BARAT","SULAWESI SELATAN","BONE","WPE","TANETE RIATTANG BARAT","WPE022","SN"
"SULAWESI SELATAN","KAB. BONE","TANETE RIATTANG TIMUR","SULAWESI SELATAN","BONE","WPE","TANETE RIATTANG TIMUR","WPE023","SN"
"SULAWESI SELATAN","KAB. BONE","AMALI","SULAWESI SELATAN","BONE","WPE","AMALI","WPE002","SN"
"SULAWESI SELATAN","KAB. BONE","TELLULIMPOE","SULAWESI SELATAN","BONE","WPE","TELLU LIMPOE-WPE","WPE024","SN"
"SULAWESI SELATAN","KAB. BONE","BENGO","SULAWESI SELATAN","BONE","WPE","BENGO","WPE005","SN"
"SULAWESI SELATAN","KAB. BONE","PATIMPENG","SULAWESI SELATAN","BONE","WPE","PATIMPENG","WPE017","SN"
"SULAWESI SELATAN","KAB. BULUKUMBA","GANTORANG","SULAWESI SELATAN","BULUKUMBA","BXW","GANTARANG","BXW004","SN"
"SULAWESI SELATAN","KAB. BULUKUMBA","UJUNG BULU","SULAWESI SELATAN","BULUKUMBA","BXW","UJUNG BULU","BXW009","SN"
"SULAWESI SELATAN","KAB. BULUKUMBA","BONTO BAHARI","SULAWESI SELATAN","BULUKUMBA","BXW","BONTO BAHARI","BXW001","SN"
"SULAWESI SELATAN","KAB. BULUKUMBA","BONTO TIRO","SULAWESI SELATAN","BULUKUMBA","BXW","BONTOTIRO","BXW002","SN"
"SULAWESI SELATAN","KAB. BULUKUMBA","HERLANG","SULAWESI SELATAN","BULUKUMBA","BXW","HERO LANGE-LANGE","BXW005","SN"
"SULAWESI SELATAN","KAB. BULUKUMBA","KAJANG","SULAWESI SELATAN","BULUKUMBA","BXW","KAJANG","BXW006","SN"
"SULAWESI SELATAN","KAB. BULUKUMBA","BULUKUMPA","SULAWESI SELATAN","BULUKUMBA","BXW","BULUKUMBA","BXW003","SN"
"SULAWESI SELATAN","KAB. BULUKUMBA","KINDANG","SULAWESI SELATAN","BULUKUMBA","BXW","KINDANG","BXW007","SN"
"SULAWESI SELATAN","KAB. BULUKUMBA","UJUNGLOE","SULAWESI SELATAN","BULUKUMBA","BXW","UJUNG LOE","BXW010","SN"
"SULAWESI SELATAN","KAB. BULUKUMBA","RILAUALE","SULAWESI SELATAN","BULUKUMBA","BXW","RILAU ALE","BXW008","SN"
"SULAWESI SELATAN","KAB. ENREKANG","MAIWA","SULAWESI SELATAN","ENREKANG","EKG","MAIWA","EKG010","SN"
"SULAWESI SELATAN","KAB. ENREKANG","ENREKANG","SULAWESI SELATAN","ENREKANG","EKG","ENREKANG","EKG009","SN"
"SULAWESI SELATAN","KAB. ENREKANG","BARAKA","SULAWESI SELATAN","ENREKANG","EKG","BARAKA","EKG003","SN"
"SULAWESI SELATAN","KAB. ENREKANG","ANGGERAJA","SULAWESI SELATAN","ENREKANG","EKG","ANGGERAJA","EKG002","SN"
"SULAWESI SELATAN","KAB. ENREKANG","ALLA","SULAWESI SELATAN","ENREKANG","EKG","ALLA","EKG001","SN"
"SULAWESI SELATAN","KAB. ENREKANG","BUNGIN","SULAWESI SELATAN","ENREKANG","EKG","BUNGIN","EKG005","SN"
"SULAWESI SELATAN","KAB. ENREKANG","CENDANA","SULAWESI SELATAN","ENREKANG","EKG","CENDANA","EKG007","SN"
"SULAWESI SELATAN","KAB. ENREKANG","CURIO","SULAWESI SELATAN","ENREKANG","EKG","CURIO","EKG008","SN"
"SULAWESI SELATAN","KAB. ENREKANG","MALUA","SULAWESI SELATAN","ENREKANG","EKG","MALUA","EKG011","SN"
"SULAWESI SELATAN","KAB. ENREKANG","BUNTU BATU","SULAWESI SELATAN","ENREKANG","EKG","BUNTU BATU","EKG006","SN"
"SULAWESI SELATAN","KAB. ENREKANG","MASALLE","SULAWESI SELATAN","ENREKANG","EKG","MASALLE","EKG012","SN"
"SULAWESI SELATAN","KAB. ENREKANG","BAROKO","SULAWESI SELATAN","ENREKANG","EKG","BAROKO","EKG004","SN"
"SULAWESI SELATAN","KAB. GOWA","BONTONOMPO","SULAWESI SELATAN","GOWA","SGM","BONTONOMPO","SGM007","SN"
"SULAWESI SELATAN","KAB. GOWA","BAJENG","SULAWESI SELATAN","GOWA","SGM","BAJENG","SGM001","SN"
"SULAWESI SELATAN","KAB. GOWA","TOMPOBULLU","SULAWESI SELATAN","GOWA","SGM","TOMPOBULU-SGM","SGM018","SN"
"SULAWESI SELATAN","KAB. GOWA","TINGGIMONCONG","SULAWESI SELATAN","GOWA","SGM","TINGGIMONCONG","SGM016","SN"
"SULAWESI SELATAN","KAB. GOWA","PARANGLOE","SULAWESI SELATAN","GOWA","SGM","PARANGLOE","SGM012","SN"
"SULAWESI SELATAN","KAB. GOWA","BONTOMARANNU","SULAWESI SELATAN","GOWA","SGM","BONTOMARANNU","SGM006","SN"
"SULAWESI SELATAN","KAB. GOWA","PALANGGA","SULAWESI SELATAN","GOWA","SGM","PALLANGGA","SGM011","SN"
"SULAWESI SELATAN","KAB. GOWA","SOMBA UPU","SULAWESI SELATAN","GOWA","SGM","SOMBA OPU","SGM015","SN"
"SULAWESI SELATAN","KAB. GOWA","BUNGAYA","SULAWESI SELATAN","GOWA","SGM","BUNGAYA","SGM009","SN"
"SULAWESI SELATAN","KAB. GOWA","TOMBOLOPAO","SULAWESI SELATAN","GOWA","SGM","TOMBOLO PAO","SGM017","SN"
"SULAWESI SELATAN","KAB. GOWA","BIRINGBULU","SULAWESI SELATAN","GOWA","SGM","BIRINGBULU","SGM004","SN"
"SULAWESI SELATAN","KAB. GOWA","BAROMBONG","SULAWESI SELATAN","GOWA","SGM","BAROMBONG","SGM003","SN"
"SULAWESI SELATAN","KAB. GOWA","PATTALASANG","SULAWESI SELATAN","GOWA","SGM","PATTALASSANG","SGM014","SN"
"SULAWESI SELATAN","KAB. GOWA","MANUJU","SULAWESI SELATAN","GOWA","SGM","MANUJU","SGM010","SN"
"SULAWESI SELATAN","KAB. GOWA","BONTOLEMPANGANG","SULAWESI SELATAN","GOWA","SGM","BONTOLEMPANGAN","SGM005","SN"
"SULAWESI SELATAN","KAB. GOWA","BONTONOMPO SELATAN","SULAWESI SELATAN","GOWA","SGM","BONTONOMPO SELATAN","SGM008","SN"
"SULAWESI SELATAN","KAB. GOWA","PARIGI","SULAWESI SELATAN","GOWA","SGM","PARIGI-SGM","SGM013","SN"
"SULAWESI SELATAN","KAB. GOWA","BAJENG BARAT","SULAWESI SELATAN","GOWA","SGM","BAJENG BARAT","SGM002","SN"
"SULAWESI SELATAN","KAB. JENEPONTO","BANGKALA","SULAWESI SELATAN","JENEPONTO","JPO","BANGKALA","JPO002","SN"
"SULAWESI SELATAN","KAB. JENEPONTO","TAMALATEA","SULAWESI SELATAN","JENEPONTO","JPO","TAMALATEA","JPO009","SN"
"SULAWESI SELATAN","KAB. JENEPONTO","BINAMU","SULAWESI SELATAN","JENEPONTO","JPO","BINAMU","JPO005","SN"
"SULAWESI SELATAN","KAB. JENEPONTO","BATANG","SULAWESI SELATAN","JENEPONTO","JPO","BATANG","JPO004","SN"
"SULAWESI SELATAN","KAB. JENEPONTO","KELARA","SULAWESI SELATAN","JENEPONTO","JPO","KELARA","JPO007","SN"
"SULAWESI SELATAN","KAB. JENEPONTO","BANGKALA BARAT","SULAWESI SELATAN","JENEPONTO","JPO","BANGKALA BARAT","JPO003","SN"
"SULAWESI SELATAN","KAB. JENEPONTO","BONTORAMBA","SULAWESI SELATAN","JENEPONTO","JPO","BONTORAMBA","JPO006","SN"
"SULAWESI SELATAN","KAB. JENEPONTO","TURATEA","SULAWESI SELATAN","JENEPONTO","JPO","TURATEA","JPO011","SN"
"SULAWESI SELATAN","KAB. JENEPONTO","ARUNGKEKE","SULAWESI SELATAN","JENEPONTO","JPO","ARUNGKEKE","JPO001","SN"
"SULAWESI SELATAN","KAB. JENEPONTO","RUMBIA","SULAWESI SELATAN","JENEPONTO","JPO","RUMBIA-JPO","JPO008","SN"
"SULAWESI SELATAN","KAB. JENEPONTO","TAROWANG","SULAWESI SELATAN","JENEPONTO","JPO","TAROWANG","JPO010","SN"
"SULAWESI SELATAN","KAB. KEPULAUAN SELAYAR","BENTENG","SULAWESI SELATAN","SELAYAR","BEN","BENTENG","BEN001","SN"
"SULAWESI SELATAN","KAB. KEPULAUAN SELAYAR","BONTOHARU","SULAWESI SELATAN","SELAYAR","BEN","BONTOHARU","BEN002","SN"
"SULAWESI SELATAN","KAB. KEPULAUAN SELAYAR","BONTOMATENE","SULAWESI SELATAN","SELAYAR","BEN","BONTOMATENE","BEN004","SN"
"SULAWESI SELATAN","KAB. KEPULAUAN SELAYAR","BONTOMANAI","SULAWESI SELATAN","SELAYAR","BEN","BONTOMANAI","BEN003","SN"
"SULAWESI SELATAN","KAB. KEPULAUAN SELAYAR","BONTOSIKUYU","SULAWESI SELATAN","SELAYAR","BEN","BONTOSIKUYU","BEN005","SN"
"SULAWESI SELATAN","KAB. KEPULAUAN SELAYAR","PASIMASUNGGU","SULAWESI SELATAN","SELAYAR","BEN","PASIMASSUNGGU","BEN009","SN"
"SULAWESI SELATAN","KAB. KEPULAUAN SELAYAR","PASIMARANNU","SULAWESI SELATAN","SELAYAR","BEN","PASIMARANNU","BEN008","SN"
"SULAWESI SELATAN","KAB. KEPULAUAN SELAYAR","TAKA BONERATE","SULAWESI SELATAN","SELAYAR","BEN","TAKABONERATE","BEN011","SN"
"SULAWESI SELATAN","KAB. KEPULAUAN SELAYAR","PASILAMBENA","SULAWESI SELATAN","SELAYAR","BEN","PASILAMBENA","BEN007","SN"
"SULAWESI SELATAN","KAB. KEPULAUAN SELAYAR","PASIMASUNGGU TIMUR","SULAWESI SELATAN","SELAYAR","BEN","PASIMASUNGGU TIMUR","BEN010","SN"
"SULAWESI SELATAN","KAB. KEPULAUAN SELAYAR","BUKI","SULAWESI SELATAN","SELAYAR","BEN","BUKI","BEN006","SN"
"SULAWESI SELATAN","KAB. LUWU","BASSE SANGTEMPE UTARA","SULAWESI SELATAN","LUWU","BEL","BASSE SANGTEMPE UTARA","BEL003","SN"
"SULAWESI SELATAN","KAB. LUWU","LAROMPONG","SULAWESI SELATAN","LUWU","BEL","LAROMPONG","BEL012","SN"
"SULAWESI SELATAN","KAB. LUWU","SULI","SULAWESI SELATAN","LUWU","BEL","SULI","BEL017","SN"
"SULAWESI SELATAN","KAB. LUWU","BAJO","SULAWESI SELATAN","LUWU","BEL","BAJO","BEL001","SN"
"SULAWESI SELATAN","KAB. LUWU","BUA PONRANG","SULAWESI SELATAN","LUWU","BEL","BUA PONRANG","BEL008","SN"
"SULAWESI SELATAN","KAB. LUWU","WALENRANG","SULAWESI SELATAN","LUWU","BEL","WALENRANG","BEL019","SN"
"SULAWESI SELATAN","KAB. LUWU","BELOPA","SULAWESI SELATAN","LUWU","BEL","BELOPA","BEL005","SN"
"SULAWESI SELATAN","KAB. LUWU","BUA","SULAWESI SELATAN","LUWU","BEL","BUA","BEL007","SN"
"SULAWESI SELATAN","KAB. LUWU","LAMASI","SULAWESI SELATAN","LUWU","BEL","LAMASI","BEL010","SN"
"SULAWESI SELATAN","KAB. LUWU","LAROMPONG SELATAN","SULAWESI SELATAN","LUWU","BEL","LAROMPONG SELATAN","BEL013","SN"
"SULAWESI SELATAN","KAB. LUWU","PONRANG","SULAWESI SELATAN","LUWU","BEL","PONRANG","BEL015","SN"
"SULAWESI SELATAN","KAB. LUWU","LATIMOJONG","SULAWESI SELATAN","LUWU","BEL","LATIMOJONG","BEL014","SN"
"SULAWESI SELATAN","KAB. LUWU","KAMANRE","SULAWESI SELATAN","LUWU","BEL","KAMANRE","BEL009","SN"
"SULAWESI SELATAN","KAB. LUWU","BELOPA UTARA","SULAWESI SELATAN","LUWU","BEL","BELOPA UTARA","BEL006","SN"
"SULAWESI SELATAN","KAB. LUWU","WALENRANG BARAT","SULAWESI SELATAN","LUWU","BEL","WALENRANG BARAT","BEL020","SN"
"SULAWESI SELATAN","KAB. LUWU","WALENRANG UTARA","SULAWESI SELATAN","LUWU","BEL","WALENRANG UTARA","BEL022","SN"
"SULAWESI SELATAN","KAB. LUWU","WALENRANG TIMUR","SULAWESI SELATAN","LUWU","BEL","WALENRANG TIMUR","BEL021","SN"
"SULAWESI SELATAN","KAB. LUWU","LAMASI TIMUR","SULAWESI SELATAN","LUWU","BEL","LAMASI TIMUR","BEL011","SN"
"SULAWESI SELATAN","KAB. LUWU","SULI BARAT","SULAWESI SELATAN","LUWU","BEL","SULI BARAT","BEL018","SN"
"SULAWESI SELATAN","KAB. LUWU","BAJO BARAT","SULAWESI SELATAN","LUWU","BEL","BAJO BARAT","BEL002","SN"
"SULAWESI SELATAN","KAB. LUWU","PONRANG SELATAN","SULAWESI SELATAN","LUWU","BEL","PONRANG SELATAN","BEL016","SN"
"SULAWESI SELATAN","KAB. LUWU TIMUR","MANGKUTANA","SULAWESI SELATAN","MALILI","MAL","MANGKUTANA","MAL005","SN"
"SULAWESI SELATAN","KAB. LUWU TIMUR","NUHA","SULAWESI SELATAN","MALILI","MAL","NUHA","MAL009","SN"
"SULAWESI SELATAN","KAB. LUWU TIMUR","TOWUTI","SULAWESI SELATAN","MALILI","MAL","TOWUTI","MAL010","SN"
"SULAWESI SELATAN","KAB. LUWU TIMUR","MALILI","SULAWESI SELATAN","MALILI","MAL","MALILI","MAL004","SN"
"SULAWESI SELATAN","KAB. LUWU TIMUR","ANGKONA","SULAWESI SELATAN","MALILI","MAL","ANGKONA","MAL001","SN"
"SULAWESI SELATAN","KAB. LUWU TIMUR","WOTU","SULAWESI SELATAN","MALILI","MAL","WOTU","MAL008","SN"
"SULAWESI SELATAN","KAB. LUWU TIMUR","BURAU","SULAWESI SELATAN","MALILI","MAL","BURAU","MAL002","SN"
"SULAWESI SELATAN","KAB. LUWU TIMUR","TOMONI","SULAWESI SELATAN","MALILI","MAL","TOMONI","MAL006","SN"
"SULAWESI SELATAN","KAB. LUWU TIMUR","TOMONI TIMUR","SULAWESI SELATAN","MALILI","MAL","TOMONI TIMUR","MAL007","SN"
"SULAWESI SELATAN","KAB. LUWU TIMUR","KALAENA","SULAWESI SELATAN","MALILI","MAL","KALAENA","MAL003","SN"
"SULAWESI SELATAN","KAB. LUWU TIMUR","WASUPONDA","SULAWESI SELATAN","MALILI","MAL","WASUPONDA","MAL011","SN"
"SULAWESI SELATAN","KAB. LUWU UTARA","MALANGKE","SULAWESI SELATAN","MASAMBA","MSB","MALENGKE","MSB004","SN"
"SULAWESI SELATAN","KAB. LUWU UTARA","BONE BONE","SULAWESI SELATAN","MASAMBA","MSB","BONE-BONE","MSB002","SN"
"SULAWESI SELATAN","KAB. LUWU UTARA","MASAMBA","SULAWESI SELATAN","MASAMBA","MSB","MASAMBA","MSB007","SN"
"SULAWESI SELATAN","KAB. LUWU UTARA","SABBANG","SULAWESI SELATAN","MASAMBA","MSB","SABBANG","MSB009","SN"
"SULAWESI SELATAN","KAB. LUWU UTARA","LIMBONG","SULAWESI SELATAN","MASAMBA","MSB","LIMBONG","MSB003","SN"
"SULAWESI SELATAN","KAB. LUWU UTARA","SUKAMAJU","SULAWESI SELATAN","MASAMBA","MSB","SUKAMAJU","MSB011","SN"
"SULAWESI SELATAN","KAB. LUWU UTARA","SEKO","SULAWESI SELATAN","MASAMBA","MSB","SEKO","MSB010","SN"
"SULAWESI SELATAN","KAB. LUWU UTARA","MALANGKE BARAT","SULAWESI SELATAN","MASAMBA","MSB","MALENGKE BARAT","MSB005","SN"
"SULAWESI SELATAN","KAB. LUWU UTARA","RAMPI","SULAWESI SELATAN","MASAMBA","MSB","RAMPI","MSB008","SN"
"SULAWESI SELATAN","KAB. LUWU UTARA","MAPPEDECENG","SULAWESI SELATAN","MASAMBA","MSB","MAPPEDECENG","MSB006","SN"
"SULAWESI SELATAN","KAB. LUWU UTARA","BAEBUNTA","SULAWESI SELATAN","MASAMBA","MSB","BAEBUNTA","MSB001","SN"
"SULAWESI SELATAN","KAB. LUWU UTARA","TANA LILI","SULAWESI SELATAN","MASAMBA","MSB","TANA LILI","MSB012","SN"
"SULAWESI SELATAN","KAB. MAROS","MANDAI","SULAWESI SELATAN","MAROS","MAR","MANDAI","MAR007","SN"
"SULAWESI SELATAN","KAB. MAROS","CAMBA","SULAWESI SELATAN","MAROS","MAR","CAMBA","MAR003","SN"
"SULAWESI SELATAN","KAB. MAROS","BANTIMURUNG","SULAWESI SELATAN","MAROS","MAR","BANTIMURUNG","MAR001","SN"
"SULAWESI SELATAN","KAB. MAROS","MAROS BARU","SULAWESI SELATAN","MAROS","MAR","MAROS BARU","MAR008","SN"
"SULAWESI SELATAN","KAB. MAROS","BONTOA","SULAWESI SELATAN","MAROS","MAR","BONTOA","MAR002","SN"
"SULAWESI SELATAN","KAB. MAROS","MALLLAWA","SULAWESI SELATAN","MAROS","MAR","MALLAWA","MAR006","SN"
"SULAWESI SELATAN","KAB. MAROS","TANRALILI","SULAWESI SELATAN","MAROS","MAR","TANRALILI","MAR012","SN"
"SULAWESI SELATAN","KAB. MAROS","MARUSU","SULAWESI SELATAN","MAROS","MAR","MARUSU","MAR009","SN"
"SULAWESI SELATAN","KAB. MAROS","SIMBANG","SULAWESI SELATAN","MAROS","MAR","SIMBANG","MAR011","SN"
"SULAWESI SELATAN","KAB. MAROS","CENRANA","SULAWESI SELATAN","MAROS","MAR","CENRANA-MAR","MAR004","SN"
"SULAWESI SELATAN","KAB. MAROS","TOMPOBULU","SULAWESI SELATAN","MAROS","MAR","TOMPU BULU","MAR013","SN"
"SULAWESI SELATAN","KAB. MAROS","LAU","SULAWESI SELATAN","MAROS","MAR","LAU","MAR005","SN"
"SULAWESI SELATAN","KAB. MAROS","MONCONG LOE","SULAWESI SELATAN","MAROS","MAR","MONCONGLOE","MAR010","SN"
"SULAWESI SELATAN","KAB. MAROS","TURIKALE","SULAWESI SELATAN","MAROS","MAR","TURIKALE","MAR014","SN"
"SULAWESI SELATAN","KAB. PANGKAJENE KEPULAUAN","LIUKANG TANGAYA","SULAWESI SELATAN","PANGKAJENE","PAJ","LIUKANG TANGAYA","PAJ005","SN"
"SULAWESI SELATAN","KAB. PANGKAJENE KEPULAUAN","LIUKANG KALMAS","SULAWESI SELATAN","PANGKAJENE","PAJ","LIUKANG KALMAS","PAJ004","SN"
"SULAWESI SELATAN","KAB. PANGKAJENE KEPULAUAN","LIUKANG TUPABBIRING","SULAWESI SELATAN","PANGKAJENE","PAJ","LIUKANG TUPABBIRING","PAJ006","SN"
"SULAWESI SELATAN","KAB. PANGKAJENE KEPULAUAN","PANGKAJENE","SULAWESI SELATAN","PANGKAJENE","PAJ","PANGKAJENE","PAJ011","SN"
"SULAWESI SELATAN","KAB. PANGKAJENE KEPULAUAN","BALOCCI","SULAWESI SELATAN","PANGKAJENE","PAJ","BALOCCI","PAJ001","SN"
"SULAWESI SELATAN","KAB. PANGKAJENE KEPULAUAN","BUNGORO","SULAWESI SELATAN","PANGKAJENE","PAJ","BUNGORO","PAJ002","SN"
"SULAWESI SELATAN","KAB. PANGKAJENE KEPULAUAN","LABAKKANG","SULAWESI SELATAN","PANGKAJENE","PAJ","LABAKKANG","PAJ003","SN"
"SULAWESI SELATAN","KAB. PANGKAJENE KEPULAUAN","MARANG","SULAWESI SELATAN","PANGKAJENE","PAJ","MARANG","PAJ009","SN"
"SULAWESI SELATAN","KAB. PANGKAJENE KEPULAUAN","SEGERI","SULAWESI SELATAN","PANGKAJENE","PAJ","SEGERI","PAJ012","SN"
"SULAWESI SELATAN","KAB. PANGKAJENE KEPULAUAN","MINASA TENE","SULAWESI SELATAN","PANGKAJENE","PAJ","MINASA TENE","PAJ010","SN"
"SULAWESI SELATAN","KAB. PANGKAJENE KEPULAUAN","MANDALLE","SULAWESI SELATAN","PANGKAJENE","PAJ","MANDALLE","PAJ008","SN"
"SULAWESI SELATAN","KAB. PANGKAJENE KEPULAUAN","TONDONG TALLASA","SULAWESI SELATAN","PANGKAJENE","PAJ","TONDONG TALLASA","PAJ013","SN"
"SULAWESI SELATAN","KAB. PANGKAJENE KEPULAUAN","LIUKANG TUPABBIRING UTARA","SULAWESI SELATAN","PANGKAJENE","PAJ","LIUKANG TUPABBIRING UTARA","PAJ007","SN"
"SULAWESI SELATAN","KAB. PINRANG","MATIRRO SOMPE","SULAWESI SELATAN","PINRANG","PRR","MATTIRO SOMPE","PRR007","SN"
"SULAWESI SELATAN","KAB. PINRANG","SUPPA","SULAWESI SELATAN","PINRANG","PRR","SUPPA","PRR010","SN"
"SULAWESI SELATAN","KAB. PINRANG","MATTIRO BULU","SULAWESI SELATAN","PINRANG","PRR","MATTIRO BULU","PRR006","SN"
"SULAWESI SELATAN","KAB. PINRANG","WATANG SAWITO","SULAWESI SELATAN","PINRANG","PRR","WATANG SAWITTO","PRR012","SN"
"SULAWESI SELATAN","KAB. PINRANG","PATAMPANUA","SULAWESI SELATAN","PINRANG","PRR","PATAMPANUA","PRR009","SN"
"SULAWESI SELATAN","KAB. PINRANG","DUAMPANUA","SULAWESI SELATAN","PINRANG","PRR","DUAMPANUA","PRR003","SN"
"SULAWESI SELATAN","KAB. PINRANG","LEMBANG","SULAWESI SELATAN","PINRANG","PRR","LEMBANG-PRR","PRR005","SN"
"SULAWESI SELATAN","KAB. PINRANG","CEMPA","SULAWESI SELATAN","PINRANG","PRR","CEMPA","PRR002","SN"
"SULAWESI SELATAN","KAB. PINRANG","TIROANG","SULAWESI SELATAN","PINRANG","PRR","TIROANG","PRR011","SN"
"SULAWESI SELATAN","KAB. PINRANG","LANSIRANG","SULAWESI SELATAN","PINRANG","PRR","LANRISANG","PRR004","SN"
"SULAWESI SELATAN","KAB. PINRANG","PALETEANG","SULAWESI SELATAN","PINRANG","PRR","PALETEANG","PRR008","SN"
"SULAWESI SELATAN","KAB. PINRANG","BATU LAPPA","SULAWESI SELATAN","PINRANG","PRR","BATULAPPA","PRR001","SN"
"SULAWESI SELATAN","KAB. SIDENRENG RAPPANG","PANCA LAUTAN","SULAWESI SELATAN","SIDENRENG RAPANG","SDR","PANCA LAUTAN","SDR005","SN"
"SULAWESI SELATAN","KAB. SIDENRENG RAPPANG","TELLU LIMPOE","SULAWESI SELATAN","SIDENRENG RAPANG","SDR","TELLU LIMPOE-SDR","SDR009","SN"
"SULAWESI SELATAN","KAB. SIDENRENG RAPPANG","WATANG PULU","SULAWESI SELATAN","SIDENRENG RAPANG","SDR","WATANG PULU","SDR010","SN"
"SULAWESI SELATAN","KAB. SIDENRENG RAPPANG","BARANTI","SULAWESI SELATAN","SIDENRENG RAPANG","SDR","BARANTI","SDR001","SN"
"SULAWESI SELATAN","KAB. SIDENRENG RAPPANG","PANCA RIJANG","SULAWESI SELATAN","SIDENRENG RAPANG","SDR","PANCA RIJANG","SDR006","SN"
"SULAWESI SELATAN","KAB. SIDENRENG RAPPANG","KULO","SULAWESI SELATAN","SIDENRENG RAPANG","SDR","KULO","SDR003","SN"
"SULAWESI SELATAN","KAB. SIDENRENG RAPPANG","MARITENGNGAE","SULAWESI SELATAN","SIDENRENG RAPANG","SDR","MARITENGNGAE","SDR004","SN"
"SULAWESI SELATAN","KAB. SIDENRENG RAPPANG","WT. SIDENRENG","SULAWESI SELATAN","SIDENRENG RAPANG","SDR","WATTANG SINDERENG","SDR011","SN"
"SULAWESI SELATAN","KAB. SIDENRENG RAPPANG","DUA PITUE","SULAWESI SELATAN","SIDENRENG RAPANG","SDR","DUA PITUE","SDR002","SN"
"SULAWESI SELATAN","KAB. SIDENRENG RAPPANG","PITU RIAWA","SULAWESI SELATAN","SIDENRENG RAPANG","SDR","PITU RIAWA","SDR008","SN"
"SULAWESI SELATAN","KAB. SIDENRENG RAPPANG","PITU RAISE","SULAWESI SELATAN","SIDENRENG RAPANG","SDR","PITU RAISE","SDR007","SN"
"SULAWESI SELATAN","KAB. SINJAI","SINJAI BARAT","SULAWESI SELATAN","SINJAI","SNJ","SINJAI BARAT","SNJ003","SN"
"SULAWESI SELATAN","KAB. SINJAI","SINJAI SELATAN","SULAWESI SELATAN","SINJAI","SNJ","SINJAI SELATAN","SNJ005","SN"
"SULAWESI SELATAN","KAB. SINJAI","SINJAI TIMUR","SULAWESI SELATAN","SINJAI","SNJ","SINJAI TIMUR","SNJ007","SN"
"SULAWESI SELATAN","KAB. SINJAI","SINJAI TENGAH","SULAWESI SELATAN","SINJAI","SNJ","SINJAI TENGAH","SNJ006","SN"
"SULAWESI SELATAN","KAB. SINJAI","SINJAI UTARA","SULAWESI SELATAN","SINJAI","SNJ","SINJAI UTARA","SNJ008","SN"
"SULAWESI SELATAN","KAB. SINJAI","BULUPODDO","SULAWESI SELATAN","SINJAI","SNJ","BULUPODDO","SNJ001","SN"
"SULAWESI SELATAN","KAB. SINJAI","SINJAI BORONG","SULAWESI SELATAN","SINJAI","SNJ","SINJAI BORONG","SNJ004","SN"
"SULAWESI SELATAN","KAB. SINJAI","TELLU LIMPOE","SULAWESI SELATAN","SINJAI","SNJ","TELLU LIMPOE-SNJ","SNJ009","SN"
"SULAWESI SELATAN","KAB. SINJAI","PULAU SEMBILAN","SULAWESI SELATAN","SINJAI","SNJ","PULAU SEMBILAN-SNJ","SNJ002","SN"
"SULAWESI SELATAN","KAB. SOPPENG","MARIORIWAWO","SULAWESI SELATAN","SOPPENG","WSE","MARIO RIWAWO","WSE006","SN"
"SULAWESI SELATAN","KAB. SOPPENG","LILIRAJA","SULAWESI SELATAN","SOPPENG","WSE","LILIRAJA","WSE004","SN"
"SULAWESI SELATAN","KAB. SOPPENG","LILIRILAU","SULAWESI SELATAN","SOPPENG","WSE","LILI RILAU","WSE003","SN"
"SULAWESI SELATAN","KAB. SOPPENG","LALABATA","SULAWESI SELATAN","SOPPENG","WSE","LALABATA","WSE008","SN"
"SULAWESI SELATAN","KAB. SOPPENG","MARIORIAWA","SULAWESI SELATAN","SOPPENG","WSE","MARIO RIAWA","WSE005","SN"
"SULAWESI SELATAN","KAB. SOPPENG","DONRI DONRI","SULAWESI SELATAN","SOPPENG","WSE","DONRI-DONRI","WSE002","SN"
"SULAWESI SELATAN","KAB. SOPPENG","GANRA","SULAWESI SELATAN","SOPPENG","WSE","GANRA","WSE007","SN"
"SULAWESI SELATAN","KAB. SOPPENG","CITTA","SULAWESI SELATAN","SOPPENG","WSE","CITTA","WSE001","SN"
"SULAWESI SELATAN","KAB. TAKALAR","MAPPAKASUNGGU","SULAWESI SELATAN","TAKALAR","TKL","MAPPAKASUNGGU","TKL005","SN"
"SULAWESI SELATAN","KAB. TAKALAR","MANGARABOMBANG","SULAWESI SELATAN","TAKALAR","TKL","MANGARA BOMBANG","TKL004","SN"
"SULAWESI SELATAN","KAB. TAKALAR","POLOMBANGKENG SELATAN","SULAWESI SELATAN","TAKALAR","TKL","POLOBANGKENG SELATAN","TKL007","SN"
"SULAWESI SELATAN","KAB. TAKALAR","POLOMBANGKENG UTARA","SULAWESI SELATAN","TAKALAR","TKL","POLOBANGKENG UTARA","TKL008","SN"
"SULAWESI SELATAN","KAB. TAKALAR","GALESONG SELATAN","SULAWESI SELATAN","TAKALAR","TKL","GALESONG SELATAN","TKL002","SN"
"SULAWESI SELATAN","KAB. TAKALAR","GALESONG UTARA","SULAWESI SELATAN","TAKALAR","TKL","GALESONG UTARA","TKL003","SN"
"SULAWESI SELATAN","KAB. TAKALAR","PATTALLASSANG","SULAWESI SELATAN","TAKALAR","TKL","PATALLASSANG","TKL006","SN"
"SULAWESI SELATAN","KAB. TAKALAR","SANROBONE","SULAWESI SELATAN","TAKALAR","TKL","SANROBONE","TKL009","SN"
"SULAWESI SELATAN","KAB. TAKALAR","GALESONG","SULAWESI SELATAN","TAKALAR","TKL","GALESONG","TKL001","SN"
"SULAWESI SELATAN","KAB. TANA TORAJA","SALUPUTI","SULAWESI SELATAN","TANA TORAJA","MAE","SALUPUTTI","MAE014","SN"
"SULAWESI SELATAN","KAB. TANA TORAJA","BITTUANG","SULAWESI SELATAN","TANA TORAJA","MAE","BITTUANG","MAE001","SN"
"SULAWESI SELATAN","KAB. TANA TORAJA","BONGGAKARADENG","SULAWESI SELATAN","TANA TORAJA","MAE","BONGGAKARADENG","MAE002","SN"
"SULAWESI SELATAN","KAB. TANA TORAJA","MAKALE","SULAWESI SELATAN","TANA TORAJA","MAE","MAKALE","MAE005","SN"
"SULAWESI SELATAN","KAB. TANA TORAJA","SIMBUANG","SULAWESI SELATAN","TANA TORAJA","MAE","SIMBUANG","MAE018","SN"
"SULAWESI SELATAN","KAB. TANA TORAJA","RANTETAYO","SULAWESI SELATAN","TANA TORAJA","MAE","RANTETAYO-MAE","MAE019","SN"
"SULAWESI SELATAN","KAB. TANA TORAJA","MENGKENDEK","SULAWESI SELATAN","TANA TORAJA","MAE","MENGKENDEK","MAE011","SN"
"SULAWESI SELATAN","KAB. TANA TORAJA","SANGALLA","SULAWESI SELATAN","TANA TORAJA","MAE","SANGALLA","MAE015","SN"
"SULAWESI SELATAN","KAB. TANA TORAJA","GANDANGBATU SILLANAN","SULAWESI SELATAN","TANA TORAJA","MAE","GANDANG BATU SILLANAN","MAE003","SN"
"SULAWESI SELATAN","KAB. TANA TORAJA","REMBON","SULAWESI SELATAN","TANA TORAJA","MAE","REMBON","MAE013","SN"
"SULAWESI SELATAN","KAB. TANA TORAJA","MAKALE UTARA","SULAWESI SELATAN","TANA TORAJA","MAE","MAKALE UTARA","MAE007","SN"
"SULAWESI SELATAN","KAB. TANA TORAJA","MAPPAK","SULAWESI SELATAN","TANA TORAJA","MAE","MAPPAK","MAE009","SN"
"SULAWESI SELATAN","KAB. TANA TORAJA","MAKALE SELATAN","SULAWESI SELATAN","TANA TORAJA","MAE","MAKALE SELATAN","MAE006","SN"
"SULAWESI SELATAN","KAB. TANA TORAJA","MASANDA","SULAWESI SELATAN","TANA TORAJA","MAE","MASANDA","MAE010","SN"
"SULAWESI SELATAN","KAB. TANA TORAJA","SANGALLA SELATAN","SULAWESI SELATAN","TANA TORAJA","MAE","SANGALLA SELATAN","MAE016","SN"
"SULAWESI SELATAN","KAB. TANA TORAJA","SANGALLA UTARA","SULAWESI SELATAN","TANA TORAJA","MAE","SANGALLA UTARA","MAE017","SN"
"SULAWESI SELATAN","KAB. TANA TORAJA","MALIMBONG BALEPE","SULAWESI SELATAN","TANA TORAJA","MAE","MALIMBONG BALEPE","MAE008","SN"
"SULAWESI SELATAN","KAB. TANA TORAJA","RANO","SULAWESI SELATAN","TANA TORAJA","MAE","RANO","MAE012","SN"
"SULAWESI SELATAN","KAB. TANA TORAJA","KURRA","SULAWESI SELATAN","TANA TORAJA","MAE","KURRA","MAE004","SN"
"SULAWESI SELATAN","KAB. TORAJA UTARA","RANTEPAO","SULAWESI SELATAN","TORAJA UTARA","RTP","RANTEPAO","RTP012","SN"
"SULAWESI SELATAN","KAB. TORAJA UTARA","SESEAN","SULAWESI SELATAN","TORAJA UTARA","RTP","SESEAN","RTP017","SN"
"SULAWESI SELATAN","KAB. TORAJA UTARA","NANGGALA","SULAWESI SELATAN","TORAJA UTARA","RTP","NANGGALA","RTP010","SN"
"SULAWESI SELATAN","KAB. TORAJA UTARA","RINDINGALLO","SULAWESI SELATAN","TORAJA UTARA","RTP","RINDINGALLO","RTP014","SN"
"SULAWESI SELATAN","KAB. TORAJA UTARA","BUNTAO","SULAWESI SELATAN","TORAJA UTARA","RTP","BUNTAO","RTP005","SN"
"SULAWESI SELATAN","KAB. TORAJA UTARA","SA'DAN","SULAWESI SELATAN","TORAJA UTARA","RTP","SA DAN","RTP015","SN"
"SULAWESI SELATAN","KAB. TORAJA UTARA","SANGGALANGI","SULAWESI SELATAN","TORAJA UTARA","RTP","SANGGALANGI","RTP016","SN"
"SULAWESI SELATAN","KAB. TORAJA UTARA","SOPAI","SULAWESI SELATAN","TORAJA UTARA","RTP","SOPAI","RTP019","SN"
"SULAWESI SELATAN","KAB. TORAJA UTARA","TIKALA","SULAWESI SELATAN","TORAJA UTARA","RTP","TIKALA-RTP","RTP021","SN"
"SULAWESI SELATAN","KAB. TORAJA UTARA","BALUSU","SULAWESI SELATAN","TORAJA UTARA","RTP","BASULU","RTP002","SN"
"SULAWESI SELATAN","KAB. TORAJA UTARA","TALLUNGLIPU","SULAWESI SELATAN","TORAJA UTARA","RTP","TALLUNGLIPU","RTP020","SN"
"SULAWESI SELATAN","KAB. TORAJA UTARA","DENDE' PIONGAN NAPO","SULAWESI SELATAN","TORAJA UTARA","RTP","DENDE PIONGAN NAPO","RTP007","SN"
"SULAWESI SELATAN","KAB. TORAJA UTARA","BUNTU PEPASAN","SULAWESI SELATAN","TORAJA UTARA","RTP","BUNTU PEPASAN","RTP006","SN"
"SULAWESI SELATAN","KAB. TORAJA UTARA","BARUPPU","SULAWESI SELATAN","TORAJA UTARA","RTP","BARUPPU","RTP004","SN"
"SULAWESI SELATAN","KAB. TORAJA UTARA","KESU","SULAWESI SELATAN","TORAJA UTARA","RTP","KESU","RTP009","SN"
"SULAWESI SELATAN","KAB. TORAJA UTARA","TONDON","SULAWESI SELATAN","TORAJA UTARA","RTP","TONDON","RTP022","SN"
"SULAWESI SELATAN","KAB. TORAJA UTARA","BANGKELEKILA","SULAWESI SELATAN","TORAJA UTARA","RTP","BANGKELEKILA","RTP003","SN"
"SULAWESI SELATAN","KAB. TORAJA UTARA","RANTEBUA","SULAWESI SELATAN","TORAJA UTARA","RTP","RANTEBUA","RTP011","SN"
"SULAWESI SELATAN","KAB. TORAJA UTARA","SESEAN SULOARA","SULAWESI SELATAN","TORAJA UTARA","RTP","SESEAN SULOARA","RTP018","SN"
"SULAWESI SELATAN","KAB. TORAJA UTARA","KAPALA PITU","SULAWESI SELATAN","TORAJA UTARA","RTP","KAPALLA PITU","RTP008","SN"
"SULAWESI SELATAN","KAB. TORAJA UTARA","AWAN RANTE KARUA","SULAWESI SELATAN","TORAJA UTARA","RTP","AWAN RANTE KARUA","RTP001","SN"
"SULAWESI SELATAN","KAB. WAJO","SABANGPARU","SULAWESI SELATAN","WAJO","SEK","SABBANG PARU","SEK008","SN"
"SULAWESI SELATAN","KAB. WAJO","PAMMANA","SULAWESI SELATAN","WAJO","SEK","PAMMANA","SEK006","SN"
"SULAWESI SELATAN","KAB. WAJO","TAKKALALLA","SULAWESI SELATAN","WAJO","SEK","TAKKALALLA","SEK009","SN"
"SULAWESI SELATAN","KAB. WAJO","SAJOANGING","SULAWESI SELATAN","WAJO","SEK","SAJOANGING","SEK012","SN"
"SULAWESI SELATAN","KAB. WAJO","MAJAULENG","SULAWESI SELATAN","WAJO","SEK","MAJAULENG","SEK004","SN"
"SULAWESI SELATAN","KAB. WAJO","TEMPE","SULAWESI SELATAN","WAJO","SEK","TEMPE","SEK011","SN"
"SULAWESI SELATAN","KAB. WAJO","BELAWA","SULAWESI SELATAN","WAJO","SEK","BELAWA","SEK001","SN"
"SULAWESI SELATAN","KAB. WAJO","TANASITOLO","SULAWESI SELATAN","WAJO","SEK","TANA SITOLO","SEK010","SN"
"SULAWESI SELATAN","KAB. WAJO","MANIANGPAJO","SULAWESI SELATAN","WAJO","SEK","MANIANG PAJO","SEK005","SN"
"SULAWESI SELATAN","KAB. WAJO","PITUMPANUA","SULAWESI SELATAN","WAJO","SEK","PITUMPANUA","SEK013","SN"
"SULAWESI SELATAN","KAB. WAJO","BOLA","SULAWESI SELATAN","WAJO","SEK","BOLA-SEK","SEK002","SN"
"SULAWESI SELATAN","KAB. WAJO","PENRANG","SULAWESI SELATAN","WAJO","SEK","PENRANG","SEK007","SN"
"SULAWESI SELATAN","KAB. WAJO","GILIRENG","SULAWESI SELATAN","WAJO","SEK","GILIRENG","SEK003","SN"
"SULAWESI SELATAN","KAB. WAJO","KEERA","SULAWESI SELATAN","WAJO","SEK","KEERA","SEK014","SN"
"SULAWESI SELATAN","KOTA MAKASSAR","MARISO","SULAWESI SELATAN","MAKASSAR","UPG","MARISO","UPG003","SN"
"SULAWESI SELATAN","KOTA MAKASSAR","MAMAJANG","SULAWESI SELATAN","MAKASSAR","UPG","MAMAJANG","UPG002","SN"
"SULAWESI SELATAN","KOTA MAKASSAR","MAKASSAR","SULAWESI SELATAN","MAKASSAR","UPG","MAKASSAR","UPG001","SN"
"SULAWESI SELATAN","KOTA MAKASSAR","UJUNG PANDANG","SULAWESI SELATAN","MAKASSAR","UPG","UJUNG PANDANG","UPG004","SN"
"SULAWESI SELATAN","KOTA MAKASSAR","WAJO","SULAWESI SELATAN","MAKASSAR","UPG","WAJO","UPG010","SN"
"SULAWESI SELATAN","KOTA MAKASSAR","BONTOALA","SULAWESI SELATAN","MAKASSAR","UPG","BONTOALA","UPG015","SN"
"SULAWESI SELATAN","KOTA MAKASSAR","TALLO","SULAWESI SELATAN","MAKASSAR","UPG","TALLO","UPG014","SN"
"SULAWESI SELATAN","KOTA MAKASSAR","UJUNG TANAH","SULAWESI SELATAN","MAKASSAR","UPG","UJUNG TANAH","UPG009","SN"
"SULAWESI SELATAN","KOTA MAKASSAR","PANAKKUKANG","SULAWESI SELATAN","MAKASSAR","UPG","PANAKKUKANG","UPG012","SN"
"SULAWESI SELATAN","KOTA MAKASSAR","TAMALATE","SULAWESI SELATAN","MAKASSAR","UPG","TAMALATE","UPG008","SN"
"SULAWESI SELATAN","KOTA MAKASSAR","BIRINGKANAYA","SULAWESI SELATAN","MAKASSAR","UPG","BIRING KANAYA","UPG011","SN"
"SULAWESI SELATAN","KOTA MAKASSAR","MANGGALA","SULAWESI SELATAN","MAKASSAR","UPG","MANGGALA","UPG005","SN"
"SULAWESI SELATAN","KOTA MAKASSAR","RAPPOCINI","SULAWESI SELATAN","MAKASSAR","UPG","RAPPOCINI","UPG013","SN"
"SULAWESI SELATAN","KOTA MAKASSAR","TAMALANREA","SULAWESI SELATAN","MAKASSAR","UPG","TAMALANREA","UPG006","SN"
"SULAWESI SELATAN","KOTA MAKASSAR","KEPULAUAN SANGKARRANG","SULAWESI SELATAN","MAKASSAR","UPG","KEP. SANGKARANG","UPG007","SN"
"SULAWESI SELATAN","KOTA PALOPO","WARA","SULAWESI SELATAN","PALOPO","PLP","WARA","PLP005","SN"
"SULAWESI SELATAN","KOTA PALOPO","WARA UTARA","SULAWESI SELATAN","PALOPO","PLP","WARA UTARA","PLP009","SN"
"SULAWESI SELATAN","KOTA PALOPO","WARA SELATAN","SULAWESI SELATAN","PALOPO","PLP","WARA SELATAN","PLP007","SN"
"SULAWESI SELATAN","KOTA PALOPO","TELLUWANUA","SULAWESI SELATAN","PALOPO","PLP","TELLUWANUA","PLP004","SN"
"SULAWESI SELATAN","KOTA PALOPO","WARA TIMUR","SULAWESI SELATAN","PALOPO","PLP","WARA TIMUR","PLP008","SN"
"SULAWESI SELATAN","KOTA PALOPO","WARA BARAT","SULAWESI SELATAN","PALOPO","PLP","WARA BARAT","PLP006","SN"
"SULAWESI SELATAN","KOTA PALOPO","SENDANA","SULAWESI SELATAN","PALOPO","PLP","SENDANA-PLP","PLP003","SN"
"SULAWESI SELATAN","KOTA PALOPO","MUNGKAJANG","SULAWESI SELATAN","PALOPO","PLP","MUNGKAJANG","PLP002","SN"
"SULAWESI SELATAN","KOTA PALOPO","BARA","SULAWESI SELATAN","PALOPO","PLP","BARA","PLP001","SN"
"SULAWESI SELATAN","KOTA PARE PARE","BACUKIKI","SULAWESI SELATAN","PARE PARE","PPE","BACUKIKI","PPE002","SN"
"SULAWESI SELATAN","KOTA PARE PARE","UJUNG","SULAWESI SELATAN","PARE PARE","PPE","UJUNG","PPE004","SN"
"SULAWESI SELATAN","KOTA PARE PARE","SOREANG","SULAWESI SELATAN","PARE PARE","PPE","SOREANG-PPE","PPE003","SN"
"SULAWESI SELATAN","KOTA PARE PARE","BACUKIKI BARAT","SULAWESI SELATAN","PARE PARE","PPE","BACUKIKI BARAT","PPE001","SN"
"SULAWESI TENGAH","KAB. BANGGAI","BATUI","SULAWESI TENGAH","BANGGAI","BAG","BATUI","BAG002","ST"
"SULAWESI TENGAH","KAB. BANGGAI","BUNTA","SULAWESI TENGAH","BANGGAI","BAG","BUNTA","BAG004","ST"
"SULAWESI TENGAH","KAB. BANGGAI","KINTOM","SULAWESI TENGAH","BANGGAI","BAG","KINTOM","BAG005","ST"
"SULAWESI TENGAH","KAB. BANGGAI","LUWUK","SULAWESI TENGAH","BANGGAI","BAG","LUWUK","BAG007","ST"
"SULAWESI TENGAH","KAB. BANGGAI","LAMALA","SULAWESI TENGAH","BANGGAI","BAG","LAMALA","BAG006","ST"
"SULAWESI TENGAH","KAB. BANGGAI","BALANTAK","SULAWESI TENGAH","BANGGAI","BAG","BALANTAK","BAG001","ST"
"SULAWESI TENGAH","KAB. BANGGAI","PAGIMANA","SULAWESI TENGAH","BANGGAI","BAG","PAGIMANA","BAG011","ST"
"SULAWESI TENGAH","KAB. BANGGAI","BUALEMO","SULAWESI TENGAH","BANGGAI","BAG","BUALEMO","BAG003","ST"
"SULAWESI TENGAH","KAB. BANGGAI","TOILI","SULAWESI TENGAH","BANGGAI","BAG","TOILI","BAG012","ST"
"SULAWESI TENGAH","KAB. BANGGAI","MASAMA","SULAWESI TENGAH","BANGGAI","BAG","MASAMA","BAG009","ST"
"SULAWESI TENGAH","KAB. BANGGAI","LUWUK TIMUR","SULAWESI TENGAH","BANGGAI","BAG","LUWUK TIMUR","BAG008","ST"
"SULAWESI TENGAH","KAB. BANGGAI","TOILI BARAT","SULAWESI TENGAH","BANGGAI","BAG","TOILI BARAT","BAG013","ST"
"SULAWESI TENGAH","KAB. BANGGAI","NUHON","SULAWESI TENGAH","BANGGAI","BAG","NUHON","BAG010","ST"
"SULAWESI TENGAH","KAB. BANGGAI","MOILONG","SULAWESI TENGAH","BANGGAI","BAG","MOILONG","BAG019","ST"
"SULAWESI TENGAH","KAB. BANGGAI","BATUI SELATAN","SULAWESI TENGAH","BANGGAI","BAG","BATUI SELATAN","BAG016","ST"
"SULAWESI TENGAH","KAB. BANGGAI","LOBU","SULAWESI TENGAH","BANGGAI","BAG","LOBU","BAG022","ST"
"SULAWESI TENGAH","KAB. BANGGAI","SIMPANG RAYA","SULAWESI TENGAH","BANGGAI","BAG","SIMPANG RAYA","BAG021","ST"
"SULAWESI TENGAH","KAB. BANGGAI","BALANTAK SELATAN","SULAWESI TENGAH","BANGGAI","BAG","BALANTAK SELATAN","BAG014","ST"
"SULAWESI TENGAH","KAB. BANGGAI","BALANTAK UTARA","SULAWESI TENGAH","BANGGAI","BAG","BALANTAK UTARA","BAG015","ST"
"SULAWESI TENGAH","KAB. BANGGAI","LUWUK SELATAN","SULAWESI TENGAH","BANGGAI","BAG","LUWUK SELATAN","BAG023","ST"
"SULAWESI TENGAH","KAB. BANGGAI","LUWUK UTARA","SULAWESI TENGAH","BANGGAI","BAG","LUWUK UTARA","BAG017","ST"
"SULAWESI TENGAH","KAB. BANGGAI","MANTOH","SULAWESI TENGAH","BANGGAI","BAG","MANTOH","BAG018","ST"
"SULAWESI TENGAH","KAB. BANGGAI","NAMBO","SULAWESI TENGAH","BANGGAI","BAG","NAMBO","BAG020","ST"
"SULAWESI TENGAH","KAB. BANGGAI KEPULAUAN","TOTIKUM","SULAWESI TENGAH","BANGGAI KEPULAUAN","SAL","TOTIKUM","SAL011","ST"
"SULAWESI TENGAH","KAB. BANGGAI KEPULAUAN","TINANGKUNG","SULAWESI TENGAH","BANGGAI KEPULAUAN","SAL","TINANGKUNG","SAL008","ST"
"SULAWESI TENGAH","KAB. BANGGAI KEPULAUAN","LIANG","SULAWESI TENGAH","BANGGAI KEPULAUAN","SAL","LIANG","SAL006","ST"
"SULAWESI TENGAH","KAB. BANGGAI KEPULAUAN","BULAGI","SULAWESI TENGAH","BANGGAI KEPULAUAN","SAL","BULAGI","SAL003","ST"
"SULAWESI TENGAH","KAB. BANGGAI KEPULAUAN","BUKO","SULAWESI TENGAH","BANGGAI KEPULAUAN","SAL","BUKO","SAL001","ST"
"SULAWESI TENGAH","KAB. BANGGAI KEPULAUAN","BULAGI SELATAN","SULAWESI TENGAH","BANGGAI KEPULAUAN","SAL","BULAGI SELATAN","SAL004","ST"
"SULAWESI TENGAH","KAB. BANGGAI KEPULAUAN","TINANGKUNG SELATAN","SULAWESI TENGAH","BANGGAI KEPULAUAN","SAL","TINANGKUNG SELATAN","SAL009","ST"
"SULAWESI TENGAH","KAB. BANGGAI KEPULAUAN","TOTIKUM SELATAN","SULAWESI TENGAH","BANGGAI KEPULAUAN","SAL","TOTIKUM SELATAN","SAL012","ST"
"SULAWESI TENGAH","KAB. BANGGAI KEPULAUAN","PELING TENGAH","SULAWESI TENGAH","BANGGAI KEPULAUAN","SAL","PELING TENGAH","SAL007","ST"
"SULAWESI TENGAH","KAB. BANGGAI KEPULAUAN","BULAGI UTARA","SULAWESI TENGAH","BANGGAI KEPULAUAN","SAL","BULAGI UTARA","SAL005","ST"
"SULAWESI TENGAH","KAB. BANGGAI KEPULAUAN","BUKO SELATAN","SULAWESI TENGAH","BANGGAI KEPULAUAN","SAL","BUKO SELATAN","SAL002","ST"
"SULAWESI TENGAH","KAB. BANGGAI KEPULAUAN","TINANGKUNG UTARA","SULAWESI TENGAH","BANGGAI KEPULAUAN","SAL","TINANGKUNG UTARA","SAL010","ST"
"SULAWESI TENGAH","KAB. BANGGAI LAUT","BANGGAI","SULAWESI TENGAH","BANGGAI LAUT","BAU","BANGGAI","BAU001","ST"
"SULAWESI TENGAH","KAB. BANGGAI LAUT","BANGGAI UTARA","SULAWESI TENGAH","BANGGAI LAUT","BAU","BANGGAI UTARA","BAU006","ST"
"SULAWESI TENGAH","KAB. BANGGAI LAUT","BOKAN KEPULAUAN","SULAWESI TENGAH","BANGGAI LAUT","BAU","BOKAN KEPULAUAN","BAU002","ST"
"SULAWESI TENGAH","KAB. BANGGAI LAUT","BANGKURUNG","SULAWESI TENGAH","BANGGAI LAUT","BAU","BANGKURUNG","BAU007","ST"
"SULAWESI TENGAH","KAB. BANGGAI LAUT","LABOBO","SULAWESI TENGAH","BANGGAI LAUT","BAU","LABOBO","BAU003","ST"
"SULAWESI TENGAH","KAB. BANGGAI LAUT","BANGGAI SELATAN","SULAWESI TENGAH","BANGGAI LAUT","BAU","BANGGAI SELATAN","BAU004","ST"
"SULAWESI TENGAH","KAB. BANGGAI LAUT","BANGGAI TENGAH","SULAWESI TENGAH","BANGGAI LAUT","BAU","BANGGAI TENGAH","BAU005","ST"
"SULAWESI TENGAH","KAB. BUOL","MOMUNU","SULAWESI TENGAH","BUOL","BUO","MOMUNU","BUO008","ST"
"SULAWESI TENGAH","KAB. BUOL","LAKEA","SULAWESI TENGAH","BUOL","BUO","LAKEA","BUO001","ST"
"SULAWESI TENGAH","KAB. BUOL","BOKAT","SULAWESI TENGAH","BUOL","BUO","BOKAT","BUO002","ST"
"SULAWESI TENGAH","KAB. BUOL","BUNOBOGU","SULAWESI TENGAH","BUOL","BUO","BUNOBOGU","BUO004","ST"
"SULAWESI TENGAH","KAB. BUOL","PALELEH","SULAWESI TENGAH","BUOL","BUO","PALELEH","BUO009","ST"
"SULAWESI TENGAH","KAB. BUOL","BIAU","SULAWESI TENGAH","BUOL","BUO","BIAU-BUO","BUO007","ST"
"SULAWESI TENGAH","KAB. BUOL","TILOAN","SULAWESI TENGAH","BUOL","BUO","TILOAN","BUO011","ST"
"SULAWESI TENGAH","KAB. BUOL","BUKAL","SULAWESI TENGAH","BUOL","BUO","BUKAL","BUO003","ST"
"SULAWESI TENGAH","KAB. BUOL","GADUNG","SULAWESI TENGAH","BUOL","BUO","GADUNG","BUO005","ST"
"SULAWESI TENGAH","KAB. BUOL","KARAMAT","SULAWESI TENGAH","BUOL","BUO","KARAMAT","BUO006","ST"
"SULAWESI TENGAH","KAB. BUOL","PALELEH BARAT","SULAWESI TENGAH","BUOL","BUO","PALELEH BARAT","BUO010","ST"
"SULAWESI TENGAH","KAB. DONGGALA","RIO PAKAVA","SULAWESI TENGAH","DONGGALA","DON","RIO PAKAVA","DON008","ST"
"SULAWESI TENGAH","KAB. DONGGALA","BANAWA","SULAWESI TENGAH","DONGGALA","DON","BANAWA","DON001","ST"
"SULAWESI TENGAH","KAB. DONGGALA","LABUAN","SULAWESI TENGAH","DONGGALA","DON","LABUAN-DON","DON006","ST"
"SULAWESI TENGAH","KAB. DONGGALA","SINDUE","SULAWESI TENGAH","DONGGALA","DON","SINDUE","DON009","ST"
"SULAWESI TENGAH","KAB. DONGGALA","SIRENJA","SULAWESI TENGAH","DONGGALA","DON","SIRENJA","DON012","ST"
"SULAWESI TENGAH","KAB. DONGGALA","BALAESANG","SULAWESI TENGAH","DONGGALA","DON","BALAESANG","DON004","ST"
"SULAWESI TENGAH","KAB. DONGGALA","SOJOL","SULAWESI TENGAH","DONGGALA","DON","SOJOL","DON013","ST"
"SULAWESI TENGAH","KAB. DONGGALA","BANAWA SELATAN","SULAWESI TENGAH","DONGGALA","DON","BANAWA SELATAN","DON002","ST"
"SULAWESI TENGAH","KAB. DONGGALA","TANANTOVEA","SULAWESI TENGAH","DONGGALA","DON","TANANTOVEA","DON015","ST"
"SULAWESI TENGAH","KAB. DONGGALA","PINEMBANI","SULAWESI TENGAH","DONGGALA","DON","PINEMBANI","DON007","ST"
"SULAWESI TENGAH","KAB. DONGGALA","SINDUE TOMBUSABORA","SULAWESI TENGAH","DONGGALA","DON","SINDUE TOMBUSABORA","DON011","ST"
"SULAWESI TENGAH","KAB. DONGGALA","SINDUE TOBATA","SULAWESI TENGAH","DONGGALA","DON","SINDUE TOBATA","DON010","ST"
"SULAWESI TENGAH","KAB. DONGGALA","BANAWA TENGAH","SULAWESI TENGAH","DONGGALA","DON","BANAWA TENGAH","DON003","ST"
"SULAWESI TENGAH","KAB. DONGGALA","SOJOL UTARA","SULAWESI TENGAH","DONGGALA","DON","SOJOL UTARA","DON014","ST"
"SULAWESI TENGAH","KAB. DONGGALA","BALAESANG TANJUNG","SULAWESI TENGAH","DONGGALA","DON","BALAESANG TANJUNG","DON017","ST"
"SULAWESI TENGAH","KAB. MOROWALI","BUNGKU TENGAH","SULAWESI TENGAH","MOROWALI","BUG","BUNGKU TENGAH","BUG003","ST"
"SULAWESI TENGAH","KAB. MOROWALI","BUNGKU SELATAN","SULAWESI TENGAH","MOROWALI","BUG","BUNGKU SELATAN","BUG002","ST"
"SULAWESI TENGAH","KAB. MOROWALI","MENUI KEPULAUAN","SULAWESI TENGAH","MOROWALI","BUG","MENUI KEPULAUAN","BUG006","ST"
"SULAWESI TENGAH","KAB. MOROWALI","BUNGKU BARAT","SULAWESI TENGAH","MOROWALI","BUG","BUNGKU BARAT","BUG001","ST"
"SULAWESI TENGAH","KAB. MOROWALI","BUMI RAYA","SULAWESI TENGAH","MOROWALI","BUG","BUMI RAYA","BUG005","ST"
"SULAWESI TENGAH","KAB. MOROWALI","BAHODOPI","SULAWESI TENGAH","MOROWALI","BUG","BAHODOPI","BUG004","ST"
"SULAWESI TENGAH","KAB. MOROWALI","WITA PONDA","SULAWESI TENGAH","MOROWALI","BUG","WITA PONDA","BUG007","ST"
"SULAWESI TENGAH","KAB. MOROWALI","BUNGKU PESISIR","SULAWESI TENGAH","MOROWALI","BUG","BUNGKU PESISIR","BUG008","ST"
"SULAWESI TENGAH","KAB. MOROWALI","BUNGKU TIMUR","SULAWESI TENGAH","MOROWALI","BUG","BUNGKU TIMUR","BUG009","ST"
"SULAWESI TENGAH","KAB. MOROWALI UTARA","PETASIA","SULAWESI TENGAH","MOROWALI UTARA","KND","PETASIA","KND007","ST"
"SULAWESI TENGAH","KAB. MOROWALI UTARA","PETASIA TIMUR","SULAWESI TENGAH","MOROWALI UTARA","KND","PETASIA TIMUR","KND009","ST"
"SULAWESI TENGAH","KAB. MOROWALI UTARA","LEMBO RAYA","SULAWESI TENGAH","MOROWALI UTARA","KND","LEMBO RAYA","KND003","ST"
"SULAWESI TENGAH","KAB. MOROWALI UTARA","LEMBO","SULAWESI TENGAH","MOROWALI UTARA","KND","LEMBO-KND","KND002","ST"
"SULAWESI TENGAH","KAB. MOROWALI UTARA","MORI ATAS","SULAWESI TENGAH","MOROWALI UTARA","KND","MORI ATAS","KND005","ST"
"SULAWESI TENGAH","KAB. MOROWALI UTARA","MORI UTARA","SULAWESI TENGAH","MOROWALI UTARA","KND","MORI UTARA","KND006","ST"
"SULAWESI TENGAH","KAB. MOROWALI UTARA","SOYO JAYA","SULAWESI TENGAH","MOROWALI UTARA","KND","SOYO JAYA","KND010","ST"
"SULAWESI TENGAH","KAB. MOROWALI UTARA","BUNGKU UTARA","SULAWESI TENGAH","MOROWALI UTARA","KND","BUNGKU UTARA","KND001","ST"
"SULAWESI TENGAH","KAB. MOROWALI UTARA","MAMOSALATO","SULAWESI TENGAH","MOROWALI UTARA","KND","MAMOSALATO","KND004","ST"
"SULAWESI TENGAH","KAB. MOROWALI UTARA","PETASIA BARAT","SULAWESI TENGAH","MOROWALI UTARA","KND","PETASIA BARAT","KND008","ST"
"SULAWESI TENGAH","KAB. PARIGI MOUTONG","BOLANO LAMBUNU","SULAWESI TENGAH","PARIGI MOUTONG","PII","BOLANO LAMBUNU","PII008","ST"
"SULAWESI TENGAH","KAB. PARIGI MOUTONG","BOLANO","SULAWESI TENGAH","PARIGI MOUTONG","PII","BALANO","PII021","ST"
"SULAWESI TENGAH","KAB. PARIGI MOUTONG","PARIGI","SULAWESI TENGAH","PARIGI MOUTONG","PII","PARIGI-PII","PII001","ST"
"SULAWESI TENGAH","KAB. PARIGI MOUTONG","AMPIBABO","SULAWESI TENGAH","PARIGI MOUTONG","PII","AMPIBABO","PII006","ST"
"SULAWESI TENGAH","KAB. PARIGI MOUTONG","TINOMBO","SULAWESI TENGAH","PARIGI MOUTONG","PII","TINOMBO","PII016","ST"
"SULAWESI TENGAH","KAB. PARIGI MOUTONG","MOUTONG","SULAWESI TENGAH","PARIGI MOUTONG","PII","MOUTONG","PII011","ST"
"SULAWESI TENGAH","KAB. PARIGI MOUTONG","TOMINI","SULAWESI TENGAH","PARIGI MOUTONG","PII","TOMINI","PII018","ST"
"SULAWESI TENGAH","KAB. PARIGI MOUTONG","SAUSU","SULAWESI TENGAH","PARIGI MOUTONG","PII","SAUSU","PII013","ST"
"SULAWESI TENGAH","KAB. PARIGI MOUTONG","KASIMBAR","SULAWESI TENGAH","PARIGI MOUTONG","PII","KASIMBAR","PII009","ST"
"SULAWESI TENGAH","KAB. PARIGI MOUTONG","TORUE","SULAWESI TENGAH","PARIGI MOUTONG","PII","TORUE","PII020","ST"
"SULAWESI TENGAH","KAB. PARIGI MOUTONG","TINOMBO SELATAN","SULAWESI TENGAH","PARIGI MOUTONG","PII","TINOMBO SELATAN","PII017","ST"
"SULAWESI TENGAH","KAB. PARIGI MOUTONG","PARIGI SELATAN","SULAWESI TENGAH","PARIGI MOUTONG","PII","PARIGI SELATAN","PII003","ST"
"SULAWESI TENGAH","KAB. PARIGI MOUTONG","MEPANGA","SULAWESI TENGAH","PARIGI MOUTONG","PII","MEPANGA","PII010","ST"
"SULAWESI TENGAH","KAB. PARIGI MOUTONG","TORIBULU","SULAWESI TENGAH","PARIGI MOUTONG","PII","TORIBULU","PII019","ST"
"SULAWESI TENGAH","KAB. PARIGI MOUTONG","TAOPA","SULAWESI TENGAH","PARIGI MOUTONG","PII","TAOPA","PII015","ST"
"SULAWESI TENGAH","KAB. PARIGI MOUTONG","BALINGGI","SULAWESI TENGAH","PARIGI MOUTONG","PII","BALINGGI","PII007","ST"
"SULAWESI TENGAH","KAB. PARIGI MOUTONG","PARIGI BARAT","SULAWESI TENGAH","PARIGI MOUTONG","PII","PARIGI BARAT","PII002","ST"
"SULAWESI TENGAH","KAB. PARIGI MOUTONG","SINIU","SULAWESI TENGAH","PARIGI MOUTONG","PII","SINIU","PII014","ST"
"SULAWESI TENGAH","KAB. PARIGI MOUTONG","PALASA","SULAWESI TENGAH","PARIGI MOUTONG","PII","PALASA","PII012","ST"
"SULAWESI TENGAH","KAB. PARIGI MOUTONG","PARIGI UTARA","SULAWESI TENGAH","PARIGI MOUTONG","PII","PARIGI UTARA","PII005","ST"
"SULAWESI TENGAH","KAB. PARIGI MOUTONG","PARIGI TENGAH","SULAWESI TENGAH","PARIGI MOUTONG","PII","PARIGI TENGAH","PII004","ST"
"SULAWESI TENGAH","KAB. PARIGI MOUTONG","ONGKA MALINO","SULAWESI TENGAH","PARIGI MOUTONG","PII","ONGKA MALINO","PII022","ST"
"SULAWESI TENGAH","KAB. PARIGI MOUTONG","SIDOAN","SULAWESI TENGAH","PARIGI MOUTONG","PII","SIDOAN","PII023","ST"
"SULAWESI TENGAH","KAB. POSO","POSO KOTA","SULAWESI TENGAH","POSO","PSJ","POSO KOTA","PSJ001","ST"
"SULAWESI TENGAH","KAB. POSO","POSO PESISIR","SULAWESI TENGAH","POSO","PSJ","POSO PESISIR","PSJ004","ST"
"SULAWESI TENGAH","KAB. POSO","LAGE","SULAWESI TENGAH","POSO","PSJ","LAGE","PSJ007","ST"
"SULAWESI TENGAH","KAB. POSO","PAMONA PUSELEMBA","SULAWESI TENGAH","POSO","PSJ","PAMONA PUSELEMBA","PSJ019","ST"
"SULAWESI TENGAH","KAB. POSO","PAMONA TIMUR","SULAWESI TENGAH","POSO","PSJ","PAMONA TIMUR","PSJ017","ST"
"SULAWESI TENGAH","KAB. POSO","PAMONA SELATAN","SULAWESI TENGAH","POSO","PSJ","PAMONA SELATAN","PSJ015","ST"
"SULAWESI TENGAH","KAB. POSO","LORE UTARA","SULAWESI TENGAH","POSO","PSJ","LORE UTARA","PSJ013","ST"
"SULAWESI TENGAH","KAB. POSO","LORE TENGAH","SULAWESI TENGAH","POSO","PSJ","LORE TENGAH","PSJ011","ST"
"SULAWESI TENGAH","KAB. POSO","LORE SELATAN","SULAWESI TENGAH","POSO","PSJ","LORE SELATAN","PSJ010","ST"
"SULAWESI TENGAH","KAB. POSO","POSO PESISIR UTARA","SULAWESI TENGAH","POSO","PSJ","POSO PESISIR UTARA","PSJ006","ST"
"SULAWESI TENGAH","KAB. POSO","POSO PESISIR SELATAN","SULAWESI TENGAH","POSO","PSJ","POSO PESISIR SELATAN","PSJ005","ST"
"SULAWESI TENGAH","KAB. POSO","PAMONA BARAT","SULAWESI TENGAH","POSO","PSJ","PAMONA BARAT","PSJ014","ST"
"SULAWESI TENGAH","KAB. POSO","POSO KOTA SELATAN","SULAWESI TENGAH","POSO","PSJ","POSO KOTA SELATAN","PSJ002","ST"
"SULAWESI TENGAH","KAB. POSO","POSO KOTA UTARA","SULAWESI TENGAH","POSO","PSJ","POSO KOTA UTARA","PSJ003","ST"
"SULAWESI TENGAH","KAB. POSO","LORE BARAT","SULAWESI TENGAH","POSO","PSJ","LORE BARAT","PSJ008","ST"
"SULAWESI TENGAH","KAB. POSO","LORE TIMUR","SULAWESI TENGAH","POSO","PSJ","LORE TIMUR","PSJ012","ST"
"SULAWESI TENGAH","KAB. POSO","LORE PIORE","SULAWESI TENGAH","POSO","PSJ","LORE PIORE","PSJ009","ST"
"SULAWESI TENGAH","KAB. POSO","PAMONA TENGGARA","SULAWESI TENGAH","POSO","PSJ","PAMONA TENGGARA","PSJ016","ST"
"SULAWESI TENGAH","KAB. POSO","PAMONA UTARA","SULAWESI TENGAH","POSO","PSJ","PAMONA UTARA","PSJ018","ST"
"SULAWESI TENGAH","KAB. SIGI","SIGI BIROMARU","SULAWESI TENGAH","SIGI","SIG","SIGI BIROMARU","SIG014","ST"
"SULAWESI TENGAH","KAB. SIGI","PALOLO","SULAWESI TENGAH","SIGI","SIG","PALOLO","SIG012","ST"
"SULAWESI TENGAH","KAB. SIGI","NOKILALAKI","SULAWESI TENGAH","SIGI","SIG","NOKILALAKI","SIG011","ST"
"SULAWESI TENGAH","KAB. SIGI","LINDU","SULAWESI TENGAH","SIGI","SIG","LINDU","SIG008","ST"
"SULAWESI TENGAH","KAB. SIGI","KULAWI","SULAWESI TENGAH","SIGI","SIG","KULAWI","SIG006","ST"
"SULAWESI TENGAH","KAB. SIGI","KULAWI SELATAN","SULAWESI TENGAH","SIGI","SIG","KULAWI SELATAN","SIG007","ST"
"SULAWESI TENGAH","KAB. SIGI","PIPIKORO","SULAWESI TENGAH","SIGI","SIG","PIPIKORO","SIG013","ST"
"SULAWESI TENGAH","KAB. SIGI","GUMBASA","SULAWESI TENGAH","SIGI","SIG","GUMBASA","SIG004","ST"
"SULAWESI TENGAH","KAB. SIGI","DOLO SELATAN","SULAWESI TENGAH","SIGI","SIG","DOLO SELATAN","SIG003","ST"
"SULAWESI TENGAH","KAB. SIGI","TANAMBULAVA","SULAWESI TENGAH","SIGI","SIG","TANAMBULAVA","SIG015","ST"
"SULAWESI TENGAH","KAB. SIGI","DOLO BARAT","SULAWESI TENGAH","SIGI","SIG","DOLO BARAT","SIG002","ST"
"SULAWESI TENGAH","KAB. SIGI","DOLO","SULAWESI TENGAH","SIGI","SIG","DOLO","SIG001","ST"
"SULAWESI TENGAH","KAB. SIGI","KINOVARO","SULAWESI TENGAH","SIGI","SIG","KINOVARU","SIG005","ST"
"SULAWESI TENGAH","KAB. SIGI","MARAWOLA","SULAWESI TENGAH","SIGI","SIG","MARAWOLA","SIG009","ST"
"SULAWESI TENGAH","KAB. SIGI","MARAWOLA BARAT","SULAWESI TENGAH","SIGI","SIG","MARAWOLA BARAT","SIG010","ST"
"SULAWESI TENGAH","KAB. TOJO UNA UNA","UNA UNA","SULAWESI TENGAH","TOJO UNA-UNA","AMP","UNA UNA","AMP007","ST"
"SULAWESI TENGAH","KAB. TOJO UNA UNA","TOGEAN","SULAWESI TENGAH","TOJO UNA-UNA","AMP","TOGEAN","AMP003","ST"
"SULAWESI TENGAH","KAB. TOJO UNA UNA","WALEA KEPULAUAN","SULAWESI TENGAH","TOJO UNA-UNA","AMP","WALEA KEPULAUAN","AMP009","ST"
"SULAWESI TENGAH","KAB. TOJO UNA UNA","AMPANA TETE","SULAWESI TENGAH","TOJO UNA-UNA","AMP","AMPANA TETE","AMP002","ST"
"SULAWESI TENGAH","KAB. TOJO UNA UNA","AMPANA KOTA","SULAWESI TENGAH","TOJO UNA-UNA","AMP","AMPANA KOTA","AMP001","ST"
"SULAWESI TENGAH","KAB. TOJO UNA UNA","ULUBONGKA","SULAWESI TENGAH","TOJO UNA-UNA","AMP","ULU BONGKA","AMP006","ST"
"SULAWESI TENGAH","KAB. TOJO UNA UNA","TOJO BARAT","SULAWESI TENGAH","TOJO UNA-UNA","AMP","TOJO BARAT","AMP005","ST"
"SULAWESI TENGAH","KAB. TOJO UNA UNA","TOJO","SULAWESI TENGAH","TOJO UNA-UNA","AMP","TOJO","AMP004","ST"
"SULAWESI TENGAH","KAB. TOJO UNA UNA","WALEA BESAR","SULAWESI TENGAH","TOJO UNA-UNA","AMP","WALEA BESAR","AMP008","ST"
"SULAWESI TENGAH","KAB. TOJO UNA UNA","RATOLINDO","SULAWESI TENGAH","TOJO UNA-UNA","AMP","RATOLINDO","AMP011","ST"
"SULAWESI TENGAH","KAB. TOJO UNA UNA","BATUDAKA","SULAWESI TENGAH","TOJO UNA-UNA","AMP","BATUDADA","AMP010","ST"
"SULAWESI TENGAH","KAB. TOJO UNA UNA","TALATAKO","SULAWESI TENGAH","TOJO UNA-UNA","AMP","TALATAKO","AMP012","ST"
"SULAWESI TENGAH","KAB. TOLI TOLI","DAMPAL SELATAN","SULAWESI TENGAH","TOLI-TOLI","TLI","DAMPAL SELATAN","TLI004","ST"
"SULAWESI TENGAH","KAB. TOLI TOLI","DAMPAL UTARA","SULAWESI TENGAH","TOLI-TOLI","TLI","DAMPAL UTARA","TLI005","ST"
"SULAWESI TENGAH","KAB. TOLI TOLI","DONDO","SULAWESI TENGAH","TOLI-TOLI","TLI","DONDO","TLI006","ST"
"SULAWESI TENGAH","KAB. TOLI TOLI","BASIDONDO","SULAWESI TENGAH","TOLI-TOLI","TLI","BASIDONDO","TLI002","ST"
"SULAWESI TENGAH","KAB. TOLI TOLI","OGODEIDE","SULAWESI TENGAH","TOLI-TOLI","TLI","OGO DEIDE","TLI009","ST"
"SULAWESI TENGAH","KAB. TOLI TOLI","LAMPASIO","SULAWESI TENGAH","TOLI-TOLI","TLI","LAMPASIO","TLI008","ST"
"SULAWESI TENGAH","KAB. TOLI TOLI","BAOLAN","SULAWESI TENGAH","TOLI-TOLI","TLI","BAOLAN","TLI001","ST"
"SULAWESI TENGAH","KAB. TOLI TOLI","GALANG","SULAWESI TENGAH","TOLI-TOLI","TLI","GALANG-TOLI","TLI007","ST"
"SULAWESI TENGAH","KAB. TOLI TOLI","TOLI-TOLI UTARA","SULAWESI TENGAH","TOLI-TOLI","TLI","TOLITOLI UTARA","TLI010","ST"
"SULAWESI TENGAH","KAB. TOLI TOLI","DAKO PEMEAN","SULAWESI TENGAH","TOLI-TOLI","TLI","DAKO PAMEAN","TLI003","ST"
"SULAWESI TENGAH","KOTA PALU","PALU TIMUR","SULAWESI TENGAH","PALU","PLW","PALU TIMUR","PLW008","ST"
"SULAWESI TENGAH","KOTA PALU","PALU BARAT","SULAWESI TENGAH","PALU","PLW","PALU BARAT","PLW002","ST"
"SULAWESI TENGAH","KOTA PALU","PALU SELATAN","SULAWESI TENGAH","PALU","PLW","PALU SELATAN","PLW001","ST"
"SULAWESI TENGAH","KOTA PALU","PALU UTARA","SULAWESI TENGAH","PALU","PLW","PALU UTARA","PLW007","ST"
"SULAWESI TENGAH","KOTA PALU","ULUJADI","SULAWESI TENGAH","PALU","PLW","ULUJADI","PLW004","ST"
"SULAWESI TENGAH","KOTA PALU","TATANGA","SULAWESI TENGAH","PALU","PLW","TATANGGA","PLW005","ST"
"SULAWESI TENGAH","KOTA PALU","TAWAELI","SULAWESI TENGAH","PALU","PLW","TAWAELI-PLW","PLW006","ST"
"SULAWESI TENGAH","KOTA PALU","MANTIKULORE","SULAWESI TENGAH","PALU","PLW","MANTIKULORE","PLW003","ST"
"SULAWESI TENGGARA","KAB. BOMBANA","POLEANG","SULAWESI TENGGARA","BOMBANA","RUB","POLEANG","RUB013","SG"
"SULAWESI TENGGARA","KAB. BOMBANA","POLEANG TIMUR","SULAWESI TENGGARA","BOMBANA","RUB","POLEANG TIMUR","RUB018","SG"
"SULAWESI TENGGARA","KAB. BOMBANA","RAROWATU","SULAWESI TENGGARA","BOMBANA","RUB","RAROWATU","RUB020","SG"
"SULAWESI TENGGARA","KAB. BOMBANA","RUMBIA","SULAWESI TENGGARA","BOMBANA","RUB","RUMBIA-RUB","RUB001","SG"
"SULAWESI TENGGARA","KAB. BOMBANA","KABAENA","SULAWESI TENGGARA","BOMBANA","RUB","KABAENA","RUB003","SG"
"SULAWESI TENGGARA","KAB. BOMBANA","KABAENA TIMUR","SULAWESI TENGGARA","BOMBANA","RUB","KABAENA TIMUR","RUB007","SG"
"SULAWESI TENGGARA","KAB. BOMBANA","POLEANG BARAT","SULAWESI TENGGARA","BOMBANA","RUB","POLEANG BARAT","RUB014","SG"
"SULAWESI TENGGARA","KAB. BOMBANA","MATA OLEO","SULAWESI TENGGARA","BOMBANA","RUB","MATA OLEO","RUB011","SG"
"SULAWESI TENGGARA","KAB. BOMBANA","RAROWATU UTARA","SULAWESI TENGGARA","BOMBANA","RUB","RAROWATU UTARA","RUB021","SG"
"SULAWESI TENGGARA","KAB. BOMBANA","POLEANG UTARA","SULAWESI TENGGARA","BOMBANA","RUB","POLEANG UTARA","RUB019","SG"
"SULAWESI TENGGARA","KAB. BOMBANA","POLEANG SELATAN","SULAWESI TENGGARA","BOMBANA","RUB","POLEANG SELATAN","RUB015","SG"
"SULAWESI TENGGARA","KAB. BOMBANA","POLEANG TENGGARA","SULAWESI TENGGARA","BOMBANA","RUB","POLEANG TENGGARA","RUB017","SG"
"SULAWESI TENGGARA","KAB. BOMBANA","KABAENA SELATAN","SULAWESI TENGGARA","BOMBANA","RUB","KABAENA SELATAN","RUB005","SG"
"SULAWESI TENGGARA","KAB. BOMBANA","KABAENA BARAT","SULAWESI TENGGARA","BOMBANA","RUB","KABAENA BARAT","RUB004","SG"
"SULAWESI TENGGARA","KAB. BOMBANA","KABAENA UTARA","SULAWESI TENGGARA","BOMBANA","RUB","KABAENA UTARA","RUB008","SG"
"SULAWESI TENGGARA","KAB. BOMBANA","KABAENA TENGAH","SULAWESI TENGGARA","BOMBANA","RUB","KABAENA TENGAH","RUB006","SG"
"SULAWESI TENGGARA","KAB. BOMBANA","KEP. MASALOKA RAYA","SULAWESI TENGGARA","BOMBANA","RUB","KEPULAUAN MASALOKA RAYA","RUB009","SG"
"SULAWESI TENGGARA","KAB. BOMBANA","RUMBIA TENGAH","SULAWESI TENGGARA","BOMBANA","RUB","RUMBIA TENGAH","RUB002","SG"
"SULAWESI TENGGARA","KAB. BOMBANA","POLEANG TENGAH","SULAWESI TENGGARA","BOMBANA","RUB","POLEANG TENGAH","RUB016","SG"
"SULAWESI TENGGARA","KAB. BOMBANA","TONTONUNU","SULAWESI TENGGARA","BOMBANA","RUB","TONTONUNU","RUB022","SG"
"SULAWESI TENGGARA","KAB. BOMBANA","LANTARI JAYA","SULAWESI TENGGARA","BOMBANA","RUB","LENTARAI JAYA","RUB010","SG"
"SULAWESI TENGGARA","KAB. BOMBANA","MATA USU","SULAWESI TENGGARA","BOMBANA","RUB","MATA USU","RUB012","SG"
"SULAWESI TENGGARA","KAB. BUTON","PASARWAJO","SULAWESI TENGGARA","BUTON","PAW","PASAR WAJO","PAW001","SG"
"SULAWESI TENGGARA","KAB. BUTON","KAPONTORI","SULAWESI TENGGARA","BUTON","PAW","KAPONTORI","PAW006","SG"
"SULAWESI TENGGARA","KAB. BUTON","LASALIMU","SULAWESI TENGGARA","BUTON","PAW","LASALIMU","PAW005","SG"
"SULAWESI TENGGARA","KAB. BUTON","LASALIMU SELATAN","SULAWESI TENGGARA","BUTON","PAW","LASALIMU SELATAN","PAW007","SG"
"SULAWESI TENGGARA","KAB. BUTON","SIOTAPINA","SULAWESI TENGGARA","BUTON","PAW","SIONTAPIA","PAW002","SG"
"SULAWESI TENGGARA","KAB. BUTON","WOLOWA","SULAWESI TENGGARA","BUTON","PAW","WOLOWA","PAW004","SG"
"SULAWESI TENGGARA","KAB. BUTON","WABULA","SULAWESI TENGGARA","BUTON","PAW","WABULA","PAW003","SG"
"SULAWESI TENGGARA","KAB. BUTON SELATAN","BATAUGA","SULAWESI TENGGARA","BATAUGA","BTA","BATAUGA","BTA001","SG"
"SULAWESI TENGGARA","KAB. BUTON SELATAN","SAMPOLAWA","SULAWESI TENGGARA","BATAUGA","BTA","SAMPOLAWA","BTA004","SG"
"SULAWESI TENGGARA","KAB. BUTON SELATAN","LAPANDEWA","SULAWESI TENGGARA","BATAUGA","BTA","LAPANDEWA","BTA003","SG"
"SULAWESI TENGGARA","KAB. BUTON SELATAN","BATU ATAS","SULAWESI TENGGARA","BATAUGA","BTA","BATU ATAS","BTA002","SG"
"SULAWESI TENGGARA","KAB. BUTON SELATAN","SIOMPU BARAT","SULAWESI TENGGARA","BATAUGA","BTA","SIOMPU BARAT","BTA006","SG"
"SULAWESI TENGGARA","KAB. BUTON SELATAN","SIOMPU","SULAWESI TENGGARA","BATAUGA","BTA","SIOMPU","BTA005","SG"
"SULAWESI TENGGARA","KAB. BUTON SELATAN","KADATUA","SULAWESI TENGGARA","BATAUGA","BTA","KADATUA","BTA007","SG"
"SULAWESI TENGGARA","KAB. BUTON TENGAH","LAKUDO","SULAWESI TENGGARA","LABUNGKARI","LKR","LAKUDO","LKR002","SG"
"SULAWESI TENGGARA","KAB. BUTON TENGAH","MAWASANGKA TIMUR","SULAWESI TENGGARA","LABUNGKARI","LKR","MAWASANGKA TIMUR","LKR005","SG"
"SULAWESI TENGGARA","KAB. BUTON TENGAH","MAWASANGKA TENGAH","SULAWESI TENGGARA","LABUNGKARI","LKR","MAWASANGKA TENGAH","LKR004","SG"
"SULAWESI TENGGARA","KAB. BUTON TENGAH","MAWASANGKA","SULAWESI TENGGARA","LABUNGKARI","LKR","MAWASANGKA","LKR003","SG"
"SULAWESI TENGGARA","KAB. BUTON TENGAH","TALAGA RAYA","SULAWESI TENGGARA","LABUNGKARI","LKR","TALAGA RAYA","LKR007","SG"
"SULAWESI TENGGARA","KAB. BUTON TENGAH","GU","SULAWESI TENGGARA","LABUNGKARI","LKR","GU","LKR001","SG"
"SULAWESI TENGGARA","KAB. BUTON TENGAH","SANGIA WAMBULU","SULAWESI TENGGARA","LABUNGKARI","LKR","SANGIA MAMBULU","LKR006","SG"
"SULAWESI TENGGARA","KAB. BUTON UTARA","KULISUSU","SULAWESI TENGGARA","BUTON UTARA","BUR","KULISUSU","BUR003","SG"
"SULAWESI TENGGARA","KAB. BUTON UTARA","KAMBOWA","SULAWESI TENGGARA","BUTON UTARA","BUR","KAMBOWA","BUR002","SG"
"SULAWESI TENGGARA","KAB. BUTON UTARA","BONEGUNU","SULAWESI TENGGARA","BUTON UTARA","BUR","BONEGUNU","BUR001","SG"
"SULAWESI TENGGARA","KAB. BUTON UTARA","KULISUSU BARAT","SULAWESI TENGGARA","BUTON UTARA","BUR","KULISUSU BARAT","BUR004","SG"
"SULAWESI TENGGARA","KAB. BUTON UTARA","KULISUSU UTARA","SULAWESI TENGGARA","BUTON UTARA","BUR","KULISUSU UTARA","BUR005","SG"
"SULAWESI TENGGARA","KAB. BUTON UTARA","WAKORUMBA UTARA","SULAWESI TENGGARA","BUTON UTARA","BUR","WAKORUMBA UTARA","BUR006","SG"
"SULAWESI TENGGARA","KAB. KOLAKA","WUNDULAKO","SULAWESI TENGGARA","KOLAKA","KOL","WUNDULAKO","KOL012","SG"
"SULAWESI TENGGARA","KAB. KOLAKA","KOLAKA","SULAWESI TENGGARA","KOLAKA","KOL","KOLAKA","KOL002","SG"
"SULAWESI TENGGARA","KAB. KOLAKA","POMALAA","SULAWESI TENGGARA","KOLAKA","KOL","POMALAA","KOL005","SG"
"SULAWESI TENGGARA","KAB. KOLAKA","WATUBANGGA","SULAWESI TENGGARA","KOLAKA","KOL","WATUBANGGA","KOL010","SG"
"SULAWESI TENGGARA","KAB. KOLAKA","WOLO","SULAWESI TENGGARA","KOLAKA","KOL","WOLO","KOL011","SG"
"SULAWESI TENGGARA","KAB. KOLAKA","BAULA","SULAWESI TENGGARA","KOLAKA","KOL","BAULA","KOL001","SG"
"SULAWESI TENGGARA","KAB. KOLAKA","LATAMBAGA","SULAWESI TENGGARA","KOLAKA","KOL","LATAMBAGA","KOL004","SG"
"SULAWESI TENGGARA","KAB. KOLAKA","TANGGETADA","SULAWESI TENGGARA","KOLAKA","KOL","TANGGETADA","KOL008","SG"
"SULAWESI TENGGARA","KAB. KOLAKA","SAMATURU","SULAWESI TENGGARA","KOLAKA","KOL","SAMATURU","KOL007","SG"
"SULAWESI TENGGARA","KAB. KOLAKA","TOARI","SULAWESI TENGGARA","KOLAKA","KOL","TOARI","KOL009","SG"
"SULAWESI TENGGARA","KAB. KOLAKA","POLINGGONA","SULAWESI TENGGARA","KOLAKA","KOL","POLINGGONA","KOL006","SG"
"SULAWESI TENGGARA","KAB. KOLAKA","IWOIMENDAA","SULAWESI TENGGARA","KOLAKA","KOL","LWOIMENDAA","KOL003","SG"
"SULAWESI TENGGARA","KAB. KOLAKA TIMUR","TIRAWUTA","SULAWESI TENGGARA","TIRAWUTA","TRW","TIRAWUTA","TRW010","SG"
"SULAWESI TENGGARA","KAB. KOLAKA TIMUR","LOEA","SULAWESI TENGGARA","TIRAWUTA","TRW","LOEA","TRW006","SG"
"SULAWESI TENGGARA","KAB. KOLAKA TIMUR","LADONGI","SULAWESI TENGGARA","TIRAWUTA","TRW","LADONGI","TRW003","SG"
"SULAWESI TENGGARA","KAB. KOLAKA TIMUR","POLI POLIA","SULAWESI TENGGARA","TIRAWUTA","TRW","POLI POLIA","TRW008","SG"
"SULAWESI TENGGARA","KAB. KOLAKA TIMUR","LAMBANDIA","SULAWESI TENGGARA","TIRAWUTA","TRW","LAMBANDIA","TRW005","SG"
"SULAWESI TENGGARA","KAB. KOLAKA TIMUR","LALOLAE","SULAWESI TENGGARA","TIRAWUTA","TRW","LALOLAE","TRW004","SG"
"SULAWESI TENGGARA","KAB. KOLAKA TIMUR","MOWEWE","SULAWESI TENGGARA","TIRAWUTA","TRW","MOWEWE","TRW007","SG"
"SULAWESI TENGGARA","KAB. KOLAKA TIMUR","ULUIWOI","SULAWESI TENGGARA","TIRAWUTA","TRW","ULUIWOI","TRW012","SG"
"SULAWESI TENGGARA","KAB. KOLAKA TIMUR","TINONDO","SULAWESI TENGGARA","TIRAWUTA","TRW","TINONDO","TRW009","SG"
"SULAWESI TENGGARA","KAB. KOLAKA TIMUR","AERE","SULAWESI TENGGARA","TIRAWUTA","TRW","AERE","TRW001","SG"
"SULAWESI TENGGARA","KAB. KOLAKA TIMUR","UEESI","SULAWESI TENGGARA","TIRAWUTA","TRW","UEESI","TRW011","SG"
"SULAWESI TENGGARA","KAB. KOLAKA TIMUR","DANGIA","SULAWESI TENGGARA","TIRAWUTA","TRW","DANGIA","TRW002","SG"
"SULAWESI TENGGARA","KAB. KOLAKA UTARA","LASUSUA","SULAWESI TENGGARA","KOLAKA UTARA","LAS","LASUSUA","LAS001","SG"
"SULAWESI TENGGARA","KAB. KOLAKA UTARA","PAKUE","SULAWESI TENGGARA","KOLAKA UTARA","LAS","PAKUE","LAS007","SG"
"SULAWESI TENGGARA","KAB. KOLAKA UTARA","BATU PUTIH","SULAWESI TENGGARA","KOLAKA UTARA","LAS","BATU PUTIH-LAS","LAS002","SG"
"SULAWESI TENGGARA","KAB. KOLAKA UTARA","RANTE ANGIN","SULAWESI TENGGARA","KOLAKA UTARA","LAS","RANTEANGIN","LAS013","SG"
"SULAWESI TENGGARA","KAB. KOLAKA UTARA","KODEOHA","SULAWESI TENGGARA","KOLAKA UTARA","LAS","KODEOHA","LAS004","SG"
"SULAWESI TENGGARA","KAB. KOLAKA UTARA","NGAPA","SULAWESI TENGGARA","KOLAKA UTARA","LAS","NGAPA","LAS006","SG"
"SULAWESI TENGGARA","KAB. KOLAKA UTARA","WAWO","SULAWESI TENGGARA","KOLAKA UTARA","LAS","WAWO","LAS015","SG"
"SULAWESI TENGGARA","KAB. KOLAKA UTARA","LAMBAI","SULAWESI TENGGARA","KOLAKA UTARA","LAS","LAMBAI","LAS005","SG"
"SULAWESI TENGGARA","KAB. KOLAKA UTARA","WATUNOHU","SULAWESI TENGGARA","KOLAKA UTARA","LAS","WATUNOHU","LAS014","SG"
"SULAWESI TENGGARA","KAB. KOLAKA UTARA","PAKUE TENGAH","SULAWESI TENGGARA","KOLAKA UTARA","LAS","PAKUE TENGAH","LAS008","SG"
"SULAWESI TENGGARA","KAB. KOLAKA UTARA","PAKUE UTARA","SULAWESI TENGGARA","KOLAKA UTARA","LAS","PAKUE UTARA","LAS009","SG"
"SULAWESI TENGGARA","KAB. KOLAKA UTARA","POREHU","SULAWESI TENGGARA","KOLAKA UTARA","LAS","POREHU","LAS010","SG"
"SULAWESI TENGGARA","KAB. KOLAKA UTARA","KATOI","SULAWESI TENGGARA","KOLAKA UTARA","LAS","KATOI","LAS003","SG"
"SULAWESI TENGGARA","KAB. KOLAKA UTARA","TIWU","SULAWESI TENGGARA","KOLAKA UTARA","LAS","TIWU","LAS011","SG"
"SULAWESI TENGGARA","KAB. KOLAKA UTARA","TOLALA","SULAWESI TENGGARA","KOLAKA UTARA","LAS","TOLALA","LAS012","SG"
"SULAWESI TENGGARA","KAB. KONAWE","LAMBUYA","SULAWESI TENGGARA","KONAWE","UNH","LAMBUYA","UNH011","SG"
"SULAWESI TENGGARA","KAB. KONAWE","UNAAHA","SULAWESI TENGGARA","KONAWE","UNH","UNAAHA","UNH001","SG"
"SULAWESI TENGGARA","KAB. KONAWE","WAWOTOBI","SULAWESI TENGGARA","KONAWE","UNH","WAWOTOBI","UNH021","SG"
"SULAWESI TENGGARA","KAB. KONAWE","PONDIDAHA","SULAWESI TENGGARA","KONAWE","UNH","PONDIDAHA","UNH014","SG"
"SULAWESI TENGGARA","KAB. KONAWE","SAMPARA","SULAWESI TENGGARA","KONAWE","UNH","SAMPARA","UNH017","SG"
"SULAWESI TENGGARA","KAB. KONAWE","ABUKI","SULAWESI TENGGARA","KONAWE","UNH","ABUKI","UNH002","SG"
"SULAWESI TENGGARA","KAB. KONAWE","SOROPIA","SULAWESI TENGGARA","KONAWE","UNH","SOROPIA","UNH018","SG"
"SULAWESI TENGGARA","KAB. KONAWE","TONGAUNA","SULAWESI TENGGARA","KONAWE","UNH","TONGAUNA","UNH019","SG"
"SULAWESI TENGGARA","KAB. KONAWE","LATOMA","SULAWESI TENGGARA","KONAWE","UNH","LATOMA","UNH012","SG"
"SULAWESI TENGGARA","KAB. KONAWE","PURIALA","SULAWESI TENGGARA","KONAWE","UNH","PURIALA","UNH015","SG"
"SULAWESI TENGGARA","KAB. KONAWE","UEPAI","SULAWESI TENGGARA","KONAWE","UNH","UEPAI","UNH020","SG"
"SULAWESI TENGGARA","KAB. KONAWE","WONGGEDUKU","SULAWESI TENGGARA","KONAWE","UNH","WONGGEDUKU","UNH022","SG"
"SULAWESI TENGGARA","KAB. KONAWE","BESULUTU","SULAWESI TENGGARA","KONAWE","UNH","BESULUTU","UNH006","SG"
"SULAWESI TENGGARA","KAB. KONAWE","BONDOALA","SULAWESI TENGGARA","KONAWE","UNH","BONDOALA","UNH007","SG"
"SULAWESI TENGGARA","KAB. KONAWE","ROUTA","SULAWESI TENGGARA","KONAWE","UNH","ROUTA","UNH016","SG"
"SULAWESI TENGGARA","KAB. KONAWE","ANGGABERI","SULAWESI TENGGARA","KONAWE","UNH","ANGGABERI","UNH004","SG"
"SULAWESI TENGGARA","KAB. KONAWE","MELUHU","SULAWESI TENGGARA","KONAWE","UNH","MELUHU","UNH013","SG"
"SULAWESI TENGGARA","KAB. KONAWE","AMONGGEDO","SULAWESI TENGGARA","KONAWE","UNH","AMONGGEDO","UNH003","SG"
"SULAWESI TENGGARA","KAB. KONAWE","ASINUA","SULAWESI TENGGARA","KONAWE","UNH","ASINUA","UNH005","SG"
"SULAWESI TENGGARA","KAB. KONAWE","KONAWE","SULAWESI TENGGARA","KONAWE","UNH","KONAWE","UNH009","SG"
"SULAWESI TENGGARA","KAB. KONAWE","KAPOIALA","SULAWESI TENGGARA","KONAWE","UNH","KAPOYALA","UNH008","SG"
"SULAWESI TENGGARA","KAB. KONAWE","LALONGGASUMEETO","SULAWESI TENGGARA","KONAWE","UNH","LALONGGASUMEETO","UNH010","SG"
"SULAWESI TENGGARA","KAB. KONAWE","ONEMBUTE","SULAWESI TENGGARA","KONAWE","UNH","ONEMBUTE","UNH023","SG"
"SULAWESI TENGGARA","KAB. KONAWE","WONGGEDUKU BARAT","SULAWESI TENGGARA","KONAWE","UNH","WONGGEDUKU BARAT","UNH024","SG"
"SULAWESI TENGGARA","KAB. KONAWE KEPULAUAN","WAWONII BARAT","SULAWESI TENGGARA","LANGARA","LGR","WAWONII BARAT","LGR001","SG"
"SULAWESI TENGGARA","KAB. KONAWE KEPULAUAN","WAWONII UTARA","SULAWESI TENGGARA","LANGARA","LGR","WAWONII UTARA","LGR005","SG"
"SULAWESI TENGGARA","KAB. KONAWE KEPULAUAN","WAWONII TIMUR LAUT","SULAWESI TENGGARA","LANGARA","LGR","WAWONI TIMUR LAUT","LGR008","SG"
"SULAWESI TENGGARA","KAB. KONAWE KEPULAUAN","WAWONII TIMUR","SULAWESI TENGGARA","LANGARA","LGR","WAWONII TIMUR","LGR004","SG"
"SULAWESI TENGGARA","KAB. KONAWE KEPULAUAN","WAWONII TENGGARA","SULAWESI TENGGARA","LANGARA","LGR","WAWONI TENGGARA","LGR007","SG"
"SULAWESI TENGGARA","KAB. KONAWE KEPULAUAN","WAWONII SELATAN","SULAWESI TENGGARA","LANGARA","LGR","WAWONII SELATAN","LGR002","SG"
"SULAWESI TENGGARA","KAB. KONAWE KEPULAUAN","WAWONII TENGAH","SULAWESI TENGGARA","LANGARA","LGR","WAWONII TENGAH","LGR003","SG"
"SULAWESI TENGGARA","KAB. KONAWE SELATAN","TINANGGEA","SULAWESI TENGGARA","KONAWE SELATAN","WAG","TINANGGEA","WAG021","SG"
"SULAWESI TENGGARA","KAB. KONAWE SELATAN","ANGATA","SULAWESI TENGGARA","KONAWE SELATAN","WAG","ANGATA","WAG002","SG"
"SULAWESI TENGGARA","KAB. KONAWE SELATAN","ANDOOLO","SULAWESI TENGGARA","KONAWE SELATAN","WAG","ANDOOLO","WAG001","SG"
"SULAWESI TENGGARA","KAB. KONAWE SELATAN","PALANGGA","SULAWESI TENGGARA","KONAWE SELATAN","WAG","PALANGGA","WAG017","SG"
"SULAWESI TENGGARA","KAB. KONAWE SELATAN","LANDONO","SULAWESI TENGGARA","KONAWE SELATAN","WAG","LANDONO","WAG012","SG"
"SULAWESI TENGGARA","KAB. KONAWE SELATAN","LAINEA","SULAWESI TENGGARA","KONAWE SELATAN","WAG","LAINEA","WAG010","SG"
"SULAWESI TENGGARA","KAB. KONAWE SELATAN","KONDA","SULAWESI TENGGARA","KONAWE SELATAN","WAG","KONDA-WAG","WAG008","SG"
"SULAWESI TENGGARA","KAB. KONAWE SELATAN","RANOMEETO","SULAWESI TENGGARA","KONAWE SELATAN","WAG","RANOMEETO","WAG019","SG"
"SULAWESI TENGGARA","KAB. KONAWE SELATAN","KOLONO","SULAWESI TENGGARA","KONAWE SELATAN","WAG","KOLONO","WAG007","SG"
"SULAWESI TENGGARA","KAB. KONAWE SELATAN","MORAMO","SULAWESI TENGGARA","KONAWE SELATAN","WAG","MORAMO","WAG014","SG"
"SULAWESI TENGGARA","KAB. KONAWE SELATAN","LAONTI","SULAWESI TENGGARA","KONAWE SELATAN","WAG","LAONTI","WAG013","SG"
"SULAWESI TENGGARA","KAB. KONAWE SELATAN","LALEMBUU","SULAWESI TENGGARA","KONAWE SELATAN","WAG","LALUMBUU","WAG011","SG"
"SULAWESI TENGGARA","KAB. KONAWE SELATAN","BENUA","SULAWESI TENGGARA","KONAWE SELATAN","WAG","BENUA","WAG005","SG"
"SULAWESI TENGGARA","KAB. KONAWE SELATAN","PALANGGA SELATAN","SULAWESI TENGGARA","KONAWE SELATAN","WAG","PALANGGA SELATAN","WAG018","SG"
"SULAWESI TENGGARA","KAB. KONAWE SELATAN","MOWILA","SULAWESI TENGGARA","KONAWE SELATAN","WAG","MOWILA","WAG016","SG"
"SULAWESI TENGGARA","KAB. KONAWE SELATAN","MORAMO UTARA","SULAWESI TENGGARA","KONAWE SELATAN","WAG","MORAMO UTARA","WAG015","SG"
"SULAWESI TENGGARA","KAB. KONAWE SELATAN","BUKE","SULAWESI TENGGARA","KONAWE SELATAN","WAG","BUKE","WAG006","SG"
"SULAWESI TENGGARA","KAB. KONAWE SELATAN","WOLASI","SULAWESI TENGGARA","KONAWE SELATAN","WAG","WOLASI","WAG022","SG"
"SULAWESI TENGGARA","KAB. KONAWE SELATAN","LAEYA","SULAWESI TENGGARA","KONAWE SELATAN","WAG","LAEYA","WAG009","SG"
"SULAWESI TENGGARA","KAB. KONAWE SELATAN","BAITO","SULAWESI TENGGARA","KONAWE SELATAN","WAG","BAITO","WAG003","SG"
"SULAWESI TENGGARA","KAB. KONAWE SELATAN","BASALA","SULAWESI TENGGARA","KONAWE SELATAN","WAG","BASALA","WAG004","SG"
"SULAWESI TENGGARA","KAB. KONAWE SELATAN","RANOMEETO BARAT","SULAWESI TENGGARA","KONAWE SELATAN","WAG","RANOMEETO BARAT","WAG020","SG"
"SULAWESI TENGGARA","KAB. KONAWE SELATAN","KOLONO TIMUR","SULAWESI TENGGARA","KONAWE SELATAN","WAG","KOLONO TIMUR","WAG024","SG"
"SULAWESI TENGGARA","KAB. KONAWE SELATAN","SABULAKOA","SULAWESI TENGGARA","KONAWE SELATAN","WAG","SABULAKOA","WAG025","SG"
"SULAWESI TENGGARA","KAB. KONAWE SELATAN","ANDOOLO BARAT","SULAWESI TENGGARA","KONAWE SELATAN","WAG","ANDOOLO BARAT","WAG023","SG"
"SULAWESI TENGGARA","KAB. KONAWE UTARA","LASOLO","SULAWESI TENGGARA","KONAWE UTARA","WGG","LASOLO","WGG004","SG"
"SULAWESI TENGGARA","KAB. KONAWE UTARA","ASERA","SULAWESI TENGGARA","KONAWE UTARA","WGG","ASERA","WGG001","SG"
"SULAWESI TENGGARA","KAB. KONAWE UTARA","WIWIRANO","SULAWESI TENGGARA","KONAWE UTARA","WGG","WIWIRANO","WGG010","SG"
"SULAWESI TENGGARA","KAB. KONAWE UTARA","LANGGIKIMA","SULAWESI TENGGARA","KONAWE UTARA","WGG","LANGGIKIMA","WGG003","SG"
"SULAWESI TENGGARA","KAB. KONAWE UTARA","MOLAWE","SULAWESI TENGGARA","KONAWE UTARA","WGG","MOLAWE","WGG006","SG"
"SULAWESI TENGGARA","KAB. KONAWE UTARA","LEMBO","SULAWESI TENGGARA","KONAWE UTARA","WGG","LEMBO-WGG","WGG005","SG"
"SULAWESI TENGGARA","KAB. KONAWE UTARA","SAWA","SULAWESI TENGGARA","KONAWE UTARA","WGG","SAWA","WGG009","SG"
"SULAWESI TENGGARA","KAB. KONAWE UTARA","OHEO","SULAWESI TENGGARA","KONAWE UTARA","WGG","OHEO","WGG008","SG"
"SULAWESI TENGGARA","KAB. KONAWE UTARA","ANDOWIA","SULAWESI TENGGARA","KONAWE UTARA","WGG","ANDOWIA","WGG002","SG"
"SULAWESI TENGGARA","KAB. KONAWE UTARA","MOTUI","SULAWESI TENGGARA","KONAWE UTARA","WGG","MOTUI","WGG007","SG"
"SULAWESI TENGGARA","KAB. MUNA","NAPABALANO","SULAWESI TENGGARA","MUNA","RAQ","NAPABALANO","RAQ013","SG"
"SULAWESI TENGGARA","KAB. MUNA","MALIGANO","SULAWESI TENGGARA","MUNA","RAQ","MALIGANO","RAQ012","SG"
"SULAWESI TENGGARA","KAB. MUNA","WAKORUMBA SELATAN","SULAWESI TENGGARA","MUNA","RAQ","WAKORUMBA SELATAN","RAQ020","SG"
"SULAWESI TENGGARA","KAB. MUNA","LASALEPA","SULAWESI TENGGARA","MUNA","RAQ","LASALEPA","RAQ011","SG"
"SULAWESI TENGGARA","KAB. MUNA","BATALAIWARU","SULAWESI TENGGARA","MUNA","RAQ","BATALAIWARU","RAQ001","SG"
"SULAWESI TENGGARA","KAB. MUNA","KATOBU","SULAWESI TENGGARA","MUNA","RAQ","KATOBU","RAQ007","SG"
"SULAWESI TENGGARA","KAB. MUNA","DURUKA","SULAWESI TENGGARA","MUNA","RAQ","DURUKA","RAQ004","SG"
"SULAWESI TENGGARA","KAB. MUNA","LOHIA","SULAWESI TENGGARA","MUNA","RAQ","LOHIA","RAQ023","SG"
"SULAWESI TENGGARA","KAB. MUNA","WATOPUTE","SULAWESI TENGGARA","MUNA","RAQ","WATOPUTE","RAQ021","SG"
"SULAWESI TENGGARA","KAB. MUNA","KONTUNAGA","SULAWESI TENGGARA","MUNA","RAQ","KONTUNAGA","RAQ009","SG"
"SULAWESI TENGGARA","KAB. MUNA","KABANGKA","SULAWESI TENGGARA","MUNA","RAQ","KABANGKA","RAQ005","SG"
"SULAWESI TENGGARA","KAB. MUNA","KABAWO","SULAWESI TENGGARA","MUNA","RAQ","KABAWO","RAQ006","SG"
"SULAWESI TENGGARA","KAB. MUNA","PARIGI","SULAWESI TENGGARA","MUNA","RAQ","PARIGI-RAQ","RAQ014","SG"
"SULAWESI TENGGARA","KAB. MUNA","BONE","SULAWESI TENGGARA","MUNA","RAQ","BONE-RAQ","RAQ003","SG"
"SULAWESI TENGGARA","KAB. MUNA","TONGKUNO","SULAWESI TENGGARA","MUNA","RAQ","TONGKUNO","RAQ017","SG"
"SULAWESI TENGGARA","KAB. MUNA","PASIR PUTIH","SULAWESI TENGGARA","MUNA","RAQ","PASIR PUTIH-RAQ","RAQ016","SG"
"SULAWESI TENGGARA","KAB. MUNA","KONTU KOWUNA","SULAWESI TENGGARA","MUNA","RAQ","KONTU KOWUNA","RAQ008","SG"
"SULAWESI TENGGARA","KAB. MUNA","MAROBO","SULAWESI TENGGARA","MUNA","RAQ","MAROBO","RAQ022","SG"
"SULAWESI TENGGARA","KAB. MUNA","TONGKUNO SELATAN","SULAWESI TENGGARA","MUNA","RAQ","TONGKUNO SELATAN","RAQ018","SG"
"SULAWESI TENGGARA","KAB. MUNA","PASI KOLAGA","SULAWESI TENGGARA","MUNA","RAQ","PASI KOLAGA","RAQ015","SG"
"SULAWESI TENGGARA","KAB. MUNA","BATUKARA","SULAWESI TENGGARA","MUNA","RAQ","BATUKARA","RAQ002","SG"
"SULAWESI TENGGARA","KAB. MUNA","TOWEA","SULAWESI TENGGARA","MUNA","RAQ","TOWEA","RAQ019","SG"
"SULAWESI TENGGARA","KAB. MUNA BARAT","SAWERIGADI","SULAWESI TENGGARA","SAREWIGADI","SWG","SAWERIGADI","SWG006","SG"
"SULAWESI TENGGARA","KAB. MUNA BARAT","BARANGKA","SULAWESI TENGGARA","SAREWIGADI","SWG","BARANGKA","SWG001","SG"
"SULAWESI TENGGARA","KAB. MUNA BARAT","LAWA","SULAWESI TENGGARA","SAREWIGADI","SWG","LAWA","SWG003","SG"
"SULAWESI TENGGARA","KAB. MUNA BARAT","WADAGA","SULAWESI TENGGARA","SAREWIGADI","SWG","WADAGA","SWG010","SG"
"SULAWESI TENGGARA","KAB. MUNA BARAT","TIWORO SELATAN","SULAWESI TENGGARA","SAREWIGADI","SWG","TIWORO SELATAN","SWG009","SG"
"SULAWESI TENGGARA","KAB. MUNA BARAT","MAGINTI","SULAWESI TENGGARA","SAREWIGADI","SWG","MAGINTI","SWG004","SG"
"SULAWESI TENGGARA","KAB. MUNA BARAT","TIWORO TENGAH","SULAWESI TENGGARA","SAREWIGADI","SWG","TIWORO TENGAH","SWG008","SG"
"SULAWESI TENGGARA","KAB. MUNA BARAT","TIWORO UTARA","SULAWESI TENGGARA","SAREWIGADI","SWG","TIWORO UTARA","SWG011","SG"
"SULAWESI TENGGARA","KAB. MUNA BARAT","TIWORO KEPULAUAN","SULAWESI TENGGARA","SAREWIGADI","SWG","TIWORO KEPULAUAN","SWG007","SG"
"SULAWESI TENGGARA","KAB. MUNA BARAT","KUSAMBI","SULAWESI TENGGARA","SAREWIGADI","SWG","KUSAMBI-SWG","SWG002","SG"
"SULAWESI TENGGARA","KAB. MUNA BARAT","NAPANO KUSAMBI","SULAWESI TENGGARA","SAREWIGADI","SWG","NAPANO KUSAMBI","SWG005","SG"
"SULAWESI TENGGARA","KAB. WAKATOBI","WANGI-WANGI","SULAWESI TENGGARA","WAKATOBI","WTB","WANGI-WANGI","WTB001","SG"
"SULAWESI TENGGARA","KAB. WAKATOBI","KALEDUPA","SULAWESI TENGGARA","WAKATOBI","WTB","KALEDUPA","WTB003","SG"
"SULAWESI TENGGARA","KAB. WAKATOBI","TOMIA","SULAWESI TENGGARA","WAKATOBI","WTB","TOMIA","WTB006","SG"
"SULAWESI TENGGARA","KAB. WAKATOBI","BINONGKO","SULAWESI TENGGARA","WAKATOBI","WTB","BINONGKO","WTB002","SG"
"SULAWESI TENGGARA","KAB. WAKATOBI","WANGI WANGI SELATAN","SULAWESI TENGGARA","WAKATOBI","WTB","WANGI WANGI SELATAN","WTB008","SG"
"SULAWESI TENGGARA","KAB. WAKATOBI","KALEDUPA SELATAN","SULAWESI TENGGARA","WAKATOBI","WTB","KALEDUPA SELATAN","WTB004","SG"
"SULAWESI TENGGARA","KAB. WAKATOBI","TOMIA TIMUR","SULAWESI TENGGARA","WAKATOBI","WTB","TOMIA TIMUR","WTB007","SG"
"SULAWESI TENGGARA","KAB. WAKATOBI","TOGO BINONGKO","SULAWESI TENGGARA","WAKATOBI","WTB","TOGO BINONGKO","WTB005","SG"
"SULAWESI TENGGARA","KOTA BAU BAU","BETOAMBARI","SULAWESI TENGGARA","BAU-BAU","BUW","BETOAMBARI","BUW001","SG"
"SULAWESI TENGGARA","KOTA BAU BAU","WOLIO","SULAWESI TENGGARA","BAU-BAU","BUW","WOLIO","BUW006","SG"
"SULAWESI TENGGARA","KOTA BAU BAU","SORAWOLIO","SULAWESI TENGGARA","BAU-BAU","BUW","SOROWALIO","BUW005","SG"
"SULAWESI TENGGARA","KOTA BAU BAU","BUNGI","SULAWESI TENGGARA","BAU-BAU","BUW","BUNGI","BUW002","SG"
"SULAWESI TENGGARA","KOTA BAU BAU","KOKALUKUNA","SULAWESI TENGGARA","BAU-BAU","BUW","KOKALUKUNA","BUW003","SG"
"SULAWESI TENGGARA","KOTA BAU BAU","MURHUM","SULAWESI TENGGARA","BAU-BAU","BUW","MURHUM","BUW004","SG"
"SULAWESI TENGGARA","KOTA BAU BAU","LEA-LEA","SULAWESI TENGGARA","BAU-BAU","BUW","LEA-LEA","BUW007","SG"
"SULAWESI TENGGARA","KOTA BAU BAU","BATUPOARO","SULAWESI TENGGARA","BAU-BAU","BUW","BATUPOARO","BUW008","SG"
"SULAWESI TENGGARA","KOTA KENDARI","MANDONGA","SULAWESI TENGGARA","KENDARI","KDI","MANDONGA","KDI005","SG"
"SULAWESI TENGGARA","KOTA KENDARI","KENDARI","SULAWESI TENGGARA","KENDARI","KDI","KENDARI","KDI006","SG"
"SULAWESI TENGGARA","KOTA KENDARI","BARUGA","SULAWESI TENGGARA","KENDARI","KDI","BARUGA","KDI001","SG"
"SULAWESI TENGGARA","KOTA KENDARI","POASIA","SULAWESI TENGGARA","KENDARI","KDI","POASIA","KDI009","SG"
"SULAWESI TENGGARA","KOTA KENDARI","KENDARI BARAT","SULAWESI TENGGARA","KENDARI","KDI","KENDARI BARAT","KDI007","SG"
"SULAWESI TENGGARA","KOTA KENDARI","ABELI","SULAWESI TENGGARA","KENDARI","KDI","ABELI","KDI010","SG"
"SULAWESI TENGGARA","KOTA KENDARI","WUA-WUA","SULAWESI TENGGARA","KENDARI","KDI","WUA-WUA","KDI003","SG"
"SULAWESI TENGGARA","KOTA KENDARI","KADIA","SULAWESI TENGGARA","KENDARI","KDI","KADIA","KDI002","SG"
"SULAWESI TENGGARA","KOTA KENDARI","PUUWATU","SULAWESI TENGGARA","KENDARI","KDI","PUUWATU","KDI004","SG"
"SULAWESI TENGGARA","KOTA KENDARI","KAMBU","SULAWESI TENGGARA","KENDARI","KDI","KAMBU","KDI008","SG"
"SULAWESI UTARA","KAB. BOLAANG MONGONDOW","SANG TOMBOLANG","SULAWESI UTARA","BOLAANG MONGONDOW","LOL","SANGTOMBOLANG","LOL011","SA"
"SULAWESI UTARA","KAB. BOLAANG MONGONDOW","DUMOGA BARAT","SULAWESI UTARA","BOLAANG MONGONDOW","LOL","DUMOGA BARAT","LOL003","SA"
"SULAWESI UTARA","KAB. BOLAANG MONGONDOW","DUMOGA TIMUR","SULAWESI UTARA","BOLAANG MONGONDOW","LOL","DUMOGA TIMUR","LOL004","SA"
"SULAWESI UTARA","KAB. BOLAANG MONGONDOW","DUMOGA UTARA","SULAWESI UTARA","BOLAANG MONGONDOW","LOL","DUMOGA UTARA","LOL005","SA"
"SULAWESI UTARA","KAB. BOLAANG MONGONDOW","LOLAK","SULAWESI UTARA","BOLAANG MONGONDOW","LOL","LOLAK","LOL006","SA"
"SULAWESI UTARA","KAB. BOLAANG MONGONDOW","BOLAANG","SULAWESI UTARA","BOLAANG MONGONDOW","LOL","BOLAANG","LOL001","SA"
"SULAWESI UTARA","KAB. BOLAANG MONGONDOW","LOLAYAN","SULAWESI UTARA","BOLAANG MONGONDOW","LOL","LOLAYAN","LOL007","SA"
"SULAWESI UTARA","KAB. BOLAANG MONGONDOW","PASSI BARAT","SULAWESI UTARA","BOLAANG MONGONDOW","LOL","PASSI BARAT","LOL008","SA"
"SULAWESI UTARA","KAB. BOLAANG MONGONDOW","POIGAR","SULAWESI UTARA","BOLAANG MONGONDOW","LOL","POIGAR","LOL010","SA"
"SULAWESI UTARA","KAB. BOLAANG MONGONDOW","PASSI TIMUR","SULAWESI UTARA","BOLAANG MONGONDOW","LOL","PASSI TIMUR","LOL009","SA"
"SULAWESI UTARA","KAB. BOLAANG MONGONDOW","BOLAANG TIMUR","SULAWESI UTARA","BOLAANG MONGONDOW","LOL","BOLAANG TIMUR","LOL002","SA"
"SULAWESI UTARA","KAB. BOLAANG MONGONDOW","BILALANG","SULAWESI UTARA","BOLAANG MONGONDOW","LOL","BILALANG","LOL012","SA"
"SULAWESI UTARA","KAB. BOLAANG MONGONDOW","DUMOGA","SULAWESI UTARA","BOLAANG MONGONDOW","LOL","DUMOGA","LOL015","SA"
"SULAWESI UTARA","KAB. BOLAANG MONGONDOW","DUMOGA TENGGARA","SULAWESI UTARA","BOLAANG MONGONDOW","LOL","DUMOGA TENGGARA","LOL014","SA"
"SULAWESI UTARA","KAB. BOLAANG MONGONDOW","DUMOGA TENGAH","SULAWESI UTARA","BOLAANG MONGONDOW","LOL","DUMOGA TENGAH","LOL013","SA"
"SULAWESI UTARA","KAB. BOLAANG MONGONDOW SELATAN","BOLAANG UKI","SULAWESI UTARA","MONGONDOW SELATAN","BLU","BOLAANG UKI","BLU001","SA"
"SULAWESI UTARA","KAB. BOLAANG MONGONDOW SELATAN","POSIGADAN","SULAWESI UTARA","MONGONDOW SELATAN","BLU","POSIGADAN","BLU005","SA"
"SULAWESI UTARA","KAB. BOLAANG MONGONDOW SELATAN","PINOLOSIAN","SULAWESI UTARA","MONGONDOW SELATAN","BLU","PINOLOSIAN","BLU002","SA"
"SULAWESI UTARA","KAB. BOLAANG MONGONDOW SELATAN","PINOLOSIAN TENGAH","SULAWESI UTARA","MONGONDOW SELATAN","BLU","PINOLOSIAN TENGAH","BLU003","SA"
"SULAWESI UTARA","KAB. BOLAANG MONGONDOW SELATAN","PINOLOSIAN TIMUR","SULAWESI UTARA","MONGONDOW SELATAN","BLU","PINOLOSIAN TIMUR","BLU004","SA"
"SULAWESI UTARA","KAB. BOLAANG MONGONDOW TIMUR","TUTUYAN","SULAWESI UTARA","BOLAANG MONGONDOW TIMUR","TUT","TUTUYAN","TUT005","SA"
"SULAWESI UTARA","KAB. BOLAANG MONGONDOW TIMUR","KOTABUNAN","SULAWESI UTARA","BOLAANG MONGONDOW TIMUR","TUT","KOTABUNAN","TUT001","SA"
"SULAWESI UTARA","KAB. BOLAANG MONGONDOW TIMUR","NUANGAN","SULAWESI UTARA","BOLAANG MONGONDOW TIMUR","TUT","NUANGAN","TUT004","SA"
"SULAWESI UTARA","KAB. BOLAANG MONGONDOW TIMUR","MODAYAG","SULAWESI UTARA","BOLAANG MONGONDOW TIMUR","TUT","MODAYAG","TUT002","SA"
"SULAWESI UTARA","KAB. BOLAANG MONGONDOW TIMUR","MODAYAG BARAT","SULAWESI UTARA","BOLAANG MONGONDOW TIMUR","TUT","MODAYAG BARAT","TUT003","SA"
"SULAWESI UTARA","KAB. BOLAANG MONGONDOW UTARA","SANGKUB","SULAWESI UTARA","BOLAANG MONGONDOW UTARA","BRK","SANGKUB","BRK006","SA"
"SULAWESI UTARA","KAB. BOLAANG MONGONDOW UTARA","BINTAUNA","SULAWESI UTARA","BOLAANG MONGONDOW UTARA","BRK","BINTAUNA","BRK001","SA"
"SULAWESI UTARA","KAB. BOLAANG MONGONDOW UTARA","BOLANGITANG TIMUR","SULAWESI UTARA","BOLAANG MONGONDOW UTARA","BRK","BOLANG ITANG TIMUR","BRK003","SA"
"SULAWESI UTARA","KAB. BOLAANG MONGONDOW UTARA","BOLANGITANG BARAT","SULAWESI UTARA","BOLAANG MONGONDOW UTARA","BRK","BOLANG ITANG BARAT","BRK002","SA"
"SULAWESI UTARA","KAB. BOLAANG MONGONDOW UTARA","KAIDIPANG","SULAWESI UTARA","BOLAANG MONGONDOW UTARA","BRK","KAIDIPANG","BRK004","SA"
"SULAWESI UTARA","KAB. BOLAANG MONGONDOW UTARA","PINOGALUMAN","SULAWESI UTARA","BOLAANG MONGONDOW UTARA","BRK","PINOGALUMAN","BRK005","SA"
"SULAWESI UTARA","KAB. KEP. SIAU TAGULANDANG BIARO","SIAU TIMUR","SULAWESI UTARA","KEPULAUAN SIAU","OND","SIAU TIMUR","OND006","SA"
"SULAWESI UTARA","KAB. KEP. SIAU TAGULANDANG BIARO","SIAU BARAT","SULAWESI UTARA","KEPULAUAN SIAU","OND","SIAU BARAT","OND002","SA"
"SULAWESI UTARA","KAB. KEP. SIAU TAGULANDANG BIARO","TAGULANDANG","SULAWESI UTARA","KEPULAUAN SIAU","OND","TAGULANDANG","OND008","SA"
"SULAWESI UTARA","KAB. KEP. SIAU TAGULANDANG BIARO","SIAU TIMUR SELATAN","SULAWESI UTARA","KEPULAUAN SIAU","OND","SIAU TIMUR SELATAN","OND007","SA"
"SULAWESI UTARA","KAB. KEP. SIAU TAGULANDANG BIARO","SIAU BARAT SELATAN","SULAWESI UTARA","KEPULAUAN SIAU","OND","SIAU BARAT SELATAN","OND003","SA"
"SULAWESI UTARA","KAB. KEP. SIAU TAGULANDANG BIARO","TAGULANDANG UTARA","SULAWESI UTARA","KEPULAUAN SIAU","OND","TAGULANDANG UTARA","OND010","SA"
"SULAWESI UTARA","KAB. KEP. SIAU TAGULANDANG BIARO","BIARO","SULAWESI UTARA","KEPULAUAN SIAU","OND","BIARO","OND001","SA"
"SULAWESI UTARA","KAB. KEP. SIAU TAGULANDANG BIARO","SIAU BARAT UTARA","SULAWESI UTARA","KEPULAUAN SIAU","OND","SIAU BARAT UTARA","OND004","SA"
"SULAWESI UTARA","KAB. KEP. SIAU TAGULANDANG BIARO","SIAU TENGAH","SULAWESI UTARA","KEPULAUAN SIAU","OND","SIAU TENGAH","OND005","SA"
"SULAWESI UTARA","KAB. KEP. SIAU TAGULANDANG BIARO","TAGULANDANG SELATAN","SULAWESI UTARA","KEPULAUAN SIAU","OND","TAGULANDANG SELATAN","OND009","SA"
"SULAWESI UTARA","KAB. KEPULAUAN SANGIHE","TABUKAN UTARA","SULAWESI UTARA","TAHUNA","THA","TABUKAN UTARA","THA010","SA"
"SULAWESI UTARA","KAB. KEPULAUAN SANGIHE","NUSA TABUKAN","SULAWESI UTARA","TAHUNA","THA","NUSA TABUKAN","THA015","SA"
"SULAWESI UTARA","KAB. KEPULAUAN SANGIHE","MANGANITU SELATAN","SULAWESI UTARA","TAHUNA","THA","MANGANITU SELATAN","THA006","SA"
"SULAWESI UTARA","KAB. KEPULAUAN SANGIHE","TATOARENG","SULAWESI UTARA","TAHUNA","THA","TATOARENG","THA012","SA"
"SULAWESI UTARA","KAB. KEPULAUAN SANGIHE","TAMAKO","SULAWESI UTARA","TAHUNA","THA","TAMAKO","THA011","SA"
"SULAWESI UTARA","KAB. KEPULAUAN SANGIHE","MANGANITU","SULAWESI UTARA","TAHUNA","THA","MANGANITU","THA005","SA"
"SULAWESI UTARA","KAB. KEPULAUAN SANGIHE","TABUKAN TENGAH","SULAWESI UTARA","TAHUNA","THA","TABUKAN TENGAH","THA009","SA"
"SULAWESI UTARA","KAB. KEPULAUAN SANGIHE","TABUKAN SELATAN","SULAWESI UTARA","TAHUNA","THA","TABUKAN SELATAN","THA007","SA"
"SULAWESI UTARA","KAB. KEPULAUAN SANGIHE","KENDAHE","SULAWESI UTARA","TAHUNA","THA","KENDAHE","THA004","SA"
"SULAWESI UTARA","KAB. KEPULAUAN SANGIHE","TAHUNA","SULAWESI UTARA","TAHUNA","THA","TAHUNA","THA001","SA"
"SULAWESI UTARA","KAB. KEPULAUAN SANGIHE","TABUKAN SELATAN TENGAH","SULAWESI UTARA","TAHUNA","THA","TABUKAN SELATAN TENGAH","THA008","SA"
"SULAWESI UTARA","KAB. KEPULAUAN SANGIHE","TABUKAN SELATAN TENGGARA","SULAWESI UTARA","TAHUNA","THA","TABUKAN SELATAN TENGGARA","THA013","SA"
"SULAWESI UTARA","KAB. KEPULAUAN SANGIHE","TAHUNA BARAT","SULAWESI UTARA","TAHUNA","THA","TAHUNA BARAT","THA002","SA"
"SULAWESI UTARA","KAB. KEPULAUAN SANGIHE","TAHUNA TIMUR","SULAWESI UTARA","TAHUNA","THA","TAHUNA TIMUR","THA003","SA"
"SULAWESI UTARA","KAB. KEPULAUAN SANGIHE","KEPULAUAN MARORE","SULAWESI UTARA","TAHUNA","THA","KEPULAUAN MAROR","THA014","SA"
"SULAWESI UTARA","KAB. KEPULAUAN TALAUD","LIRUNG","SULAWESI UTARA","KEPULAUAN TALAUD","MEG","LIRUNG","MEG010","SA"
"SULAWESI UTARA","KAB. KEPULAUAN TALAUD","BEO","SULAWESI UTARA","KEPULAUAN TALAUD","MEG","BEO","MEG001","SA"
"SULAWESI UTARA","KAB. KEPULAUAN TALAUD","RAINIS","SULAWESI UTARA","KEPULAUAN TALAUD","MEG","RAINIS","MEG017","SA"
"SULAWESI UTARA","KAB. KEPULAUAN TALAUD","ESSANG","SULAWESI UTARA","KEPULAUAN TALAUD","MEG","ESSANG","MEG005","SA"
"SULAWESI UTARA","KAB. KEPULAUAN TALAUD","NANUSA","SULAWESI UTARA","KEPULAUAN TALAUD","MEG","NANUSA","MEG015","SA"
"SULAWESI UTARA","KAB. KEPULAUAN TALAUD","KABARUAN","SULAWESI UTARA","KEPULAUAN TALAUD","MEG","KABARUAN","MEG008","SA"
"SULAWESI UTARA","KAB. KEPULAUAN TALAUD","MELONGUANE","SULAWESI UTARA","KEPULAUAN TALAUD","MEG","MELONGUANE","MEG011","SA"
"SULAWESI UTARA","KAB. KEPULAUAN TALAUD","GEMEH","SULAWESI UTARA","KEPULAUAN TALAUD","MEG","GEMEH","MEG007","SA"
"SULAWESI UTARA","KAB. KEPULAUAN TALAUD","DAMAU","SULAWESI UTARA","KEPULAUAN TALAUD","MEG","DAMAO","MEG004","SA"
"SULAWESI UTARA","KAB. KEPULAUAN TALAUD","TAMPAN' AMMA","SULAWESI UTARA","KEPULAUAN TALAUD","MEG","TAMPAN AMMA","MEG019","SA"
"SULAWESI UTARA","KAB. KEPULAUAN TALAUD","SALIBABU","SULAWESI UTARA","KEPULAUAN TALAUD","MEG","SALIBABU","MEG018","SA"
"SULAWESI UTARA","KAB. KEPULAUAN TALAUD","KALONGAN","SULAWESI UTARA","KEPULAUAN TALAUD","MEG","KALONGAN","MEG009","SA"
"SULAWESI UTARA","KAB. KEPULAUAN TALAUD","MIANGAS","SULAWESI UTARA","KEPULAUAN TALAUD","MEG","MIANGAS","MEG013","SA"
"SULAWESI UTARA","KAB. KEPULAUAN TALAUD","BEO UTARA","SULAWESI UTARA","KEPULAUAN TALAUD","MEG","BEO UTARA","MEG003","SA"
"SULAWESI UTARA","KAB. KEPULAUAN TALAUD","PULUTAN","SULAWESI UTARA","KEPULAUAN TALAUD","MEG","PULUTAN","MEG016","SA"
"SULAWESI UTARA","KAB. KEPULAUAN TALAUD","MELONGUANE TIMUR","SULAWESI UTARA","KEPULAUAN TALAUD","MEG","MELONGUANE TIMUR","MEG012","SA"
"SULAWESI UTARA","KAB. KEPULAUAN TALAUD","MORONGE","SULAWESI UTARA","KEPULAUAN TALAUD","MEG","MORONGE","MEG014","SA"
"SULAWESI UTARA","KAB. KEPULAUAN TALAUD","BEO SELATAN","SULAWESI UTARA","KEPULAUAN TALAUD","MEG","BEO SELATAN","MEG002","SA"
"SULAWESI UTARA","KAB. KEPULAUAN TALAUD","ESSANG SELATAN","SULAWESI UTARA","KEPULAUAN TALAUD","MEG","ESSANG SELATAN","MEG006","SA"
"SULAWESI UTARA","KAB. MINAHASA","TONDANO BARAT","SULAWESI UTARA","MINAHASA","TDO","TONDANO BARAT","TDO001","SA"
"SULAWESI UTARA","KAB. MINAHASA","TONDANO TIMUR","SULAWESI UTARA","MINAHASA","TDO","TONDANO TIMUR","TDO003","SA"
"SULAWESI UTARA","KAB. MINAHASA","ERIS","SULAWESI UTARA","MINAHASA","TDO","ERIS","TDO005","SA"
"SULAWESI UTARA","KAB. MINAHASA","KOMBI","SULAWESI UTARA","MINAHASA","TDO","KOMBI","TDO008","SA"
"SULAWESI UTARA","KAB. MINAHASA","LEMBEAN TIMUR","SULAWESI UTARA","MINAHASA","TDO","LEMBEAN TIMUR","TDO013","SA"
"SULAWESI UTARA","KAB. MINAHASA","KAKAS","SULAWESI UTARA","MINAHASA","TDO","KAKAS","TDO006","SA"
"SULAWESI UTARA","KAB. MINAHASA","TOMPASO","SULAWESI UTARA","MINAHASA","TDO","TOMPASO","TDO019","SA"
"SULAWESI UTARA","KAB. MINAHASA","REMBOKEN","SULAWESI UTARA","MINAHASA","TDO","REMBOKEN","TDO015","SA"
"SULAWESI UTARA","KAB. MINAHASA","LANGOWAN TIMUR","SULAWESI UTARA","MINAHASA","TDO","LANGOWAN TIMUR","TDO011","SA"
"SULAWESI UTARA","KAB. MINAHASA","LANGOWAN BARAT","SULAWESI UTARA","MINAHASA","TDO","LANGOWAN BARAT","TDO009","SA"
"SULAWESI UTARA","KAB. MINAHASA","SONDER","SULAWESI UTARA","MINAHASA","TDO","SONDER","TDO016","SA"
"SULAWESI UTARA","KAB. MINAHASA","KAWANGKOAN","SULAWESI UTARA","MINAHASA","TDO","KAWANGKOAN","TDO007","SA"
"SULAWESI UTARA","KAB. MINAHASA","PINELENG","SULAWESI UTARA","MINAHASA","TDO","PINELENG","TDO014","SA"
"SULAWESI UTARA","KAB. MINAHASA","TOMBULU","SULAWESI UTARA","MINAHASA","TDO","TOMBULU","TDO018","SA"
"SULAWESI UTARA","KAB. MINAHASA","TOMBARIRI","SULAWESI UTARA","MINAHASA","TDO","TOMBARIRI","TDO017","SA"
"SULAWESI UTARA","KAB. MINAHASA","TONDANO UTARA","SULAWESI UTARA","MINAHASA","TDO","TONDANO UTARA","TDO004","SA"
"SULAWESI UTARA","KAB. MINAHASA","LANGOWAN SELATAN","SULAWESI UTARA","MINAHASA","TDO","LANGOWAN SELATAN","TDO010","SA"
"SULAWESI UTARA","KAB. MINAHASA","TONDANO SELATAN","SULAWESI UTARA","MINAHASA","TDO","TONDANO SELATAN","TDO002","SA"
"SULAWESI UTARA","KAB. MINAHASA","LANGOWAN UTARA","SULAWESI UTARA","MINAHASA","TDO","LANGOWAN UTARA","TDO012","SA"
"SULAWESI UTARA","KAB. MINAHASA","KAKAS BARAT","SULAWESI UTARA","MINAHASA","TDO","KAKAS BARAT","TDO020","SA"
"SULAWESI UTARA","KAB. MINAHASA","KAWANGKOAN UTARA","SULAWESI UTARA","MINAHASA","TDO","KAWANGKOAN UTARA","TDO021","SA"
"SULAWESI UTARA","KAB. MINAHASA","KAWANGKOAN BARAT","SULAWESI UTARA","MINAHASA","TDO","KAWANGKOAN BARAT","TDO022","SA"
"SULAWESI UTARA","KAB. MINAHASA","MANDOLANG","SULAWESI UTARA","MINAHASA","TDO","MANDOLONG","TDO023","SA"
"SULAWESI UTARA","KAB. MINAHASA","TOMBARIRI TIMUR","SULAWESI UTARA","MINAHASA","TDO","TOMBARIRI TIMUR","TDO024","SA"
"SULAWESI UTARA","KAB. MINAHASA","TOMPASO BARAT","SULAWESI UTARA","MINAHASA","TDO","TOMPASO BARAT","TDO025","SA"
"SULAWESI UTARA","KAB. MINAHASA SELATAN","MODOINDING","SULAWESI UTARA","MINAHASA SELATAN","AMR","MODOINDING","AMR006","SA"
"SULAWESI UTARA","KAB. MINAHASA SELATAN","TOMPASO BARU","SULAWESI UTARA","MINAHASA SELATAN","AMR","TOMPASO BARU","AMR016","SA"
"SULAWESI UTARA","KAB. MINAHASA SELATAN","RANOYAPO","SULAWESI UTARA","MINAHASA SELATAN","AMR","RANOYAPO","AMR010","SA"
"SULAWESI UTARA","KAB. MINAHASA SELATAN","MOTOLING","SULAWESI UTARA","MINAHASA SELATAN","AMR","MOTOLING","AMR007","SA"
"SULAWESI UTARA","KAB. MINAHASA SELATAN","SINONSAYANG","SULAWESI UTARA","MINAHASA SELATAN","AMR","SINONSAYANG","AMR011","SA"
"SULAWESI UTARA","KAB. MINAHASA SELATAN","TENGA","SULAWESI UTARA","MINAHASA SELATAN","AMR","TENGA","AMR015","SA"
"SULAWESI UTARA","KAB. MINAHASA SELATAN","AMURANG","SULAWESI UTARA","MINAHASA SELATAN","AMR","AMURANG","AMR001","SA"
"SULAWESI UTARA","KAB. MINAHASA SELATAN","TUMPAAN","SULAWESI UTARA","MINAHASA SELATAN","AMR","TUMPAAN","AMR017","SA"
"SULAWESI UTARA","KAB. MINAHASA SELATAN","TARERAN","SULAWESI UTARA","MINAHASA SELATAN","AMR","TARERAN","AMR013","SA"
"SULAWESI UTARA","KAB. MINAHASA SELATAN","KUMELEMBUAI","SULAWESI UTARA","MINAHASA SELATAN","AMR","KUMELEMBUAI","AMR004","SA"
"SULAWESI UTARA","KAB. MINAHASA SELATAN","MAESAAN","SULAWESI UTARA","MINAHASA SELATAN","AMR","MAESAAN","AMR005","SA"
"SULAWESI UTARA","KAB. MINAHASA SELATAN","AMURANG BARAT","SULAWESI UTARA","MINAHASA SELATAN","AMR","AMURANG BARAT","AMR002","SA"
"SULAWESI UTARA","KAB. MINAHASA SELATAN","AMURANG TIMUR","SULAWESI UTARA","MINAHASA SELATAN","AMR","AMURANG TIMUR","AMR003","SA"
"SULAWESI UTARA","KAB. MINAHASA SELATAN","TATAPAAN","SULAWESI UTARA","MINAHASA SELATAN","AMR","TATAPAAN","AMR014","SA"
"SULAWESI UTARA","KAB. MINAHASA SELATAN","MOTOLING BARAT","SULAWESI UTARA","MINAHASA SELATAN","AMR","MOTOLING BARAT","AMR008","SA"
"SULAWESI UTARA","KAB. MINAHASA SELATAN","MOTOLING TIMUR","SULAWESI UTARA","MINAHASA SELATAN","AMR","MOTOLING TIMUR","AMR009","SA"
"SULAWESI UTARA","KAB. MINAHASA SELATAN","SULUUN TARERAN","SULAWESI UTARA","MINAHASA SELATAN","AMR","SULUUN TARERAN","AMR012","SA"
"SULAWESI UTARA","KAB. MINAHASA TENGGARA","RATAHAN","SULAWESI UTARA","MINAHASA TENGGARA","RTH","RATAHAN","RTH001","SA"
"SULAWESI UTARA","KAB. MINAHASA TENGGARA","PUSOMAEN","SULAWESI UTARA","MINAHASA TENGGARA","RTH","PUSOMAEN","RTH003","SA"
"SULAWESI UTARA","KAB. MINAHASA TENGGARA","BELANG","SULAWESI UTARA","MINAHASA TENGGARA","RTH","BELANG","RTH002","SA"
"SULAWESI UTARA","KAB. MINAHASA TENGGARA","RATATOTOK","SULAWESI UTARA","MINAHASA TENGGARA","RTH","RATATOTOK","RTH004","SA"
"SULAWESI UTARA","KAB. MINAHASA TENGGARA","TOMBATU","SULAWESI UTARA","MINAHASA TENGGARA","RTH","TOMBATU","RTH006","SA"
"SULAWESI UTARA","KAB. MINAHASA TENGGARA","TOULUAAN","SULAWESI UTARA","MINAHASA TENGGARA","RTH","TOLUAAN","RTH005","SA"
"SULAWESI UTARA","KAB. MINAHASA TENGGARA","TOULUAAN SELATAN","SULAWESI UTARA","MINAHASA TENGGARA","RTH","TOLUAAN SELATAN","RTH012","SA"
"SULAWESI UTARA","KAB. MINAHASA TENGGARA","SILIAN RAYA","SULAWESI UTARA","MINAHASA TENGGARA","RTH","SILIAN RAYA","RTH009","SA"
"SULAWESI UTARA","KAB. MINAHASA TENGGARA","TOMBATU TIMUR","SULAWESI UTARA","MINAHASA TENGGARA","RTH","TOMBATU TIMUR","RTH010","SA"
"SULAWESI UTARA","KAB. MINAHASA TENGGARA","TOMBATU UTARA","SULAWESI UTARA","MINAHASA TENGGARA","RTH","TOMBATU UTARA","RTH011","SA"
"SULAWESI UTARA","KAB. MINAHASA TENGGARA","PASAN","SULAWESI UTARA","MINAHASA TENGGARA","RTH","PASAN","RTH007","SA"
"SULAWESI UTARA","KAB. MINAHASA TENGGARA","RATAHAN TIMUR","SULAWESI UTARA","MINAHASA TENGGARA","RTH","RATAHAN TIMUR","RTH008","SA"
"SULAWESI UTARA","KAB. MINAHASA UTARA","KEMA","SULAWESI UTARA","MINAHASA UTARA","AID","KEMA","AID005","SA"
"SULAWESI UTARA","KAB. MINAHASA UTARA","KAUDITAN","SULAWESI UTARA","MINAHASA UTARA","AID","KAUDITAN","AID004","SA"
"SULAWESI UTARA","KAB. MINAHASA UTARA","AIRMADIDI","SULAWESI UTARA","MINAHASA UTARA","AID","AIRMADIDI","AID001","SA"
"SULAWESI UTARA","KAB. MINAHASA UTARA","WORI","SULAWESI UTARA","MINAHASA UTARA","AID","WORI","AID010","SA"
"SULAWESI UTARA","KAB. MINAHASA UTARA","DIMEMBE","SULAWESI UTARA","MINAHASA UTARA","AID","DIMEMBE","AID002","SA"
"SULAWESI UTARA","KAB. MINAHASA UTARA","LIKUPANG BARAT","SULAWESI UTARA","MINAHASA UTARA","AID","LIKUPANG BARAT","AID006","SA"
"SULAWESI UTARA","KAB. MINAHASA UTARA","LIKUPANG TIMUR","SULAWESI UTARA","MINAHASA UTARA","AID","LIKUPANG TIMUR","AID008","SA"
"SULAWESI UTARA","KAB. MINAHASA UTARA","KALAWAT","SULAWESI UTARA","MINAHASA UTARA","AID","KALAWAT","AID003","SA"
"SULAWESI UTARA","KAB. MINAHASA UTARA","TALAWAAN","SULAWESI UTARA","MINAHASA UTARA","AID","TALAWAAN","AID009","SA"
"SULAWESI UTARA","KAB. MINAHASA UTARA","LIKUPANG SELATAN","SULAWESI UTARA","MINAHASA UTARA","AID","LIKUPANG SELATAN","AID007","SA"
"SULAWESI UTARA","KOTA BITUNG","LEMBEH SELATAN","SULAWESI UTARA","BITUNG","BIT","LEMBEH SELATAN","BIT003","SA"
"SULAWESI UTARA","KOTA BITUNG","MADIDIR","SULAWESI UTARA","BITUNG","BIT","MADIDIR","BIT005","SA"
"SULAWESI UTARA","KOTA BITUNG","RANOWULU","SULAWESI UTARA","BITUNG","BIT","RANOWULU","BIT008","SA"
"SULAWESI UTARA","KOTA BITUNG","AERTEMBAGA","SULAWESI UTARA","BITUNG","BIT","AERTEMBAGA","BIT001","SA"
"SULAWESI UTARA","KOTA BITUNG","MATUARI","SULAWESI UTARA","BITUNG","BIT","MATUARI","BIT007","SA"
"SULAWESI UTARA","KOTA BITUNG","GIRIAN","SULAWESI UTARA","BITUNG","BIT","GIRIAN","BIT002","SA"
"SULAWESI UTARA","KOTA BITUNG","MAESA","SULAWESI UTARA","BITUNG","BIT","MAESA","BIT006","SA"
"SULAWESI UTARA","KOTA BITUNG","LEMBEH UTARA","SULAWESI UTARA","BITUNG","BIT","LEMBEH UTARA","BIT004","SA"
"SULAWESI UTARA","KOTA KOTAMOBAGU","KOTAMOBAGU UTARA","SULAWESI UTARA","KOTA MOBAGU","KMB","KOTAMUBAGU UTARA","KMB004","SA"
"SULAWESI UTARA","KOTA KOTAMOBAGU","KOTAMOBAGU TIMUR","SULAWESI UTARA","KOTA MOBAGU","KMB","KOTAMUBAGU TIMUR","KMB003","SA"
"SULAWESI UTARA","KOTA KOTAMOBAGU","KOTAMOBAGU SELATAN","SULAWESI UTARA","KOTA MOBAGU","KMB","KOTAMUBAGU SELATAN","KMB002","SA"
"SULAWESI UTARA","KOTA KOTAMOBAGU","KOTAMOBAGU BARAT","SULAWESI UTARA","KOTA MOBAGU","KMB","KOTAMOBAGU BARAT","KMB001","SA"
"SULAWESI UTARA","KOTA MANADO","BUNAKEN","SULAWESI UTARA","MANADO","MDC","BUNAKEN","MDC001","SA"
"SULAWESI UTARA","KOTA MANADO","TUMINITING","SULAWESI UTARA","MANADO","MDC","TUMINTING","MDC004","SA"
"SULAWESI UTARA","KOTA MANADO","SINGKIL","SULAWESI UTARA","MANADO","MDC","SINGKIL-MDC","MDC003","SA"
"SULAWESI UTARA","KOTA MANADO","WENANG","SULAWESI UTARA","MANADO","MDC","WENANG","MDC007","SA"
"SULAWESI UTARA","KOTA MANADO","TIKALA","SULAWESI UTARA","MANADO","MDC","TIKALA-MDC","MDC008","SA"
"SULAWESI UTARA","KOTA MANADO","SARIO","SULAWESI UTARA","MANADO","MDC","SARIO","MDC010","SA"
"SULAWESI UTARA","KOTA MANADO","WANEA","SULAWESI UTARA","MANADO","MDC","WANEA","MDC009","SA"
"SULAWESI UTARA","KOTA MANADO","MAPANGET","SULAWESI UTARA","MANADO","MDC","MAPANGET","MDC002","SA"
"SULAWESI UTARA","KOTA MANADO","MALALAYANG","SULAWESI UTARA","MANADO","MDC","MALALAYANG","MDC011","SA"
"SULAWESI UTARA","KOTA MANADO","BUNAKEN KEPULAUAN","SULAWESI UTARA","MANADO","MDC","BUNAKEN KEPULAUAN","MDC005","SA"
"SULAWESI UTARA","KOTA MANADO","PAAL DUA","SULAWESI UTARA","MANADO","MDC","PAAL DUA","MDC006","SA"
"SULAWESI UTARA","KOTA TOMOHON","TOMOHON SELATAN","SULAWESI UTARA","TOMOHON","TMH","TOMOHON SELATAN","TMH002","SA"
"SULAWESI UTARA","KOTA TOMOHON","TOMOHON TENGAH","SULAWESI UTARA","TOMOHON","TMH","TOMOHON TENGAH","TMH003","SA"
"SULAWESI UTARA","KOTA TOMOHON","TOMOHON UTARA","SULAWESI UTARA","TOMOHON","TMH","TOMOHON UTARA","TMH005","SA"
"SULAWESI UTARA","KOTA TOMOHON","TOMOHON BARAT","SULAWESI UTARA","TOMOHON","TMH","TOMOHON BARAT","TMH001","SA"
"SULAWESI UTARA","KOTA TOMOHON","TOMOHON TIMUR","SULAWESI UTARA","TOMOHON","TMH","TOMOHON TIMUR","TMH004","SA"
"SUMATERA BARAT","KAB. AGAM","TANJUNG MUTIARA","SUMATERA BARAT","LUBUK BASUNG","LBB","TANJUNG MUTIARA","LBB014","SB"
"SUMATERA BARAT","KAB. AGAM","LUBUK BASUNG","SUMATERA BARAT","LUBUK BASUNG","LBB","LUBUK BASUNG","LBB001","SB"
"SUMATERA BARAT","KAB. AGAM","TANJUNG RAYA","SUMATERA BARAT","LUBUK BASUNG","LBB","TANJUNG RAYA-LBB","LBB015","SB"
"SUMATERA BARAT","KAB. AGAM","MATUR","SUMATERA BARAT","LUBUK BASUNG","LBB","MATUR","LBB010","SB"
"SUMATERA BARAT","KAB. AGAM","IV KOTO","SUMATERA BARAT","LUBUK BASUNG","LBB","AMPEK KOTO","LBB007","SB"
"SUMATERA BARAT","KAB. AGAM","BANUHAMPU","SUMATERA BARAT","LUBUK BASUNG","LBB","BANUHAMPU","LBB003","SB"
"SUMATERA BARAT","KAB. AGAM","AMPEK ANGKEK","SUMATERA BARAT","LUBUK BASUNG","LBB","AMPEK ANGKEK","LBB006","SB"
"SUMATERA BARAT","KAB. AGAM","BASO","SUMATERA BARAT","LUBUK BASUNG","LBB","BASO","LBB004","SB"
"SUMATERA BARAT","KAB. AGAM","TILATANG KAMANG","SUMATERA BARAT","LUBUK BASUNG","LBB","TILATANG KAMANG","LBB016","SB"
"SUMATERA BARAT","KAB. AGAM","PALUPUH","SUMATERA BARAT","LUBUK BASUNG","LBB","PALUPUH","LBB012","SB"
"SUMATERA BARAT","KAB. AGAM","PELEMBAYAN","SUMATERA BARAT","LUBUK BASUNG","LBB","PALEMBAYAN","LBB011","SB"
"SUMATERA BARAT","KAB. AGAM","SUNGAI PUA","SUMATERA BARAT","LUBUK BASUNG","LBB","SUNGAI PUA","LBB013","SB"
"SUMATERA BARAT","KAB. AGAM","AMPEK NAGARI","SUMATERA BARAT","LUBUK BASUNG","LBB","AMPEK NAGARI","LBB002","SB"
"SUMATERA BARAT","KAB. AGAM","CANDUNG","SUMATERA BARAT","LUBUK BASUNG","LBB","CANDUNG","LBB005","SB"
"SUMATERA BARAT","KAB. AGAM","KAMANG MAGEK","SUMATERA BARAT","LUBUK BASUNG","LBB","KAMANG MAGEK","LBB008","SB"
"SUMATERA BARAT","KAB. AGAM","MALALAK","SUMATERA BARAT","LUBUK BASUNG","LBB","MALAKAK","LBB009","SB"
"SUMATERA BARAT","KAB. DHARMASRAYA","KOTO BARU","SUMATERA BARAT","DHAMASRAYA","DHR","KOTO BARU-DHR","DHR003","SB"
"SUMATERA BARAT","KAB. DHARMASRAYA","PULAU PUNJUNG","SUMATERA BARAT","DHAMASRAYA","DHR","PULAU PUNJUNG","DHR007","SB"
"SUMATERA BARAT","KAB. DHARMASRAYA","SUNGAI RUMBAI","SUMATERA BARAT","DHAMASRAYA","DHR","SUNGAI RUMBAI-DHR","DHR009","SB"
"SUMATERA BARAT","KAB. DHARMASRAYA","SITIUNG","SUMATERA BARAT","DHAMASRAYA","DHR","SITIUNG","DHR008","SB"
"SUMATERA BARAT","KAB. DHARMASRAYA","SEMBILAN KOTO","SUMATERA BARAT","DHAMASRAYA","DHR","IX KOTO","DHR002","SB"
"SUMATERA BARAT","KAB. DHARMASRAYA","TIMPEH","SUMATERA BARAT","DHAMASRAYA","DHR","TIMPEH","DHR010","SB"
"SUMATERA BARAT","KAB. DHARMASRAYA","KOTO SALAK","SUMATERA BARAT","DHAMASRAYA","DHR","KOTA SALAK","DHR005","SB"
"SUMATERA BARAT","KAB. DHARMASRAYA","TIUMANG","SUMATERA BARAT","DHAMASRAYA","DHR","TIUMANG","DHR011","SB"
"SUMATERA BARAT","KAB. DHARMASRAYA","PADANG LAWEH","SUMATERA BARAT","DHAMASRAYA","DHR","PADANG LAWEH","DHR006","SB"
"SUMATERA BARAT","KAB. DHARMASRAYA","ASAM JUJUHAN","SUMATERA BARAT","DHAMASRAYA","DHR","ASAM JUJUHAN","DHR001","SB"
"SUMATERA BARAT","KAB. DHARMASRAYA","KOTO BESAR","SUMATERA BARAT","DHAMASRAYA","DHR","KOTO BESAR","DHR004","SB"
"SUMATERA BARAT","KAB. KEPULAUAN MENTAWAI","PAGAI UTARA","SUMATERA BARAT","MENTAWAI","KEP","PAGAI UTARA","KEP002","SB"
"SUMATERA BARAT","KAB. KEPULAUAN MENTAWAI","SIPORA SELATAN","SUMATERA BARAT","MENTAWAI","KEP","SIPORA SELATAN","KEP009","SB"
"SUMATERA BARAT","KAB. KEPULAUAN MENTAWAI","SIBERUT SELATAN","SUMATERA BARAT","MENTAWAI","KEP","SIBERUT SELATAN","KEP005","SB"
"SUMATERA BARAT","KAB. KEPULAUAN MENTAWAI","SIBERUT UTARA","SUMATERA BARAT","MENTAWAI","KEP","SIBERUT UTARA","KEP007","SB"
"SUMATERA BARAT","KAB. KEPULAUAN MENTAWAI","SIBERUT BARAT","SUMATERA BARAT","MENTAWAI","KEP","SIBERUT BARAT","KEP003","SB"
"SUMATERA BARAT","KAB. KEPULAUAN MENTAWAI","SIBERUT BARAT DAYA","SUMATERA BARAT","MENTAWAI","KEP","SIBERUT BARAT DAYA","KEP004","SB"
"SUMATERA BARAT","KAB. KEPULAUAN MENTAWAI","SIBERUT TENGAH","SUMATERA BARAT","MENTAWAI","KEP","SIBERUT TENGAH","KEP006","SB"
"SUMATERA BARAT","KAB. KEPULAUAN MENTAWAI","SIPORA UTARA","SUMATERA BARAT","MENTAWAI","KEP","SIPORA UTARA","KEP010","SB"
"SUMATERA BARAT","KAB. KEPULAUAN MENTAWAI","SIKAKAP","SUMATERA BARAT","MENTAWAI","KEP","SIKAKAP","KEP008","SB"
"SUMATERA BARAT","KAB. KEPULAUAN MENTAWAI","PAGAI SELATAN","SUMATERA BARAT","MENTAWAI","KEP","PAGAI SELATAN","KEP001","SB"
"SUMATERA BARAT","KAB. LIMA PULUH KOTA","SULIKI","SUMATERA BARAT","LIMAPULUH KOTA","LMK","SULIKI","LMK013","SB"
"SUMATERA BARAT","KAB. LIMA PULUH KOTA","GUGUAK","SUMATERA BARAT","LIMAPULUH KOTA","LMK","SUNGAI GUGUAK","LMK003","SB"
"SUMATERA BARAT","KAB. LIMA PULUH KOTA","PAYAKUMBUH","SUMATERA BARAT","LIMAPULUH KOTA","LMK","PAYAKUMBUH","LMK012","SB"
"SUMATERA BARAT","KAB. LIMA PULUH KOTA","LUAK","SUMATERA BARAT","LIMAPULUH KOTA","LMK","LUHAK","LMK008","SB"
"SUMATERA BARAT","KAB. LIMA PULUH KOTA","HARAU","SUMATERA BARAT","LIMAPULUH KOTA","LMK","HARAU","LMK005","SB"
"SUMATERA BARAT","KAB. LIMA PULUH KOTA","PANGKALAN KOTO BARU","SUMATERA BARAT","LIMAPULUH KOTA","LMK","PANGKALAN KOTO BARU","LMK010","SB"
"SUMATERA BARAT","KAB. LIMA PULUH KOTA","KAPUR IX","SUMATERA BARAT","LIMAPULUH KOTA","LMK","KAPUR SEMBILAN","LMK006","SB"
"SUMATERA BARAT","KAB. LIMA PULUH KOTA","GUNUANG OMEH","SUMATERA BARAT","LIMAPULUH KOTA","LMK","GUNUNG MAS","LMK004","SB"
"SUMATERA BARAT","KAB. LIMA PULUH KOTA","LAREH SAGO HALABAN","SUMATERA BARAT","LIMAPULUH KOTA","LMK","LAREH SAGO HALABAN","LMK007","SB"
"SUMATERA BARAT","KAB. LIMA PULUH KOTA","SITUJUAH LIMO NAGARI","SUMATERA BARAT","LIMAPULUH KOTA","LMK","LIMA NAGARI","LMK011","SB"
"SUMATERA BARAT","KAB. LIMA PULUH KOTA","MUNGKA","SUMATERA BARAT","LIMAPULUH KOTA","LMK","MUNGKA","LMK009","SB"
"SUMATERA BARAT","KAB. LIMA PULUH KOTA","BUKIK BARISAN","SUMATERA BARAT","LIMAPULUH KOTA","LMK","BUKIK BARISAN","LMK002","SB"
"SUMATERA BARAT","KAB. LIMA PULUH KOTA","AKABILURU","SUMATERA BARAT","LIMAPULUH KOTA","LMK","AKABILURU","LMK001","SB"
"SUMATERA BARAT","KAB. PADANG PARIAMAN","LUBUK ALUNG","SUMATERA BARAT","PADANG PARIAMAN","PPR","LUBUK ALUNG","PPR016","SB"
"SUMATERA BARAT","KAB. PADANG PARIAMAN","BATANG ANAI","SUMATERA BARAT","PADANG PARIAMAN","PPR","BATANG ANAI","PPR003","SB"
"SUMATERA BARAT","KAB. PADANG PARIAMAN","NAN SABARIS","SUMATERA BARAT","PADANG PARIAMAN","PPR","NAN SABARIS","PPR007","SB"
"SUMATERA BARAT","KAB. PADANG PARIAMAN","2 X 11 ENAM LINGKUANG","SUMATERA BARAT","PADANG PARIAMAN","PPR","II X XI VI LINGKUNG","PPR001","SB"
"SUMATERA BARAT","KAB. PADANG PARIAMAN","VII KOTO SUNGAI SARIK","SUMATERA BARAT","PADANG PARIAMAN","PPR","7 KOTO SUNGAI SARIK","PPR015","SB"
"SUMATERA BARAT","KAB. PADANG PARIAMAN","V KOTO KAMPUNG DALAM","SUMATERA BARAT","PADANG PARIAMAN","PPR","5 KOTO KAMPUNG DALAM","PPR013","SB"
"SUMATERA BARAT","KAB. PADANG PARIAMAN","SUNGAI GARINGGING","SUMATERA BARAT","PADANG PARIAMAN","PPR","SUNGAI GARINGGIANG","PPR011","SB"
"SUMATERA BARAT","KAB. PADANG PARIAMAN","SUNGAI LIMAU","SUMATERA BARAT","PADANG PARIAMAN","PPR","SUNGAI LIMAU","PPR012","SB"
"SUMATERA BARAT","KAB. PADANG PARIAMAN","IV KOTO AUR MALINTANG","SUMATERA BARAT","PADANG PARIAMAN","PPR","AUR MALINTANG","PPR006","SB"
"SUMATERA BARAT","KAB. PADANG PARIAMAN","ULAKAN TAPAKIH","SUMATERA BARAT","PADANG PARIAMAN","PPR","ULAKAN TAPAKIS","PPR017","SB"
"SUMATERA BARAT","KAB. PADANG PARIAMAN","SINTUAK TOBOH GADANG","SUMATERA BARAT","PADANG PARIAMAN","PPR","SINTUAK TOBOH GADANG","PPR010","SB"
"SUMATERA BARAT","KAB. PADANG PARIAMAN","PADANG SAGO","SUMATERA BARAT","PADANG PARIAMAN","PPR","PADANG SAGO","PPR008","SB"
"SUMATERA BARAT","KAB. PADANG PARIAMAN","BATANG GASAN","SUMATERA BARAT","PADANG PARIAMAN","PPR","BATANG GASAN","PPR004","SB"
"SUMATERA BARAT","KAB. PADANG PARIAMAN","V KOTO TIMUR","SUMATERA BARAT","PADANG PARIAMAN","PPR","5 KOTO TIMUR","PPR014","SB"
"SUMATERA BARAT","KAB. PADANG PARIAMAN","2 X 11 KAYU TANAM","SUMATERA BARAT","PADANG PARIAMAN","PPR","KAYU TANAM","PPR002","SB"
"SUMATERA BARAT","KAB. PADANG PARIAMAN","PATAMUAN","SUMATERA BARAT","PADANG PARIAMAN","PPR","PATAMUAN","PPR009","SB"
"SUMATERA BARAT","KAB. PADANG PARIAMAN","ENAM LINGKUNG","SUMATERA BARAT","PADANG PARIAMAN","PPR","ENAM LINGKUNG","PPR005","SB"
"SUMATERA BARAT","KAB. PASAMAN","BONJOL","SUMATERA BARAT","PASAMAN","LSG","BONJOL","LSG001","SB"
"SUMATERA BARAT","KAB. PASAMAN","LUBUK SIKAPING","SUMATERA BARAT","PASAMAN","LSG","LUBUK SIKAPING","LSG003","SB"
"SUMATERA BARAT","KAB. PASAMAN","PANTI","SUMATERA BARAT","PASAMAN","LSG","PANTI-LSG","LSG007","SB"
"SUMATERA BARAT","KAB. PASAMAN","MAPAT TUNGGUL","SUMATERA BARAT","PASAMAN","LSG","MAPAT TUNGGUL","LSG004","SB"
"SUMATERA BARAT","KAB. PASAMAN","DUO KOTO","SUMATERA BARAT","PASAMAN","LSG","DUO KOTO","LSG002","SB"
"SUMATERA BARAT","KAB. PASAMAN","TIGO NAGARI","SUMATERA BARAT","PASAMAN","LSG","TIGO NAGARI","LSG012","SB"
"SUMATERA BARAT","KAB. PASAMAN","RAO","SUMATERA BARAT","PASAMAN","LSG","RAO","LSG008","SB"
"SUMATERA BARAT","KAB. PASAMAN","MAPAT TUNGGUL SELATAN","SUMATERA BARAT","PASAMAN","LSG","MAPAT TUNGGUL SELATAN","LSG005","SB"
"SUMATERA BARAT","KAB. PASAMAN","SIMPANG ALAHAN MATI","SUMATERA BARAT","PASAMAN","LSG","SIMPANG ALAHAN MATI","LSG011","SB"
"SUMATERA BARAT","KAB. PASAMAN","PADANG GELUGUR","SUMATERA BARAT","PASAMAN","LSG","PADANG GELUGUR","LSG006","SB"
"SUMATERA BARAT","KAB. PASAMAN","RAO UTARA","SUMATERA BARAT","PASAMAN","LSG","RAO UTARA","LSG010","SB"
"SUMATERA BARAT","KAB. PASAMAN","RAO SELATAN","SUMATERA BARAT","PASAMAN","LSG","RAO SELATAN","LSG009","SB"
"SUMATERA BARAT","KAB. PASAMAN BARAT","SUNGAIBEREMAS","SUMATERA BARAT","PASAMAN BARAT","PSB","SEI.BEREMAS","PSB009","SB"
"SUMATERA BARAT","KAB. PASAMAN BARAT","LEMBAH MELINTANG","SUMATERA BARAT","PASAMAN BARAT","PSB","LEMBAH MELINTANG","PSB005","SB"
"SUMATERA BARAT","KAB. PASAMAN BARAT","PASAMAN","SUMATERA BARAT","PASAMAN BARAT","PSB","PASAMAN","PSB001","SB"
"SUMATERA BARAT","KAB. PASAMAN BARAT","TALAMAU","SUMATERA BARAT","PASAMAN BARAT","PSB","TALAMAU","PSB011","SB"
"SUMATERA BARAT","KAB. PASAMAN BARAT","KINALI","SUMATERA BARAT","PASAMAN BARAT","PSB","KINALI","PSB003","SB"
"SUMATERA BARAT","KAB. PASAMAN BARAT","GUNUNGTULEH","SUMATERA BARAT","PASAMAN BARAT","PSB","GUNUNG TULEH","PSB002","SB"
"SUMATERA BARAT","KAB. PASAMAN BARAT","RANAH BATAHAN","SUMATERA BARAT","PASAMAN BARAT","PSB","RANAH BATAHAN","PSB007","SB"
"SUMATERA BARAT","KAB. PASAMAN BARAT","KOTO BALINGKA","SUMATERA BARAT","PASAMAN BARAT","PSB","BALINGKA","PSB004","SB"
"SUMATERA BARAT","KAB. PASAMAN BARAT","SUNGAIAUR","SUMATERA BARAT","PASAMAN BARAT","PSB","SUNGAI AUR","PSB010","SB"
"SUMATERA BARAT","KAB. PASAMAN BARAT","LUHAK NAN DUO","SUMATERA BARAT","PASAMAN BARAT","PSB","LUHAK NAN DUO","PSB006","SB"
"SUMATERA BARAT","KAB. PASAMAN BARAT","SASAK RANAH PESISIR","SUMATERA BARAT","PASAMAN BARAT","PSB","SASAK RANAH PESISIR","PSB008","SB"
"SUMATERA BARAT","KAB. PESISIR SELATAN","PANCUNG SOAL","SUMATERA BARAT","PESISIR SELATAN","PNN","PANCUNG SOAL","PNN010","SB"
"SUMATERA BARAT","KAB. PESISIR SELATAN","RANAH PESISIR","SUMATERA BARAT","PESISIR SELATAN","PNN","RANAH PESISIR","PNN011","SB"
"SUMATERA BARAT","KAB. PESISIR SELATAN","LENGAYANG","SUMATERA BARAT","PESISIR SELATAN","PNN","LENGAYANG","PNN007","SB"
"SUMATERA BARAT","KAB. PESISIR SELATAN","BATANG KAPAS","SUMATERA BARAT","PESISIR SELATAN","PNN","BATANG KAPAS","PNN002","SB"
"SUMATERA BARAT","KAB. PESISIR SELATAN","IV JURAI","SUMATERA BARAT","PESISIR SELATAN","PNN","IV JURAI","PNN005","SB"
"SUMATERA BARAT","KAB. PESISIR SELATAN","BAYANG","SUMATERA BARAT","PESISIR SELATAN","PNN","BAYANG","PNN003","SB"
"SUMATERA BARAT","KAB. PESISIR SELATAN","KOTO XI TARUSAN","SUMATERA BARAT","PESISIR SELATAN","PNN","KOTO XI TARUSAN","PNN006","SB"
"SUMATERA BARAT","KAB. PESISIR SELATAN","SUTERA","SUMATERA BARAT","PESISIR SELATAN","PNN","SUTERA","PNN012","SB"
"SUMATERA BARAT","KAB. PESISIR SELATAN","LINGGO SARI BAGANTI","SUMATERA BARAT","PESISIR SELATAN","PNN","LINGGO SARI BAGANTI","PNN008","SB"
"SUMATERA BARAT","KAB. PESISIR SELATAN","LUNANG","SUMATERA BARAT","PESISIR SELATAN","PNN","LUNANG","PNN009","SB"
"SUMATERA BARAT","KAB. PESISIR SELATAN","BASA AMPEK BALAI TAPAN","SUMATERA BARAT","PESISIR SELATAN","PNN","BASA AMPEK IV BALAI TAPAN","PNN001","SB"
"SUMATERA BARAT","KAB. PESISIR SELATAN","IV NAGARI BAYANG UTARA","SUMATERA BARAT","PESISIR SELATAN","PNN","BAYANG UTARA","PNN004","SB"
"SUMATERA BARAT","KAB. PESISIR SELATAN","AIRPURA","SUMATERA BARAT","PESISIR SELATAN","PNN","AIRPURA","PNN013","SB"
"SUMATERA BARAT","KAB. PESISIR SELATAN","RANAH AMPEK HULU TAPAN","SUMATERA BARAT","PESISIR SELATAN","PNN","RANAH AMPEK HULU TAPAN","PNN014","SB"
"SUMATERA BARAT","KAB. PESISIR SELATAN","SILAUT","SUMATERA BARAT","PESISIR SELATAN","PNN","SILAUT","PNN015","SB"
"SUMATERA BARAT","KAB. SIJUNJUNG","TANJUNG GADANG","SUMATERA BARAT","SIJUNJUNG","SJJ","TANJUNG GADANG","SJJ005","SB"
"SUMATERA BARAT","KAB. SIJUNJUNG","SIJUNJUNG","SUMATERA BARAT","SIJUNJUNG","SJJ","SIJUNJUNG","SJJ001","SB"
"SUMATERA BARAT","KAB. SIJUNJUNG","IV NAGARI","SUMATERA BARAT","SIJUNJUNG","SJJ","IV NAGARI","SJJ002","SB"
"SUMATERA BARAT","KAB. SIJUNJUNG","KAMANG BARU","SUMATERA BARAT","SIJUNJUNG","SJJ","KAMANG BARU","SJJ003","SB"
"SUMATERA BARAT","KAB. SIJUNJUNG","LUBUAK TAROK","SUMATERA BARAT","SIJUNJUNG","SJJ","LUBUK TAROK","SJJ008","SB"
"SUMATERA BARAT","KAB. SIJUNJUNG","KOTO VII","SUMATERA BARAT","SIJUNJUNG","SJJ","KOTO TUJUH","SJJ006","SB"
"SUMATERA BARAT","KAB. SIJUNJUNG","SUMPUR KUDUS","SUMATERA BARAT","SIJUNJUNG","SJJ","SUMPUR KUDUS","SJJ004","SB"
"SUMATERA BARAT","KAB. SIJUNJUNG","KUPITAN","SUMATERA BARAT","SIJUNJUNG","SJJ","KUPITAN","SJJ007","SB"
"SUMATERA BARAT","KAB. SOLOK","PANTAI CERMIN","SUMATERA BARAT","AROSUKA","ARO","PANTAI CERMIN-ARO","ARO012","SB"
"SUMATERA BARAT","KAB. SOLOK","LEMBAH GUMANTI","SUMATERA BARAT","AROSUKA","ARO","LEMBAH GUMANTI","ARO010","SB"
"SUMATERA BARAT","KAB. SOLOK","PAYUNG SEKAKI","SUMATERA BARAT","AROSUKA","ARO","PAYUNG SEKAKI-ARO","ARO013","SB"
"SUMATERA BARAT","KAB. SOLOK","LEMBANG JAYA","SUMATERA BARAT","AROSUKA","ARO","LEMBANG JAYA","ARO011","SB"
"SUMATERA BARAT","KAB. SOLOK","GUNUNG TALANG","SUMATERA BARAT","AROSUKA","ARO","GUNUNG TALANG","ARO007","SB"
"SUMATERA BARAT","KAB. SOLOK","BUKIT SUNDI","SUMATERA BARAT","AROSUKA","ARO","BUKIT SANDI","ARO002","SB"
"SUMATERA BARAT","KAB. SOLOK","IX KOTO SUNGAI LASI","SUMATERA BARAT","AROSUKA","ARO","IX KOTO SUNGAI LASI","ARO004","SB"
"SUMATERA BARAT","KAB. SOLOK","KUBUNG","SUMATERA BARAT","AROSUKA","ARO","KUBUNG","ARO001","SB"
"SUMATERA BARAT","KAB. SOLOK","X KOTO SINGKARAK","SUMATERA BARAT","AROSUKA","ARO","X KOTO SINGKARAK","ARO006","SB"
"SUMATERA BARAT","KAB. SOLOK","X KOTO DIATAS","SUMATERA BARAT","AROSUKA","ARO","X KOTO DIATAS","ARO005","SB"
"SUMATERA BARAT","KAB. SOLOK","JUNJUNG SIRIH","SUMATERA BARAT","AROSUKA","ARO","JUNJUNG SIRIH","ARO009","SB"
"SUMATERA BARAT","KAB. SOLOK","HILIRAN GUMANTI","SUMATERA BARAT","AROSUKA","ARO","HILIRAN GUMANTI","ARO008","SB"
"SUMATERA BARAT","KAB. SOLOK","TIGO LURAH","SUMATERA BARAT","AROSUKA","ARO","TIGO LURAH","ARO014","SB"
"SUMATERA BARAT","KAB. SOLOK","DANAU KEMBAR","SUMATERA BARAT","AROSUKA","ARO","DANAU KEMBAR","ARO003","SB"
"SUMATERA BARAT","KAB. SOLOK SELATAN","SANGIR","SUMATERA BARAT","SOLOK SELATAN","PDA","SANGIR","PDA003","SB"
"SUMATERA BARAT","KAB. SOLOK SELATAN","SUNGAI PAGU","SUMATERA BARAT","SOLOK SELATAN","PDA","SUNGAI PAGU","PDA007","SB"
"SUMATERA BARAT","KAB. SOLOK SELATAN","KOTO PARIK GADANG DIATEH","SUMATERA BARAT","SOLOK SELATAN","PDA","KOTO PARIK GADANG DIATEH","PDA001","SB"
"SUMATERA BARAT","KAB. SOLOK SELATAN","SANGIR JUJUAN","SUMATERA BARAT","SOLOK SELATAN","PDA","SANGIR JUJUAN","PDA006","SB"
"SUMATERA BARAT","KAB. SOLOK SELATAN","SANGIR BATANG HARI","SUMATERA BARAT","SOLOK SELATAN","PDA","SANGIR BATANG HARI","PDA005","SB"
"SUMATERA BARAT","KAB. SOLOK SELATAN","PAUH DUO","SUMATERA BARAT","SOLOK SELATAN","PDA","PAUH DUO","PDA002","SB"
"SUMATERA BARAT","KAB. SOLOK SELATAN","SANGIR BALAI JANGGO","SUMATERA BARAT","SOLOK SELATAN","PDA","SANGIR BALAI JANGGO","PDA004","SB"
"SUMATERA BARAT","KAB. TANAH DATAR","X KOTO","SUMATERA BARAT","TANAH DATAR","BZS","SEPULUH KOTO","BZS010","SB"
"SUMATERA BARAT","KAB. TANAH DATAR","BATIPUH","SUMATERA BARAT","TANAH DATAR","BZS","BATIPUH","BZS001","SB"
"SUMATERA BARAT","KAB. TANAH DATAR","RAMBATAN","SUMATERA BARAT","TANAH DATAR","BZS","RAMBATAN","BZS008","SB"
"SUMATERA BARAT","KAB. TANAH DATAR","LIMA KAUM","SUMATERA BARAT","TANAH DATAR","BZS","LIMA KAUM","BZS003","SB"
"SUMATERA BARAT","KAB. TANAH DATAR","TANJUNG EMAS","SUMATERA BARAT","TANAH DATAR","BZS","TANJUNG EMAS","BZS014","SB"
"SUMATERA BARAT","KAB. TANAH DATAR","LINTAU BUO","SUMATERA BARAT","TANAH DATAR","BZS","LINTAU BUO","BZS004","SB"
"SUMATERA BARAT","KAB. TANAH DATAR","SUNGAYANG","SUMATERA BARAT","TANAH DATAR","BZS","SUNGAYANG","BZS012","SB"
"SUMATERA BARAT","KAB. TANAH DATAR","SUNGAI TARAB","SUMATERA BARAT","TANAH DATAR","BZS","SUNGAI TARAB","BZS011","SB"
"SUMATERA BARAT","KAB. TANAH DATAR","PARIANGAN","SUMATERA BARAT","TANAH DATAR","BZS","PARIANGAN","BZS007","SB"
"SUMATERA BARAT","KAB. TANAH DATAR","SALIMPAUANG","SUMATERA BARAT","TANAH DATAR","BZS","SALIMPAUNG","BZS009","SB"
"SUMATERA BARAT","KAB. TANAH DATAR","PADANG GANTING","SUMATERA BARAT","TANAH DATAR","BZS","PADANG GANTING","BZS006","SB"
"SUMATERA BARAT","KAB. TANAH DATAR","TANJUANG BARU","SUMATERA BARAT","TANAH DATAR","BZS","TANJUNG BARU","BZS013","SB"
"SUMATERA BARAT","KAB. TANAH DATAR","LINTAU BUO UTARA","SUMATERA BARAT","TANAH DATAR","BZS","LINTAU BUO UTARA","BZS005","SB"
"SUMATERA BARAT","KAB. TANAH DATAR","BATIPUAH SELATAN","SUMATERA BARAT","TANAH DATAR","BZS","BATIPUH SELATAN","BZS002","SB"
"SUMATERA BARAT","KOTA BUKITTINGGI","GUGUAK PANJANG","SUMATERA BARAT","BUKIT TINGGI","BTT","GUGUK PANJANG","BTT002","SB"
"SUMATERA BARAT","KOTA BUKITTINGGI","MANDIANGIN K. SELAYAN","SUMATERA BARAT","BUKIT TINGGI","BTT","MANDIANGIN KOTO SELAYAN","BTT003","SB"
"SUMATERA BARAT","KOTA BUKITTINGGI","AUR BIRUGO TIGO BALEH","SUMATERA BARAT","BUKIT TINGGI","BTT","AUR BIRUGO TIGO BALEH","BTT001","SB"
"SUMATERA BARAT","KOTA PADANG","PADANG SELATAN","SUMATERA BARAT","PADANG","PDG","PADANG SELATAN","PDG011","SB"
"SUMATERA BARAT","KOTA PADANG","PADANG TIMUR","SUMATERA BARAT","PADANG","PDG","PADANG TIMUR","PDG009","SB"
"SUMATERA BARAT","KOTA PADANG","PADANG BARAT","SUMATERA BARAT","PADANG","PDG","PADANG BARAT","PDG010","SB"
"SUMATERA BARAT","KOTA PADANG","PADANG UTARA","SUMATERA BARAT","PADANG","PDG","PADANG UTARA","PDG003","SB"
"SUMATERA BARAT","KOTA PADANG","BUNGUS TELUK KABUNG","SUMATERA BARAT","PADANG","PDG","BUNGUS TELUK KABUNG","PDG005","SB"
"SUMATERA BARAT","KOTA PADANG","LUBUK BEGALUNG","SUMATERA BARAT","PADANG","PDG","LUBUK BEGALUNG","PDG006","SB"
"SUMATERA BARAT","KOTA PADANG","LUBUK KILANGAN","SUMATERA BARAT","PADANG","PDG","LUBUK KILANGAN","PDG007","SB"
"SUMATERA BARAT","KOTA PADANG","PAUH","SUMATERA BARAT","PADANG","PDG","PAUH-PDG","PDG004","SB"
"SUMATERA BARAT","KOTA PADANG","KURANJI","SUMATERA BARAT","PADANG","PDG","KURANJI-PDG","PDG008","SB"
"SUMATERA BARAT","KOTA PADANG","NANGGALO","SUMATERA BARAT","PADANG","PDG","NANGGALO","PDG002","SB"
"SUMATERA BARAT","KOTA PADANG","KOTO TANGAH","SUMATERA BARAT","PADANG","PDG","KOTO TANGAH","PDG001","SB"
"SUMATERA BARAT","KOTA PADANG PANJANG","PADANG PANJANG TIMUR","SUMATERA BARAT","PADANG PANJANG","PPJ","PADANG PANJANG TIMUR","PPJ002","SB"
"SUMATERA BARAT","KOTA PADANG PANJANG","PADANG PANJANG BARAT","SUMATERA BARAT","PADANG PANJANG","PPJ","PADANG PANJANG BARAT","PPJ001","SB"
"SUMATERA BARAT","KOTA PARIAMAN","PARIAMAN TENGAH","SUMATERA BARAT","PARIAMAN","PMM","PARIAMAN TENGAH","PMM002","SB"
"SUMATERA BARAT","KOTA PARIAMAN","PARIAMAN UTARA","SUMATERA BARAT","PARIAMAN","PMM","PARIAMAN UTARA","PMM003","SB"
"SUMATERA BARAT","KOTA PARIAMAN","PARIAMAN SELATAN","SUMATERA BARAT","PARIAMAN","PMM","PARIAMAN SELATAN","PMM001","SB"
"SUMATERA BARAT","KOTA PARIAMAN","PARIAMAN TIMUR","SUMATERA BARAT","PARIAMAN","PMM","PARIAMAN TIMUR","PMM004","SB"
"SUMATERA BARAT","KOTA PAYAKUMBUH","PAYAKUMBUH BARAT","SUMATERA BARAT","PAYAKUMBUH","PYK","PAYAKUMBUH BARAT","PYK001","SB"
"SUMATERA BARAT","KOTA PAYAKUMBUH","PAYAKUMBUH UTARA","SUMATERA BARAT","PAYAKUMBUH","PYK","PAYAKUMBUH UTARA","PYK002","SB"
"SUMATERA BARAT","KOTA PAYAKUMBUH","PAYAKUMBUH TIMUR","SUMATERA BARAT","PAYAKUMBUH","PYK","PAYAKUMBUH TIMUR","PYK003","SB"
"SUMATERA BARAT","KOTA PAYAKUMBUH","LAMPOSI TIGO NAGORI","SUMATERA BARAT","PAYAKUMBUH","PYK","LAMPOSI TIGO NAGASARI","PYK005","SB"
"SUMATERA BARAT","KOTA PAYAKUMBUH","PAYAKUMBUH SELATAN","SUMATERA BARAT","PAYAKUMBUH","PYK","PAYAKUMBUH SELATAN","PYK004","SB"
"SUMATERA BARAT","KOTA SAWAHLUNTO","LEMBAH SEGAR","SUMATERA BARAT","SAWAH LUNTO","SLU","LEMBAH SEGAR","SLU002","SB"
"SUMATERA BARAT","KOTA SAWAHLUNTO","BARANGIN","SUMATERA BARAT","SAWAH LUNTO","SLU","BARANGIN","SLU001","SB"
"SUMATERA BARAT","KOTA SAWAHLUNTO","SILUNGKANG","SUMATERA BARAT","SAWAH LUNTO","SLU","SILUNGKANG","SLU003","SB"
"SUMATERA BARAT","KOTA SAWAHLUNTO","TALAWI","SUMATERA BARAT","SAWAH LUNTO","SLU","TALAWI-SLU","SLU004","SB"
"SUMATERA BARAT","KOTA SOLOK","LUBUK SIKARAH","SUMATERA BARAT","SOLOK","ZLK","LUBUK SIKARAH","ZLK001","SB"
"SUMATERA BARAT","KOTA SOLOK","TANJUNG HARAPAN","SUMATERA BARAT","SOLOK","ZLK","TANJUNG HARAPAN","ZLK002","SB"
"SUMATERA SELATAN","KOTA LUBUK LINGGAU","LUBUK LINGGAU TIMUR I","BENGKULU","LUBUK LINGGAU","LLG","LUBUK LINGGAU TIMUR 1","LLG003","SS"
"SUMATERA SELATAN","KOTA LUBUK LINGGAU","LUBUK LINGGAU BARAT I","BENGKULU","LUBUK LINGGAU","LLG","LUBUK LINGGAU BARAT 1","LLG001","SS"
"SUMATERA SELATAN","KOTA LUBUK LINGGAU","LUBUK LINGGAU SELATAN I","BENGKULU","LUBUK LINGGAU","LLG","LUBUK LINGGAU SELATAN I","LLG007","SS"
"SUMATERA SELATAN","KOTA LUBUK LINGGAU","LUBUK LINGGAU UTARA I","BENGKULU","LUBUK LINGGAU","LLG","LUBUK LINGGAU UTARA I","LLG008","SS"
"SUMATERA SELATAN","KOTA LUBUK LINGGAU","LUBUK LINGGAU TIMUR II","BENGKULU","LUBUK LINGGAU","LLG","LUBUK LINGGAU TIMUR 2","LLG004","SS"
"SUMATERA SELATAN","KOTA LUBUK LINGGAU","LUBUK LINGGAU BARAT II","BENGKULU","LUBUK LINGGAU","LLG","LUBUK LINGGAU BARAT 2","LLG002","SS"
"SUMATERA SELATAN","KOTA LUBUK LINGGAU","LUBUK LINGGAU SELATAN II","BENGKULU","LUBUK LINGGAU","LLG","LUBUK LINGGAU SELATAN II","LLG006","SS"
"SUMATERA SELATAN","KOTA LUBUK LINGGAU","LUBUK LINGGAU UTARA II","BENGKULU","LUBUK LINGGAU","LLG","LUBUK LINGGAU UTARA 2","LLG005","SS"
"SUMATERA SELATAN","KAB. BANYUASIN","BANYUASIN I","SUMATERA SELATAN","BANYUASIN","PKB","BANYUASIN I","PKB002","SS"
"SUMATERA SELATAN","KAB. BANYUASIN","BANYUASIN II","SUMATERA SELATAN","BANYUASIN","PKB","BANYUASIN II","PKB003","SS"
"SUMATERA SELATAN","KAB. BANYUASIN","BANYUASIN III","SUMATERA SELATAN","BANYUASIN","PKB","BANYUASIN III","PKB004","SS"
"SUMATERA SELATAN","KAB. BANYUASIN","PULAU RIMAU","SUMATERA SELATAN","BANYUASIN","PKB","PULAU RIMAU","PKB010","SS"
"SUMATERA SELATAN","KAB. BANYUASIN","BETUNG","SUMATERA SELATAN","BANYUASIN","PKB","BETUNG","PKB005","SS"
"SUMATERA SELATAN","KAB. BANYUASIN","RAMBUTAN","SUMATERA SELATAN","BANYUASIN","PKB","RAMBUTAN-PKB","PKB011","SS"
"SUMATERA SELATAN","KAB. BANYUASIN","MUARA PADANG","SUMATERA SELATAN","BANYUASIN","PKB","MUARA PADANG","PKB007","SS"
"SUMATERA SELATAN","KAB. BANYUASIN","MUARA TELANG","SUMATERA SELATAN","BANYUASIN","PKB","MUARA TELANG","PKB009","SS"
"SUMATERA SELATAN","KAB. BANYUASIN","MAKARTI JAYA","SUMATERA SELATAN","BANYUASIN","PKB","MAKARTI JAYA","PKB006","SS"
"SUMATERA SELATAN","KAB. BANYUASIN","TALANG KELAPA","SUMATERA SELATAN","BANYUASIN","PKB","TALANG KELAPA","PKB015","SS"
"SUMATERA SELATAN","KAB. BANYUASIN","RANTAU BAYUR","SUMATERA SELATAN","BANYUASIN","PKB","RANTAU BAYUR","PKB012","SS"
"SUMATERA SELATAN","KAB. BANYUASIN","TANJUNG LAGO","SUMATERA SELATAN","BANYUASIN","PKB","TANJUNG LAGO","PKB016","SS"
"SUMATERA SELATAN","KAB. BANYUASIN","MUARA SUGIHAN","SUMATERA SELATAN","BANYUASIN","PKB","MUARA SUGIHAN","PKB008","SS"
"SUMATERA SELATAN","KAB. BANYUASIN","AIR SALEK","SUMATERA SELATAN","BANYUASIN","PKB","AIR SALEK","PKB001","SS"
"SUMATERA SELATAN","KAB. BANYUASIN","TUNGKAL ILIR","SUMATERA SELATAN","BANYUASIN","PKB","TUNGKAL ILIR-PKB","PKB017","SS"
"SUMATERA SELATAN","KAB. BANYUASIN","SUAK TAPEH","SUMATERA SELATAN","BANYUASIN","PKB","SUAK TAPEH","PKB014","SS"
"SUMATERA SELATAN","KAB. BANYUASIN","SEMBAWA","SUMATERA SELATAN","BANYUASIN","PKB","SEMBAWA","PKB013","SS"
"SUMATERA SELATAN","KAB. BANYUASIN","SUMBER MARGA TELANG","SUMATERA SELATAN","BANYUASIN","PKB","SUMBER MARGA TELANG","PKB019","SS"
"SUMATERA SELATAN","KAB. BANYUASIN","AIR KUMBANG","SUMATERA SELATAN","BANYUASIN","PKB","AIR KUMBANG","PKB018","SS"
"SUMATERA SELATAN","KAB. EMPAT LAWANG","MUARA PINANG","SUMATERA SELATAN","EMPAT LAWANG","TBI","MUARA PINANG","TBI002","SS"
"SUMATERA SELATAN","KAB. EMPAT LAWANG","PENDOPO","SUMATERA SELATAN","EMPAT LAWANG","TBI","PENDOPO","TBI004","SS"
"SUMATERA SELATAN","KAB. EMPAT LAWANG","ULU MUSI","SUMATERA SELATAN","EMPAT LAWANG","TBI","ULU MUSI","TBI007","SS"
"SUMATERA SELATAN","KAB. EMPAT LAWANG","TEBING TINGGI","SUMATERA SELATAN","EMPAT LAWANG","TBI","TEBING TINGGI-TBI","TBI006","SS"
"SUMATERA SELATAN","KAB. EMPAT LAWANG","LINTANG KANAN","SUMATERA SELATAN","EMPAT LAWANG","TBI","LINTANG KANAN","TBI001","SS"
"SUMATERA SELATAN","KAB. EMPAT LAWANG","TALANG PADANG","SUMATERA SELATAN","EMPAT LAWANG","TBI","TALANG PADANG-TBI","TBI005","SS"
"SUMATERA SELATAN","KAB. EMPAT LAWANG","PASEMAH AIR KERUH","SUMATERA SELATAN","EMPAT LAWANG","TBI","PASEMAH AIR KERUH","TBI003","SS"
"SUMATERA SELATAN","KAB. EMPAT LAWANG","SIKAP DALAM","SUMATERA SELATAN","EMPAT LAWANG","TBI","SIKAP DALAM","TBI009","SS"
"SUMATERA SELATAN","KAB. EMPAT LAWANG","SALING","SUMATERA SELATAN","EMPAT LAWANG","TBI","SALING","TBI010","SS"
"SUMATERA SELATAN","KAB. EMPAT LAWANG","PENDOPO BARAT","SUMATERA SELATAN","EMPAT LAWANG","TBI","PENDOPO BARAT","TBI008","SS"
"SUMATERA SELATAN","KAB. LAHAT","TANJUNGSAKTI PUMU","SUMATERA SELATAN","LAHAT","LHT","TANJUNG SAKTI PUMU","LHT017","SS"
"SUMATERA SELATAN","KAB. LAHAT","JARAI","SUMATERA SELATAN","LAHAT","LHT","JARAI","LHT002","SS"
"SUMATERA SELATAN","KAB. LAHAT","KOTA AGUNG","SUMATERA SELATAN","LAHAT","LHT","KOTA AGUNG","LHT008","SS"
"SUMATERA SELATAN","KAB. LAHAT","PULAUPINANG","SUMATERA SELATAN","LAHAT","LHT","PULAU PINANG","LHT015","SS"
"SUMATERA SELATAN","KAB. LAHAT","MERAPI BARAT","SUMATERA SELATAN","LAHAT","LHT","MERAPI BARAT","LHT011","SS"
"SUMATERA SELATAN","KAB. LAHAT","LAHAT","SUMATERA SELATAN","LAHAT","LHT","LAHAT","LHT010","SS"
"SUMATERA SELATAN","KAB. LAHAT","PAJAR BULAN","SUMATERA SELATAN","LAHAT","LHT","PAJAR BULAN","LHT014","SS"
"SUMATERA SELATAN","KAB. LAHAT","MULAK ULU","SUMATERA SELATAN","LAHAT","LHT","MULAK ULU","LHT012","SS"
"SUMATERA SELATAN","KAB. LAHAT","KIKIM SELATAN","SUMATERA SELATAN","LAHAT","LHT","KIKIM SELATAN","LHT004","SS"
"SUMATERA SELATAN","KAB. LAHAT","KIKIM TIMUR","SUMATERA SELATAN","LAHAT","LHT","KIKIM TIMUR","LHT006","SS"
"SUMATERA SELATAN","KAB. LAHAT","KIKIM TENGAH","SUMATERA SELATAN","LAHAT","LHT","KIKIM TENGAH","LHT005","SS"
"SUMATERA SELATAN","KAB. LAHAT","KIKIM BARAT","SUMATERA SELATAN","LAHAT","LHT","KIKIM BARAT","LHT003","SS"
"SUMATERA SELATAN","KAB. LAHAT","PSEKSU","SUMATERA SELATAN","LAHAT","LHT","PSEKSU","LHT007","SS"
"SUMATERA SELATAN","KAB. LAHAT","GUMAY TALANG","SUMATERA SELATAN","LAHAT","LHT","GUMAY TALANG","LHT001","SS"
"SUMATERA SELATAN","KAB. LAHAT","PAGAR GUNUNG","SUMATERA SELATAN","LAHAT","LHT","PAGAR GUNUNG","LHT013","SS"
"SUMATERA SELATAN","KAB. LAHAT","MERAPI TIMUR","SUMATERA SELATAN","LAHAT","LHT","MERAPI TIMUR","LHT009","SS"
"SUMATERA SELATAN","KAB. LAHAT","TANJUNG SAKTI PUMI","SUMATERA SELATAN","LAHAT","LHT","TANJUNG SAKTI PUMI","LHT016","SS"
"SUMATERA SELATAN","KAB. LAHAT","GUMAY ULU","SUMATERA SELATAN","LAHAT","LHT","GUMAY ULU","LHT018","SS"
"SUMATERA SELATAN","KAB. LAHAT","MERAPI SELATAN","SUMATERA SELATAN","LAHAT","LHT","MERAPI SELATAN","LHT019","SS"
"SUMATERA SELATAN","KAB. LAHAT","TANJUNGTEBAT","SUMATERA SELATAN","LAHAT","LHT","TANJUNG TEBAT","LHT021","SS"
"SUMATERA SELATAN","KAB. LAHAT","MUARAPAYANG","SUMATERA SELATAN","LAHAT","LHT","MUARA PAYANG","LHT020","SS"
"SUMATERA SELATAN","KAB. LAHAT","SUKAMERINDU","SUMATERA SELATAN","LAHAT","LHT","SUKA MERINDU","LHT022","SS"
"SUMATERA SELATAN","KAB. MUARA ENIM","TANJUNG AGUNG","SUMATERA SELATAN","MUARA ENIM","MRN","TANJUNG AGUNG","MRN016","SS"
"SUMATERA SELATAN","KAB. MUARA ENIM","MUARA ENIM","SUMATERA SELATAN","MUARA ENIM","MRN","MUARA ENIM","MRN009","SS"
"SUMATERA SELATAN","KAB. MUARA ENIM","RAMBANG DANGKU","SUMATERA SELATAN","MUARA ENIM","MRN","RAMBANG DANGKU","MRN011","SS"
"SUMATERA SELATAN","KAB. MUARA ENIM","GUNUNG MEGANG","SUMATERA SELATAN","MUARA ENIM","MRN","GUNUNG MEGANG","MRN003","SS"
"SUMATERA SELATAN","KAB. MUARA ENIM","GELUMBANG","SUMATERA SELATAN","MUARA ENIM","MRN","GELUMBANG","MRN002","SS"
"SUMATERA SELATAN","KAB. MUARA ENIM","LAWANG KIDUL","SUMATERA SELATAN","MUARA ENIM","MRN","LAWANG KIDUL","MRN005","SS"
"SUMATERA SELATAN","KAB. MUARA ENIM","SEMENDE DARAT LAUT","SUMATERA SELATAN","MUARA ENIM","MRN","SEMENDO DARAT LAUT","MRN012","SS"
"SUMATERA SELATAN","KAB. MUARA ENIM","SEMENDE DARAT TENGAH","SUMATERA SELATAN","MUARA ENIM","MRN","SEMENDO DARAT TENGAH","MRN013","SS"
"SUMATERA SELATAN","KAB. MUARA ENIM","SEMENDE DARAT ULU","SUMATERA SELATAN","MUARA ENIM","MRN","SEMENDO DARAT ULU","MRN014","SS"
"SUMATERA SELATAN","KAB. MUARA ENIM","UJAN MAS","SUMATERA SELATAN","MUARA ENIM","MRN","UJAN MAS-MRN","MRN017","SS"
"SUMATERA SELATAN","KAB. MUARA ENIM","LUBAI","SUMATERA SELATAN","MUARA ENIM","MRN","LUBAI","MRN007","SS"
"SUMATERA SELATAN","KAB. MUARA ENIM","RAMBANG","SUMATERA SELATAN","MUARA ENIM","MRN","RAMBANG","MRN010","SS"
"SUMATERA SELATAN","KAB. MUARA ENIM","SUNGAI ROTAN","SUMATERA SELATAN","MUARA ENIM","MRN","SUNGAI ROTAN","MRN015","SS"
"SUMATERA SELATAN","KAB. MUARA ENIM","LEMBAK","SUMATERA SELATAN","MUARA ENIM","MRN","LEMBAK","MRN006","SS"
"SUMATERA SELATAN","KAB. MUARA ENIM","BENAKAT","SUMATERA SELATAN","MUARA ENIM","MRN","BENAKAT","MRN001","SS"
"SUMATERA SELATAN","KAB. MUARA ENIM","KELEKAR","SUMATERA SELATAN","MUARA ENIM","MRN","KELEKAR","MRN004","SS"
"SUMATERA SELATAN","KAB. MUARA ENIM","MUARA BELIDA","SUMATERA SELATAN","MUARA ENIM","MRN","MUARA BELIDA","MRN008","SS"
"SUMATERA SELATAN","KAB. MUARA ENIM","BELIMBING","SUMATERA SELATAN","MUARA ENIM","MRN","BELIMBING-MRN","MRN019","SS"
"SUMATERA SELATAN","KAB. MUARA ENIM","BELIDA DARAT","SUMATERA SELATAN","MUARA ENIM","MRN","BELIDA DARAT","MRN018","SS"
"SUMATERA SELATAN","KAB. MUARA ENIM","LUBAI ULU","SUMATERA SELATAN","MUARA ENIM","MRN","LUBAI ULU","MRN020","SS"
"SUMATERA SELATAN","KAB. MUSI BANYUASIN","SEKAYU","SUMATERA SELATAN","SEKAYU","SKY","SEKAYU","SKY007","SS"
"SUMATERA SELATAN","KAB. MUSI BANYUASIN","LAIS","SUMATERA SELATAN","SEKAYU","SKY","LAIS-SKY","SKY003","SS"
"SUMATERA SELATAN","KAB. MUSI BANYUASIN","SUNGAI KERUH","SUMATERA SELATAN","SEKAYU","SKY","SUNGAI KERUH","SKY008","SS"
"SUMATERA SELATAN","KAB. MUSI BANYUASIN","BATANG HARI LEKO","SUMATERA SELATAN","SEKAYU","SKY","BATANGHARI LEKO","SKY002","SS"
"SUMATERA SELATAN","KAB. MUSI BANYUASIN","SANGA DESA","SUMATERA SELATAN","SEKAYU","SKY","SANGA DESA","SKY006","SS"
"SUMATERA SELATAN","KAB. MUSI BANYUASIN","BABAT TOMAN","SUMATERA SELATAN","SEKAYU","SKY","BABAT TOMAN","SKY001","SS"
"SUMATERA SELATAN","KAB. MUSI BANYUASIN","SUNGAI LILIN","SUMATERA SELATAN","SEKAYU","SKY","SUNGAI LILIN","SKY009","SS"
"SUMATERA SELATAN","KAB. MUSI BANYUASIN","KELUANG","SUMATERA SELATAN","SEKAYU","SKY","KELUANG","SKY013","SS"
"SUMATERA SELATAN","KAB. MUSI BANYUASIN","BAYUNG LENCIR","SUMATERA SELATAN","SEKAYU","SKY","BAYUNG LENCIR","SKY012","SS"
"SUMATERA SELATAN","KAB. MUSI BANYUASIN","PLAKAT TINGGI","SUMATERA SELATAN","SEKAYU","SKY","PELAKAT TINGGI","SKY005","SS"
"SUMATERA SELATAN","KAB. MUSI BANYUASIN","LALAN","SUMATERA SELATAN","SEKAYU","SKY","SUNGAI LALAN","SKY004","SS"
"SUMATERA SELATAN","KAB. MUSI BANYUASIN","TUNGKAL JAYA","SUMATERA SELATAN","SEKAYU","SKY","TUNGKAL JAYA","SKY011","SS"
"SUMATERA SELATAN","KAB. MUSI BANYUASIN","LAWANG WETAN","SUMATERA SELATAN","SEKAYU","SKY","LAWANG WETAN","SKY010","SS"
"SUMATERA SELATAN","KAB. MUSI BANYUASIN","BABAT SUPAT","SUMATERA SELATAN","SEKAYU","SKY","BABAT SUPAT","SKY014","SS"
"SUMATERA SELATAN","KAB. MUSI RAWAS","TUGUMULYO","SUMATERA SELATAN","MUSI RAWAS","MRR","TUGUMULYO","MRR014","SS"
"SUMATERA SELATAN","KAB. MUSI RAWAS","MUARA LAKITAN","SUMATERA SELATAN","MUSI RAWAS","MRR","MUARA LAKITAN","MRR006","SS"
"SUMATERA SELATAN","KAB. MUSI RAWAS","MUARA KELINGI","SUMATERA SELATAN","MUSI RAWAS","MRR","MUARA KELINGI","MRR005","SS"
"SUMATERA SELATAN","KAB. MUSI RAWAS","JAYALOKA","SUMATERA SELATAN","MUSI RAWAS","MRR","JAYA LOKA","MRR002","SS"
"SUMATERA SELATAN","KAB. MUSI RAWAS","MUARA BELITI","SUMATERA SELATAN","MUSI RAWAS","MRR","MUARA BELITI","MRR004","SS"
"SUMATERA SELATAN","KAB. MUSI RAWAS","STL ULU TERAWAS","SUMATERA SELATAN","MUSI RAWAS","MRR","STL ULU TERAWAS","MRR009","SS"
"SUMATERA SELATAN","KAB. MUSI RAWAS","SELANGIT","SUMATERA SELATAN","MUSI RAWAS","MRR","SELANGIT","MRR008","SS"
"SUMATERA SELATAN","KAB. MUSI RAWAS","MEGANG SAKTI","SUMATERA SELATAN","MUSI RAWAS","MRR","MEGANG SAKTI","MRR003","SS"
"SUMATERA SELATAN","KAB. MUSI RAWAS","PURWODADI","SUMATERA SELATAN","MUSI RAWAS","MRR","PURWODADI-MRR","MRR007","SS"
"SUMATERA SELATAN","KAB. MUSI RAWAS","TIANG PUMPUNG KEPUNGUT","SUMATERA SELATAN","MUSI RAWAS","MRR","TIANG PUMPUNG KEPUNGUT","MRR012","SS"
"SUMATERA SELATAN","KAB. MUSI RAWAS","SUMBER HARTA","SUMATERA SELATAN","MUSI RAWAS","MRR","SUMBER HARTA","MRR011","SS"
"SUMATERA SELATAN","KAB. MUSI RAWAS","TUAH NEGERI","SUMATERA SELATAN","MUSI RAWAS","MRR","TUAH NEGERI","MRR013","SS"
"SUMATERA SELATAN","KAB. MUSI RAWAS","SUKA KARYA","SUMATERA SELATAN","MUSI RAWAS","MRR","SUKAKARYA-MRR","MRR010","SS"
"SUMATERA SELATAN","KAB. MUSI RAWAS UTARA","RUPIT","SUMATERA SELATAN","MUSI RAWAS UTARA","MRU","RUPIT","MRU004","SS"
"SUMATERA SELATAN","KAB. MUSI RAWAS UTARA","RAWAS ULU","SUMATERA SELATAN","MUSI RAWAS UTARA","MRU","RAWAS ULU","MRU003","SS"
"SUMATERA SELATAN","KAB. MUSI RAWAS UTARA","NIBUNG","SUMATERA SELATAN","MUSI RAWAS UTARA","MRU","NIBUNG","MRU005","SS"
"SUMATERA SELATAN","KAB. MUSI RAWAS UTARA","RAWAS ILIR","SUMATERA SELATAN","MUSI RAWAS UTARA","MRU","RAWAS ILIR","MRU002","SS"
"SUMATERA SELATAN","KAB. MUSI RAWAS UTARA","KARANG DAPO","SUMATERA SELATAN","MUSI RAWAS UTARA","MRU","KARANG DAPO","MRU006","SS"
"SUMATERA SELATAN","KAB. MUSI RAWAS UTARA","KARANG JAYA","SUMATERA SELATAN","MUSI RAWAS UTARA","MRU","KARANG JAYA-MRU","MRU007","SS"
"SUMATERA SELATAN","KAB. MUSI RAWAS UTARA","ULU RAWAS","SUMATERA SELATAN","MUSI RAWAS UTARA","MRU","ULU RAWAS","MRU001","SS"
"SUMATERA SELATAN","KAB. OGAN ILIR","MUARA KUANG","SUMATERA SELATAN","OGAN ILIR","INL","MUARA KUANG","INL006","SS"
"SUMATERA SELATAN","KAB. OGAN ILIR","TANJUNG BATU","SUMATERA SELATAN","OGAN ILIR","INL","TANJUNG BATU","INL015","SS"
"SUMATERA SELATAN","KAB. OGAN ILIR","TANJUNG RAJA","SUMATERA SELATAN","OGAN ILIR","INL","TANJUNG RAJA-INL","INL016","SS"
"SUMATERA SELATAN","KAB. OGAN ILIR","INDRALAYA","SUMATERA SELATAN","OGAN ILIR","INL","INDRALAYA","INL001","SS"
"SUMATERA SELATAN","KAB. OGAN ILIR","PEMULUTAN","SUMATERA SELATAN","OGAN ILIR","INL","PEMULUTAN","INL008","SS"
"SUMATERA SELATAN","KAB. OGAN ILIR","RANTAU ALAI","SUMATERA SELATAN","OGAN ILIR","INL","RANTAU ALAI","INL012","SS"
"SUMATERA SELATAN","KAB. OGAN ILIR","INDRALAYA UTARA","SUMATERA SELATAN","OGAN ILIR","INL","INDRALAYA UTARA","INL003","SS"
"SUMATERA SELATAN","KAB. OGAN ILIR","INDRALAYA SELATAN","SUMATERA SELATAN","OGAN ILIR","INL","INDRALAYA SELATAN","INL002","SS"
"SUMATERA SELATAN","KAB. OGAN ILIR","PEMULUTAN SELATAN","SUMATERA SELATAN","OGAN ILIR","INL","PEMULUTAN SELATAN","INL010","SS"
"SUMATERA SELATAN","KAB. OGAN ILIR","PEMULUTAN BARAT","SUMATERA SELATAN","OGAN ILIR","INL","PEMULUTAN BARAT","INL009","SS"
"SUMATERA SELATAN","KAB. OGAN ILIR","RANTAU PANJANG","SUMATERA SELATAN","OGAN ILIR","INL","RANTAU PANJANG","INL013","SS"
"SUMATERA SELATAN","KAB. OGAN ILIR","SUNGAI PINANG","SUMATERA SELATAN","OGAN ILIR","INL","SUNGAI PINANG-INL","INL014","SS"
"SUMATERA SELATAN","KAB. OGAN ILIR","KANDIS","SUMATERA SELATAN","OGAN ILIR","INL","KANDIS-INL","INL004","SS"
"SUMATERA SELATAN","KAB. OGAN ILIR","RAMBANG KUANG","SUMATERA SELATAN","OGAN ILIR","INL","RAMBANG KUANG","INL011","SS"
"SUMATERA SELATAN","KAB. OGAN ILIR","LUBUK KELIAT","SUMATERA SELATAN","OGAN ILIR","INL","LUBUK KELIAT","INL005","SS"
"SUMATERA SELATAN","KAB. OGAN ILIR","PAYARAMAN","SUMATERA SELATAN","OGAN ILIR","INL","PAYARAMAN","INL007","SS"
"SUMATERA SELATAN","KAB. OGAN KOMERING ILIR","TANJUNG LUBUK","SUMATERA SELATAN","KAYU AGUNG","KYT","TANJUNG LUBUK","KYT016","SS"
"SUMATERA SELATAN","KAB. OGAN KOMERING ILIR","PEDAMARAN","SUMATERA SELATAN","KAYU AGUNG","KYT","PEDAMARAN","KYT012","SS"
"SUMATERA SELATAN","KAB. OGAN KOMERING ILIR","MESUJI","SUMATERA SELATAN","KAYU AGUNG","KYT","MESUJI-KYT","KYT007","SS"
"SUMATERA SELATAN","KAB. OGAN KOMERING ILIR","KAYU AGUNG","SUMATERA SELATAN","KAYU AGUNG","KYT","KAYU AGUNG","KYT004","SS"
"SUMATERA SELATAN","KAB. OGAN KOMERING ILIR","SIRAH PULAU PADANG","SUMATERA SELATAN","KAYU AGUNG","KYT","SIRAH PULAU PADANG","KYT014","SS"
"SUMATERA SELATAN","KAB. OGAN KOMERING ILIR","TULUNG SELAPAN","SUMATERA SELATAN","KAYU AGUNG","KYT","TULUNG SELAPAN","KYT018","SS"
"SUMATERA SELATAN","KAB. OGAN KOMERING ILIR","PAMPANGAN","SUMATERA SELATAN","KAYU AGUNG","KYT","PAMPANGAN","KYT010","SS"
"SUMATERA SELATAN","KAB. OGAN KOMERING ILIR","LEMPUING","SUMATERA SELATAN","KAYU AGUNG","KYT","LEMPUING","KYT005","SS"
"SUMATERA SELATAN","KAB. OGAN KOMERING ILIR","AIR SUGIHAN","SUMATERA SELATAN","KAYU AGUNG","KYT","AIR SUGIHAN","KYT001","SS"
"SUMATERA SELATAN","KAB. OGAN KOMERING ILIR","SUNGAI MENANG","SUMATERA SELATAN","KAYU AGUNG","KYT","SUNGAI MENANG","KYT015","SS"
"SUMATERA SELATAN","KAB. OGAN KOMERING ILIR","JEJAWI","SUMATERA SELATAN","KAYU AGUNG","KYT","JEJAWI","KYT003","SS"
"SUMATERA SELATAN","KAB. OGAN KOMERING ILIR","CENGAL","SUMATERA SELATAN","KAYU AGUNG","KYT","CENGAL","KYT002","SS"
"SUMATERA SELATAN","KAB. OGAN KOMERING ILIR","PANGKALAN LAMPAM","SUMATERA SELATAN","KAYU AGUNG","KYT","PANGKALAN LAMPAM","KYT011","SS"
"SUMATERA SELATAN","KAB. OGAN KOMERING ILIR","MESUJI MAKMUR","SUMATERA SELATAN","KAYU AGUNG","KYT","MESUJI MAKMUR","KYT008","SS"
"SUMATERA SELATAN","KAB. OGAN KOMERING ILIR","MESUJI RAYA","SUMATERA SELATAN","KAYU AGUNG","KYT","MESUJI RAYA","KYT009","SS"
"SUMATERA SELATAN","KAB. OGAN KOMERING ILIR","LEMPUING JAYA","SUMATERA SELATAN","KAYU AGUNG","KYT","LEMPUING JAYA","KYT006","SS"
"SUMATERA SELATAN","KAB. OGAN KOMERING ILIR","TELUK GELAM","SUMATERA SELATAN","KAYU AGUNG","KYT","TELUK GELAM","KYT017","SS"
"SUMATERA SELATAN","KAB. OGAN KOMERING ILIR","PEDAMARAN TIMUR","SUMATERA SELATAN","KAYU AGUNG","KYT","PEDAMARAN TIMUR","KYT013","SS"
"SUMATERA SELATAN","KAB. OGAN KOMERING ULU","SOSOH BUAY RAYAP","SUMATERA SELATAN","BATURAJA","BJT","SOSOH BUAY RAYAP","BJT010","SS"
"SUMATERA SELATAN","KAB. OGAN KOMERING ULU","PENGANDONAN","SUMATERA SELATAN","BATURAJA","BJT","PENGANDONAN","BJT007","SS"
"SUMATERA SELATAN","KAB. OGAN KOMERING ULU","PENINJAUAN","SUMATERA SELATAN","BATURAJA","BJT","PENINJAUAN","BJT008","SS"
"SUMATERA SELATAN","KAB. OGAN KOMERING ULU","BATURAJA BARAT","SUMATERA SELATAN","BATURAJA","BJT","BATURAJA BARAT","BJT001","SS"
"SUMATERA SELATAN","KAB. OGAN KOMERING ULU","BATURAJA TIMUR","SUMATERA SELATAN","BATURAJA","BJT","BATURAJA TIMUR","BJT002","SS"
"SUMATERA SELATAN","KAB. OGAN KOMERING ULU","ULU OGAN","SUMATERA SELATAN","BATURAJA","BJT","ULU OGAN","BJT011","SS"
"SUMATERA SELATAN","KAB. OGAN KOMERING ULU","SEMIDANG AJI","SUMATERA SELATAN","BATURAJA","BJT","SEMIDANG AJI","BJT006","SS"
"SUMATERA SELATAN","KAB. OGAN KOMERING ULU","LUBUK BATANG","SUMATERA SELATAN","BATURAJA","BJT","LUBUK BATANG","BJT004","SS"
"SUMATERA SELATAN","KAB. OGAN KOMERING ULU","LENGKITI","SUMATERA SELATAN","BATURAJA","BJT","LENGKITI","BJT003","SS"
"SUMATERA SELATAN","KAB. OGAN KOMERING ULU","SINAR PENINJAUAN","SUMATERA SELATAN","BATURAJA","BJT","SINAR PENINJAUAN","BJT009","SS"
"SUMATERA SELATAN","KAB. OGAN KOMERING ULU","LUBUK RAJA","SUMATERA SELATAN","BATURAJA","BJT","LUBUK RAJA","BJT005","SS"
"SUMATERA SELATAN","KAB. OGAN KOMERING ULU","MUARA JAYA","SUMATERA SELATAN","BATURAJA","BJT","MUARA JAYA","BJT012","SS"
"SUMATERA SELATAN","KAB. OGAN KOMERING ULU SELATAN","MUARA DUA","SUMATERA SELATAN","MUARA DUA","MUA","MUARADUA","MUA011","SS"
"SUMATERA SELATAN","KAB. OGAN KOMERING ULU SELATAN","PULAU BERINGIN","SUMATERA SELATAN","MUARA DUA","MUA","PULAU BERINGIN","MUA013","SS"
"SUMATERA SELATAN","KAB. OGAN KOMERING ULU SELATAN","BANDING AGUNG","SUMATERA SELATAN","MUARA DUA","MUA","BANDING AGUNG","MUA001","SS"
"SUMATERA SELATAN","KAB. OGAN KOMERING ULU SELATAN","MUARA DUA KISAM","SUMATERA SELATAN","MUARA DUA","MUA","MUARADUA KISAM","MUA012","SS"
"SUMATERA SELATAN","KAB. OGAN KOMERING ULU SELATAN","SIMPANG","SUMATERA SELATAN","MUARA DUA","MUA","SIMPANG","MUA015","SS"
"SUMATERA SELATAN","KAB. OGAN KOMERING ULU SELATAN","BUAY SANDANG AJI","SUMATERA SELATAN","MUARA DUA","MUA","BUAY SANDANG AJI","MUA007","SS"
"SUMATERA SELATAN","KAB. OGAN KOMERING ULU SELATAN","BUAY RUNJUNG","SUMATERA SELATAN","MUARA DUA","MUA","BUAY RUNJUNG","MUA006","SS"
"SUMATERA SELATAN","KAB. OGAN KOMERING ULU SELATAN","MEKAKAU ILIR","SUMATERA SELATAN","MUARA DUA","MUA","MEKAKAU ILIR","MUA010","SS"
"SUMATERA SELATAN","KAB. OGAN KOMERING ULU SELATAN","BUAY PEMACA","SUMATERA SELATAN","MUARA DUA","MUA","BUAY PEMACA","MUA003","SS"
"SUMATERA SELATAN","KAB. OGAN KOMERING ULU SELATAN","KISAM TINGGI","SUMATERA SELATAN","MUARA DUA","MUA","KISAM TINGGI","MUA009","SS"
"SUMATERA SELATAN","KAB. OGAN KOMERING ULU SELATAN","KISAM ILIR","SUMATERA SELATAN","MUARA DUA","MUA","KISAM ILIR","MUA008","SS"
"SUMATERA SELATAN","KAB. OGAN KOMERING ULU SELATAN","BUAY PEMATANG RIBU RANAU TENGAH","SUMATERA SELATAN","MUARA DUA","MUA","BUAY PEMATANG RIBU RANAU TGH","MUA004","SS"
"SUMATERA SELATAN","KAB. OGAN KOMERING ULU SELATAN","WARKUK RANAU SELATAN","SUMATERA SELATAN","MUARA DUA","MUA","WARKUK RANAU SELATAN","MUA019","SS"
"SUMATERA SELATAN","KAB. OGAN KOMERING ULU SELATAN","RUNJUNG AGUNG","SUMATERA SELATAN","MUARA DUA","MUA","RUNJUNG AGUNG","MUA014","SS"
"SUMATERA SELATAN","KAB. OGAN KOMERING ULU SELATAN","SUNGAI ARE","SUMATERA SELATAN","MUARA DUA","MUA","SUNGAI ARE","MUA017","SS"
"SUMATERA SELATAN","KAB. OGAN KOMERING ULU SELATAN","SINDANG DANAU","SUMATERA SELATAN","MUARA DUA","MUA","SINDANG DANAU","MUA016","SS"
"SUMATERA SELATAN","KAB. OGAN KOMERING ULU SELATAN","BUANA PEMACA","SUMATERA SELATAN","MUARA DUA","MUA","BUANA PEMACA","MUA002","SS"
"SUMATERA SELATAN","KAB. OGAN KOMERING ULU SELATAN","TIGA DIHAJI","SUMATERA SELATAN","MUARA DUA","MUA","TIGA DIHAJI","MUA018","SS"
"SUMATERA SELATAN","KAB. OGAN KOMERING ULU SELATAN","BUAY RAWAN","SUMATERA SELATAN","MUARA DUA","MUA","BUAY RAWAN","MUA005","SS"
"SUMATERA SELATAN","KAB. OGAN KOMERING ULU TIMUR","MARTAPURA","SUMATERA SELATAN","OGAN KOMERING ULU TIMUR","MAT","MARTAPURA","MAT003","SS"
"SUMATERA SELATAN","KAB. OGAN KOMERING ULU TIMUR","BUAY MADANG","SUMATERA SELATAN","OGAN KOMERING ULU TIMUR","MAT","BUAY MADANG","MAT009","SS"
"SUMATERA SELATAN","KAB. OGAN KOMERING ULU TIMUR","BELITANG","SUMATERA SELATAN","OGAN KOMERING ULU TIMUR","MAT","BELITANG I","MAT020","SS"
"SUMATERA SELATAN","KAB. OGAN KOMERING ULU TIMUR","CEMPAKA","SUMATERA SELATAN","OGAN KOMERING ULU TIMUR","MAT","CEMPAKA-MAT","MAT002","SS"
"SUMATERA SELATAN","KAB. OGAN KOMERING ULU TIMUR","BUAY PEMUKA PELIUNG","SUMATERA SELATAN","OGAN KOMERING ULU TIMUR","MAT","BUAY PEMUKA BELIUNG","MAT012","SS"
"SUMATERA SELATAN","KAB. OGAN KOMERING ULU TIMUR","MADANG SUKU II","SUMATERA SELATAN","OGAN KOMERING ULU TIMUR","MAT","MADANG SUKU II","MAT015","SS"
"SUMATERA SELATAN","KAB. OGAN KOMERING ULU TIMUR","MADANG SUKU I","SUMATERA SELATAN","OGAN KOMERING ULU TIMUR","MAT","MADANG SUKU I","MAT014","SS"
"SUMATERA SELATAN","KAB. OGAN KOMERING ULU TIMUR","SEMENDAWAI SUKU III","SUMATERA SELATAN","OGAN KOMERING ULU TIMUR","MAT","SEMENDAWAI SUKU III","MAT018","SS"
"SUMATERA SELATAN","KAB. OGAN KOMERING ULU TIMUR","BELITANG II","SUMATERA SELATAN","OGAN KOMERING ULU TIMUR","MAT","BELITANG II","MAT004","SS"
"SUMATERA SELATAN","KAB. OGAN KOMERING ULU TIMUR","BELITANG III","SUMATERA SELATAN","OGAN KOMERING ULU TIMUR","MAT","BELITANG III","MAT005","SS"
"SUMATERA SELATAN","KAB. OGAN KOMERING ULU TIMUR","BUNGA MAYANG","SUMATERA SELATAN","OGAN KOMERING ULU TIMUR","MAT","BUNGA MAYANG-MAT","MAT001","SS"
"SUMATERA SELATAN","KAB. OGAN KOMERING ULU TIMUR","BUAY MADANG TIMUR","SUMATERA SELATAN","OGAN KOMERING ULU TIMUR","MAT","BUAY MADANG TIMUR","MAT010","SS"
"SUMATERA SELATAN","KAB. OGAN KOMERING ULU TIMUR","MADANG SUKU III","SUMATERA SELATAN","OGAN KOMERING ULU TIMUR","MAT","MADANG SUKU III","MAT016","SS"
"SUMATERA SELATAN","KAB. OGAN KOMERING ULU TIMUR","SEMENDAWAI BARAT","SUMATERA SELATAN","OGAN KOMERING ULU TIMUR","MAT","SEMENDAWAI BARAT","MAT017","SS"
"SUMATERA SELATAN","KAB. OGAN KOMERING ULU TIMUR","SEMENDAWAI TIMUR","SUMATERA SELATAN","OGAN KOMERING ULU TIMUR","MAT","SEMENDAWAI TIMUR","MAT019","SS"
"SUMATERA SELATAN","KAB. OGAN KOMERING ULU TIMUR","JAYAPURA","SUMATERA SELATAN","OGAN KOMERING ULU TIMUR","MAT","JAYAPURA","MAT013","SS"
"SUMATERA SELATAN","KAB. OGAN KOMERING ULU TIMUR","BELITANG JAYA","SUMATERA SELATAN","OGAN KOMERING ULU TIMUR","MAT","BELITANG JAYA","MAT006","SS"
"SUMATERA SELATAN","KAB. OGAN KOMERING ULU TIMUR","BELITANG MADANG RAYA","SUMATERA SELATAN","OGAN KOMERING ULU TIMUR","MAT","BELITANG MADANG RAYA","MAT007","SS"
"SUMATERA SELATAN","KAB. OGAN KOMERING ULU TIMUR","BELITANG MULYA","SUMATERA SELATAN","OGAN KOMERING ULU TIMUR","MAT","BELITANG MULYA","MAT008","SS"
"SUMATERA SELATAN","KAB. OGAN KOMERING ULU TIMUR","BUAY PEMUKA BANGSA RAJA","SUMATERA SELATAN","OGAN KOMERING ULU TIMUR","MAT","BUAY PEMUKA BANGSA RAJA","MAT011","SS"
"SUMATERA SELATAN","KAB. PENUKAL ABAB LEMATANG ILIR","TALANG UBI","SUMATERA SELATAN","PENUKAL ABAB LEMATANG ILIR","TLU","TALANG UBI","TLU004","SS"
"SUMATERA SELATAN","KAB. PENUKAL ABAB LEMATANG ILIR","PENUKAL UTARA","SUMATERA SELATAN","PENUKAL ABAB LEMATANG ILIR","TLU","PENUKAL UTARA","TLU003","SS"
"SUMATERA SELATAN","KAB. PENUKAL ABAB LEMATANG ILIR","PENUKAL","SUMATERA SELATAN","PENUKAL ABAB LEMATANG ILIR","TLU","PENUKAL","TLU002","SS"
"SUMATERA SELATAN","KAB. PENUKAL ABAB LEMATANG ILIR","ABAB","SUMATERA SELATAN","PENUKAL ABAB LEMATANG ILIR","TLU","ABAB","TLU001","SS"
"SUMATERA SELATAN","KAB. PENUKAL ABAB LEMATANG ILIR","TANAH ABANG","SUMATERA SELATAN","PENUKAL ABAB LEMATANG ILIR","TLU","TANAH ABANG-TLU","TLU005","SS"
"SUMATERA SELATAN","KOTA PAGAR ALAM","PAGAR ALAM UTARA","SUMATERA SELATAN","PAGAR ALAM","PAM","PAGAR ALAM UTARA","PAM005","SS"
"SUMATERA SELATAN","KOTA PAGAR ALAM","PAGAR ALAM SELATAN","SUMATERA SELATAN","PAGAR ALAM","PAM","PAGAR ALAM SELATAN","PAM004","SS"
"SUMATERA SELATAN","KOTA PAGAR ALAM","DEMPO UTARA","SUMATERA SELATAN","PAGAR ALAM","PAM","DEMPO UTARA","PAM003","SS"
"SUMATERA SELATAN","KOTA PAGAR ALAM","DEMPO SELATAN","SUMATERA SELATAN","PAGAR ALAM","PAM","DEMPO SELATAN","PAM001","SS"
"SUMATERA SELATAN","KOTA PAGAR ALAM","DEMPO TENGAH","SUMATERA SELATAN","PAGAR ALAM","PAM","DEMPO TENGAH","PAM002","SS"
"SUMATERA SELATAN","KOTA PALEMBANG","ILIR BARAT II","SUMATERA SELATAN","PALEMBANG","PLM","ILIR BARAT II","PLM015","SS"
"SUMATERA SELATAN","KOTA PALEMBANG","SEBERANG ULU I","SUMATERA SELATAN","PALEMBANG","PLM","SEBERANG ULU I","PLM004","SS"
"SUMATERA SELATAN","KOTA PALEMBANG","SEBERANG ULU II","SUMATERA SELATAN","PALEMBANG","PLM","SEBERANG ULU II","PLM005","SS"
"SUMATERA SELATAN","KOTA PALEMBANG","ILIR BARAT I","SUMATERA SELATAN","PALEMBANG","PLM","ILIR BARAT I","PLM014","SS"
"SUMATERA SELATAN","KOTA PALEMBANG","ILIR TIMUR I","SUMATERA SELATAN","PALEMBANG","PLM","ILIR TIMUR I","PLM010","SS"
"SUMATERA SELATAN","KOTA PALEMBANG","ILIR TIMUR II","SUMATERA SELATAN","PALEMBANG","PLM","ILIR TIMUR II","PLM011","SS"
"SUMATERA SELATAN","KOTA PALEMBANG","SUKARAMI","SUMATERA SELATAN","PALEMBANG","PLM","SUKARAME-PLM","PLM008","SS"
"SUMATERA SELATAN","KOTA PALEMBANG","SAKO","SUMATERA SELATAN","PALEMBANG","PLM","SAKO","PLM002","SS"
"SUMATERA SELATAN","KOTA PALEMBANG","KEMUNING","SUMATERA SELATAN","PALEMBANG","PLM","KEMUNING-PLM","PLM012","SS"
"SUMATERA SELATAN","KOTA PALEMBANG","KALIDONI","SUMATERA SELATAN","PALEMBANG","PLM","KALIDONI","PLM001","SS"
"SUMATERA SELATAN","KOTA PALEMBANG","BUKIT KECIL","SUMATERA SELATAN","PALEMBANG","PLM","BUKIT KECIL","PLM013","SS"
"SUMATERA SELATAN","KOTA PALEMBANG","GANDUS","SUMATERA SELATAN","PALEMBANG","PLM","GANDUS","PLM016","SS"
"SUMATERA SELATAN","KOTA PALEMBANG","KERTAPATI","SUMATERA SELATAN","PALEMBANG","PLM","KERTAPATI","PLM009","SS"
"SUMATERA SELATAN","KOTA PALEMBANG","PLAJU","SUMATERA SELATAN","PALEMBANG","PLM","PLAJU","PLM006","SS"
"SUMATERA SELATAN","KOTA PALEMBANG","ALANG-ALANG LEBAR","SUMATERA SELATAN","PALEMBANG","PLM","ALANG-ALANG LEBAR","PLM007","SS"
"SUMATERA SELATAN","KOTA PALEMBANG","SEMATANG BORANG","SUMATERA SELATAN","PALEMBANG","PLM","SEMATANG BORANG","PLM003","SS"
"SUMATERA SELATAN","KOTA PRABUMULIH","PRABUMULIH BARAT","SUMATERA SELATAN","PRABUMULIH","PMH","PRABUMULIH BARAT","PMH002","SS"
"SUMATERA SELATAN","KOTA PRABUMULIH","PRABUMULIH TIMUR","SUMATERA SELATAN","PRABUMULIH","PMH","PRABUMULIH TIMUR","PMH004","SS"
"SUMATERA SELATAN","KOTA PRABUMULIH","CAMBAI","SUMATERA SELATAN","PRABUMULIH","PMH","CAMBAI","PMH001","SS"
"SUMATERA SELATAN","KOTA PRABUMULIH","RAMBANG KPK TENGAH","SUMATERA SELATAN","PRABUMULIH","PMH","RAMBANG KAPAK TENGAH","PMH006","SS"
"SUMATERA SELATAN","KOTA PRABUMULIH","PRABUMULIH UTARA","SUMATERA SELATAN","PRABUMULIH","PMH","PRABUMULIH UTARA","PMH005","SS"
"SUMATERA SELATAN","KOTA PRABUMULIH","PRABUMULIH SELATAN","SUMATERA SELATAN","PRABUMULIH","PMH","PRABUMULIH SELATAN","PMH003","SS"
"SUMATERA UTARA","KAB. ASAHAN","MERANTI","SUMATERA UTARA","ASAHAN","ASH","MERANTI-ASH","ASH012","SU"
"SUMATERA UTARA","KAB. ASAHAN","AIR JOMAN","SUMATERA UTARA","ASAHAN","ASH","AIR JORMAN","ASH006","SU"
"SUMATERA UTARA","KAB. ASAHAN","TANJUNG BALAI","SUMATERA UTARA","ASAHAN","ASH","TANJUNG BALAI","ASH024","SU"
"SUMATERA UTARA","KAB. ASAHAN","SEI KEPAYANG","SUMATERA UTARA","ASAHAN","ASH","SEI KEPAYANG","ASH018","SU"
"SUMATERA UTARA","KAB. ASAHAN","SIMPANG EMPAT","SUMATERA UTARA","ASAHAN","ASH","SIMPANG EMPAT-ASH","ASH023","SU"
"SUMATERA UTARA","KAB. ASAHAN","AIR BATU","SUMATERA UTARA","ASAHAN","ASH","AIR BATU","ASH005","SU"
"SUMATERA UTARA","KAB. ASAHAN","PULAU RAKYAT","SUMATERA UTARA","ASAHAN","ASH","PULAU RAKYAT","ASH013","SU"
"SUMATERA UTARA","KAB. ASAHAN","BANDAR PULAU","SUMATERA UTARA","ASAHAN","ASH","BANDAR PULAU","ASH008","SU"
"SUMATERA UTARA","KAB. ASAHAN","BUNTU PANE","SUMATERA UTARA","ASAHAN","ASH","BUNTU PANE","ASH009","SU"
"SUMATERA UTARA","KAB. ASAHAN","BANDAR PASIR MANDOGE","SUMATERA UTARA","ASAHAN","ASH","BANDAR PASIR MANDOGE","ASH007","SU"
"SUMATERA UTARA","KAB. ASAHAN","AEK KUASAN","SUMATERA UTARA","ASAHAN","ASH","AEK KUASAN","ASH002","SU"
"SUMATERA UTARA","KAB. ASAHAN","KOTA KISARAN BARAT","SUMATERA UTARA","ASAHAN","ASH","KISARAN BARAT KOTA","ASH010","SU"
"SUMATERA UTARA","KAB. ASAHAN","KOTA KISARAN TIMUR","SUMATERA UTARA","ASAHAN","ASH","KISARAN TIMUR KOTA","ASH011","SU"
"SUMATERA UTARA","KAB. ASAHAN","AEK SONGSONGAN","SUMATERA UTARA","ASAHAN","ASH","AEK SONGSONGAN","ASH004","SU"
"SUMATERA UTARA","KAB. ASAHAN","RAHUNIG","SUMATERA UTARA","ASAHAN","ASH","RAHUNING","ASH015","SU"
"SUMATERA UTARA","KAB. ASAHAN","SEI DADAP","SUMATERA UTARA","ASAHAN","ASH","SEI DADAP","ASH017","SU"
"SUMATERA UTARA","KAB. ASAHAN","SEI KEPAYANG BARAT","SUMATERA UTARA","ASAHAN","ASH","SEI KEPAYANG BARAT","ASH019","SU"
"SUMATERA UTARA","KAB. ASAHAN","SEI KEPAYANG TIMUR","SUMATERA UTARA","ASAHAN","ASH","SEI KEPAYANG TIMUR","ASH020","SU"
"SUMATERA UTARA","KAB. ASAHAN","TINGGI RAJA","SUMATERA UTARA","ASAHAN","ASH","TINGGI RAJA","ASH026","SU"
"SUMATERA UTARA","KAB. ASAHAN","SETIA JANJI","SUMATERA UTARA","ASAHAN","ASH","SETIA JANJI","ASH021","SU"
"SUMATERA UTARA","KAB. ASAHAN","SILAU LAUT","SUMATERA UTARA","ASAHAN","ASH","SILAU LAUT","ASH022","SU"
"SUMATERA UTARA","KAB. ASAHAN","RAWANG PANCA ARGA","SUMATERA UTARA","ASAHAN","ASH","RAWANG PANCA ARGA","ASH016","SU"
"SUMATERA UTARA","KAB. ASAHAN","PULO BANDRING","SUMATERA UTARA","ASAHAN","ASH","PULO BANDRING","ASH014","SU"
"SUMATERA UTARA","KAB. ASAHAN","TELUK DALAM","SUMATERA UTARA","ASAHAN","ASH","TELUK DALAM-ASH","ASH025","SU"
"SUMATERA UTARA","KAB. ASAHAN","AEK LEDONG","SUMATERA UTARA","ASAHAN","ASH","AEK LEDONG","ASH003","SU"
"SUMATERA UTARA","KAB. BATU BARA","MEDANG DERAS","SUMATERA UTARA","BATU BARA","LIP","MEDANG DERAS","LIP003","SU"
"SUMATERA UTARA","KAB. BATU BARA","SEI SUKA","SUMATERA UTARA","BATU BARA","LIP","SEI SUKA","LIP005","SU"
"SUMATERA UTARA","KAB. BATU BARA","AIR PUTIH","SUMATERA UTARA","BATU BARA","LIP","AIR PUTIH","LIP001","SU"
"SUMATERA UTARA","KAB. BATU BARA","LIMA PULUH","SUMATERA UTARA","BATU BARA","LIP","LIMAPULUH","LIP002","SU"
"SUMATERA UTARA","KAB. BATU BARA","TALAWI","SUMATERA UTARA","BATU BARA","LIP","TALAWI-LIP","LIP006","SU"
"SUMATERA UTARA","KAB. BATU BARA","TANJUNG TIRAM","SUMATERA UTARA","BATU BARA","LIP","TANJUNG TIRAM","LIP007","SU"
"SUMATERA UTARA","KAB. BATU BARA","SEI BALAI","SUMATERA UTARA","BATU BARA","LIP","SEI BALAI","LIP004","SU"
"SUMATERA UTARA","KAB. DAIRI","SIDIKALANG","SUMATERA UTARA","DAIRI","ZIK","SIDIKALANG","ZIK006","SU"
"SUMATERA UTARA","KAB. DAIRI","SUMBUL","SUMATERA UTARA","DAIRI","ZIK","SUMBUL","ZIK013","SU"
"SUMATERA UTARA","KAB. DAIRI","TIGALINGGA","SUMATERA UTARA","DAIRI","ZIK","TIGA LINGGA","ZIK015","SU"
"SUMATERA UTARA","KAB. DAIRI","SIEMPAT NEMPU","SUMATERA UTARA","DAIRI","ZIK","SIEMPAT NEMPU","ZIK007","SU"
"SUMATERA UTARA","KAB. DAIRI","SILIMA PUNGGA PUNGGA","SUMATERA UTARA","DAIRI","ZIK","SILIMA PUNGGA-PUNGGA","ZIK011","SU"
"SUMATERA UTARA","KAB. DAIRI","TANAH PINEM","SUMATERA UTARA","DAIRI","ZIK","TANAH PINEM","ZIK014","SU"
"SUMATERA UTARA","KAB. DAIRI","SIEMPAT NEMPU HULU","SUMATERA UTARA","DAIRI","ZIK","SIEMPAT NEMPU HULU","ZIK009","SU"
"SUMATERA UTARA","KAB. DAIRI","SIEMPAT NEMPU HILIR","SUMATERA UTARA","DAIRI","ZIK","SIEMPAT NEMPU HILIR","ZIK008","SU"
"SUMATERA UTARA","KAB. DAIRI","PEGAGAN HILIR","SUMATERA UTARA","DAIRI","ZIK","PEGAGAN HILIR","ZIK005","SU"
"SUMATERA UTARA","KAB. DAIRI","PARBULUAN","SUMATERA UTARA","DAIRI","ZIK","PARBULUAN","ZIK004","SU"
"SUMATERA UTARA","KAB. DAIRI","LAE PARIRA","SUMATERA UTARA","DAIRI","ZIK","LAE PARIRA","ZIK003","SU"
"SUMATERA UTARA","KAB. DAIRI","GUNUNG SITEMBER","SUMATERA UTARA","DAIRI","ZIK","GUNUNG SITEMBER","ZIK002","SU"
"SUMATERA UTARA","KAB. DAIRI","BERAMPU","SUMATERA UTARA","DAIRI","ZIK","BERAMPU","ZIK001","SU"
"SUMATERA UTARA","KAB. DAIRI","SILAHISABUNGAN","SUMATERA UTARA","DAIRI","ZIK","SILAHISABUNGAN","ZIK010","SU"
"SUMATERA UTARA","KAB. DAIRI","SITINJO","SUMATERA UTARA","DAIRI","ZIK","SITINJO","ZIK012","SU"
"SUMATERA UTARA","KAB. DELI SERDANG","GUNUNG MERIAH","SUMATERA UTARA","DELI SERDANG","DES","GUNUNG MERIAH-LBK","DES006","SU"
"SUMATERA UTARA","KAB. DELI SERDANG","TANJUNG MORAWA","SUMATERA UTARA","DELI SERDANG","DES","TANJUNG MORAWA","DES001","SU"
"SUMATERA UTARA","KAB. DELI SERDANG","SIBOLANGIT","SUMATERA UTARA","DELI SERDANG","DES","SIBOLANGIT","DES014","SU"
"SUMATERA UTARA","KAB. DELI SERDANG","KUTALIMBARU","SUMATERA UTARA","DELI SERDANG","DES","KUTALIMBARU","DES008","SU"
"SUMATERA UTARA","KAB. DELI SERDANG","PANCUR BATU","SUMATERA UTARA","DELI SERDANG","DES","PANCUR BATU","DES012","SU"
"SUMATERA UTARA","KAB. DELI SERDANG","NAMORAMBE","SUMATERA UTARA","DELI SERDANG","DES","NAMO RAMBE","DES010","SU"
"SUMATERA UTARA","KAB. DELI SERDANG","SIBIRU-BIRU","SUMATERA UTARA","DELI SERDANG","DES","BIRU BIRU","DES004","SU"
"SUMATERA UTARA","KAB. DELI SERDANG","STM HILIR","SUMATERA UTARA","DELI SERDANG","DES","SINEMBAH TANJUNG MUDA HILIR","DES015","SU"
"SUMATERA UTARA","KAB. DELI SERDANG","BANGUN PURBA","SUMATERA UTARA","DELI SERDANG","DES","BANGUN PURBA-LBK","DES002","SU"
"SUMATERA UTARA","KAB. DELI SERDANG","GALANG","SUMATERA UTARA","LUBUK PAKAM","LBK","GALANG-LBK","LBK002","SU"
"SUMATERA UTARA","KAB. DELI SERDANG","STM HULU","SUMATERA UTARA","DELI SERDANG","DES","SINEMBAH TANJUNG MUDA HULU","DES016","SU"
"SUMATERA UTARA","KAB. DELI SERDANG","PATUMBAK","SUMATERA UTARA","DELI SERDANG","DES","PATUMBAK","DES013","SU"
"SUMATERA UTARA","KAB. DELI SERDANG","DELI TUA","SUMATERA UTARA","DELI SERDANG","DES","DELI TUA","DES005","SU"
"SUMATERA UTARA","KAB. DELI SERDANG","SUNGGAL","SUMATERA UTARA","DELI SERDANG","DES","SUNGGAL-LBK","DES017","SU"
"SUMATERA UTARA","KAB. DELI SERDANG","HAMPARAN PERAK","SUMATERA UTARA","DELI SERDANG","DES","HAMPARAN PERAK","DES007","SU"
"SUMATERA UTARA","KAB. DELI SERDANG","LABUHAN DELI","SUMATERA UTARA","DELI SERDANG","DES","LABUHAN DELI","DES009","SU"
"SUMATERA UTARA","KAB. DELI SERDANG","PERCUT SEI TUAN","SUMATERA UTARA","MEDAN","MES","PERCUT SEI TUAN","MES012","SU"
"SUMATERA UTARA","KAB. DELI SERDANG","BATANG KUIS","SUMATERA UTARA","LUBUK PAKAM","LBK","BATANG KUIS","LBK001","SU"
"SUMATERA UTARA","KAB. DELI SERDANG","LUBUK PAKAM","SUMATERA UTARA","LUBUK PAKAM","LBK","LUBUK PAKAM","LBK003","SU"
"SUMATERA UTARA","KAB. DELI SERDANG","PAGAR MERBAU","SUMATERA UTARA","DELI SERDANG","DES","PAGAR MERBAU","DES011","SU"
"SUMATERA UTARA","KAB. DELI SERDANG","PANTAI LABU","SUMATERA UTARA","LUBUK PAKAM","LBK","PANTAI LABU","LBK004","SU"
"SUMATERA UTARA","KAB. DELI SERDANG","BERINGIN","SUMATERA UTARA","DELI SERDANG","DES","BERINGIN","DES003","SU"
"SUMATERA UTARA","KAB. HUMBANG HASUNDUTAN","PARLILITAN","SUMATERA UTARA","HUMBANG HASUNDUTAN","DOS","PARLILITAN","DOS007","SU"
"SUMATERA UTARA","KAB. HUMBANG HASUNDUTAN","POLLUNG","SUMATERA UTARA","HUMBANG HASUNDUTAN","DOS","POLLUNG","DOS008","SU"
"SUMATERA UTARA","KAB. HUMBANG HASUNDUTAN","BAKTIRAJA","SUMATERA UTARA","HUMBANG HASUNDUTAN","DOS","BAKTI RAJA","DOS001","SU"
"SUMATERA UTARA","KAB. HUMBANG HASUNDUTAN","PARANGINAN","SUMATERA UTARA","HUMBANG HASUNDUTAN","DOS","PARANGINAN","DOS006","SU"
"SUMATERA UTARA","KAB. HUMBANG HASUNDUTAN","LINTONG NIHUTA","SUMATERA UTARA","HUMBANG HASUNDUTAN","DOS","LINTONG NIHUTA","DOS003","SU"
"SUMATERA UTARA","KAB. HUMBANG HASUNDUTAN","DOLOK SANGGUL","SUMATERA UTARA","HUMBANG HASUNDUTAN","DOS","DOLOK SANGGUL","DOS002","SU"
"SUMATERA UTARA","KAB. HUMBANG HASUNDUTAN","SIJAMAPOLANG","SUMATERA UTARA","HUMBANG HASUNDUTAN","DOS","SIJAMA POLANG","DOS009","SU"
"SUMATERA UTARA","KAB. HUMBANG HASUNDUTAN","ONAN GANJANG","SUMATERA UTARA","HUMBANG HASUNDUTAN","DOS","ONAN GANJANG","DOS004","SU"
"SUMATERA UTARA","KAB. HUMBANG HASUNDUTAN","PAKKAT","SUMATERA UTARA","HUMBANG HASUNDUTAN","DOS","PAKKAT","DOS005","SU"
"SUMATERA UTARA","KAB. HUMBANG HASUNDUTAN","TARABINTANG","SUMATERA UTARA","HUMBANG HASUNDUTAN","DOS","TARA BINTANG","DOS010","SU"
"SUMATERA UTARA","KAB. KARO","KABANJAHE","SUMATERA UTARA","KARO","KJE","KABANJAHE","KJE004","SU"
"SUMATERA UTARA","KAB. KARO","BERASTAGI","SUMATERA UTARA","KARO","KJE","BRASTAGI","KJE001","SU"
"SUMATERA UTARA","KAB. KARO","BARUSJAHE","SUMATERA UTARA","KARO","KJE","BARUS JAHE","KJE017","SU"
"SUMATERA UTARA","KAB. KARO","TIGAPANAH","SUMATERA UTARA","KARO","KJE","TIGA PANAH","KJE015","SU"
"SUMATERA UTARA","KAB. KARO","MEREK","SUMATERA UTARA","KARO","KJE","MEREK","KJE009","SU"
"SUMATERA UTARA","KAB. KARO","MUNTE","SUMATERA UTARA","KARO","KJE","MUNTE","KJE010","SU"
"SUMATERA UTARA","KAB. KARO","JUHAR","SUMATERA UTARA","KARO","KJE","JUHAR","KJE003","SU"
"SUMATERA UTARA","KAB. KARO","TIGABINANGA","SUMATERA UTARA","KARO","KJE","TIGA BINANGA","KJE014","SU"
"SUMATERA UTARA","KAB. KARO","LAUBALENG","SUMATERA UTARA","KARO","KJE","LAU BALENG","KJE006","SU"
"SUMATERA UTARA","KAB. KARO","MARDINGDING","SUMATERA UTARA","KARO","KJE","MARDINDING","KJE007","SU"
"SUMATERA UTARA","KAB. KARO","PAYUNG","SUMATERA UTARA","KARO","KJE","PAYUNG-KJE","KJE012","SU"
"SUMATERA UTARA","KAB. KARO","SIMPANG EMPAT","SUMATERA UTARA","KARO","KJE","SIMPANG EMPAT-KJE","KJE013","SU"
"SUMATERA UTARA","KAB. KARO","KUTABULUH","SUMATERA UTARA","KARO","KJE","KUTA BULUH","KJE005","SU"
"SUMATERA UTARA","KAB. KARO","DOLAT RAYAT","SUMATERA UTARA","KARO","KJE","DOLAT RAKYAT","KJE002","SU"
"SUMATERA UTARA","KAB. KARO","MERDEKA","SUMATERA UTARA","KARO","KJE","MERDEKA","KJE008","SU"
"SUMATERA UTARA","KAB. KARO","NAMAN TERAN","SUMATERA UTARA","KARO","KJE","NAMA TERAN","KJE011","SU"
"SUMATERA UTARA","KAB. KARO","TIGANDERKET","SUMATERA UTARA","KARO","KJE","TIGANDERKET","KJE016","SU"
"SUMATERA UTARA","KAB. LABUHANBATU","RANTAU UTARA","SUMATERA UTARA","LABUAN BATU","RPT","RANTAU UTARA","RPT009","SU"
"SUMATERA UTARA","KAB. LABUHANBATU","RANTAU SELATAN","SUMATERA UTARA","LABUAN BATU","RPT","RANTAU SELATAN","RPT008","SU"
"SUMATERA UTARA","KAB. LABUHANBATU","BILAH BARAT","SUMATERA UTARA","LABUAN BATU","RPT","BILAH BARAT","RPT001","SU"
"SUMATERA UTARA","KAB. LABUHANBATU","BILAH HILIR","SUMATERA UTARA","LABUAN BATU","RPT","BILAH HILIR","RPT002","SU"
"SUMATERA UTARA","KAB. LABUHANBATU","BILAH HULU","SUMATERA UTARA","LABUAN BATU","RPT","BILAH HULU","RPT003","SU"
"SUMATERA UTARA","KAB. LABUHANBATU","PANGKATAN","SUMATERA UTARA","LABUAN BATU","RPT","PANGKATAN","RPT007","SU"
"SUMATERA UTARA","KAB. LABUHANBATU","PANAI TENGAH","SUMATERA UTARA","LABUAN BATU","RPT","PANAI TENGAH","RPT006","SU"
"SUMATERA UTARA","KAB. LABUHANBATU","PANAI HILIR","SUMATERA UTARA","LABUAN BATU","RPT","PANAI HILIR","RPT004","SU"
"SUMATERA UTARA","KAB. LABUHANBATU","PANAI HULU","SUMATERA UTARA","LABUAN BATU","RPT","PANAI HULU","RPT005","SU"
"SUMATERA UTARA","KAB. LABUHANBATU SELATAN","KOTAPINANG","SUMATERA UTARA","LABUHAN BATU SELATAN","KPG","KOTA PINANG","KPG002","SU"
"SUMATERA UTARA","KAB. LABUHANBATU SELATAN","KAMPUNG RAKYAT","SUMATERA UTARA","LABUHAN BATU SELATAN","KPG","KAMPUNG RAKYAT","KPG001","SU"
"SUMATERA UTARA","KAB. LABUHANBATU SELATAN","TORGAMBA","SUMATERA UTARA","LABUHAN BATU SELATAN","KPG","TORGAMBA","KPG005","SU"
"SUMATERA UTARA","KAB. LABUHANBATU SELATAN","SUNGAI KANAN","SUMATERA UTARA","LABUHAN BATU SELATAN","KPG","SEI SUNGAI KANAN","KPG003","SU"
"SUMATERA UTARA","KAB. LABUHANBATU SELATAN","SILANGKITANG","SUMATERA UTARA","LABUHAN BATU SELATAN","KPG","SILANGKITANG","KPG004","SU"
"SUMATERA UTARA","KAB. LABUHANBATU UTARA","KUALUH HULU","SUMATERA UTARA","LABUHAN BATU UTARA","AEK","KUALUH HULU","AEK004","SU"
"SUMATERA UTARA","KAB. LABUHANBATU UTARA","KUALUH LEIDONG","SUMATERA UTARA","LABUHAN BATU UTARA","AEK","KUALA LEDONG","AEK005","SU"
"SUMATERA UTARA","KAB. LABUHANBATU UTARA","KUALUH HILIR","SUMATERA UTARA","LABUHAN BATU UTARA","AEK","KUALUH HILIR","AEK003","SU"
"SUMATERA UTARA","KAB. LABUHANBATU UTARA","AEK KUO","SUMATERA UTARA","LABUHAN BATU UTARA","AEK","AEK KUO","AEK001","SU"
"SUMATERA UTARA","KAB. LABUHANBATU UTARA","MARBAU","SUMATERA UTARA","LABUHAN BATU UTARA","AEK","MARBAU","AEK007","SU"
"SUMATERA UTARA","KAB. LABUHANBATU UTARA","NA IX - X","SUMATERA UTARA","LABUHAN BATU UTARA","AEK","NA IX X","AEK008","SU"
"SUMATERA UTARA","KAB. LABUHANBATU UTARA","AEK NATAS","SUMATERA UTARA","LABUHAN BATU UTARA","AEK","AEK NATAS","AEK002","SU"
"SUMATERA UTARA","KAB. LABUHANBATU UTARA","KUALUH SELATAN","SUMATERA UTARA","LABUHAN BATU UTARA","AEK","KUALUH SELATAN","AEK006","SU"
"SUMATERA UTARA","KAB. LANGKAT","BAHOROK","SUMATERA UTARA","LANGKAT","PKD","BAHOROK","PKD002","SU"
"SUMATERA UTARA","KAB. LANGKAT","SALAPIAN","SUMATERA UTARA","LANGKAT","PKD","SALAPIAN","PKD014","SU"
"SUMATERA UTARA","KAB. LANGKAT","KUALA","SUMATERA UTARA","LANGKAT","PKD","KUALA-PKD","PKD009","SU"
"SUMATERA UTARA","KAB. LANGKAT","SEI BINGEI","SUMATERA UTARA","LANGKAT","PKD","SEI BINGE","PKD017","SU"
"SUMATERA UTARA","KAB. LANGKAT","BINJAI","SUMATERA UTARA","LANGKAT","PKD","BINJAI","PKD005","SU"
"SUMATERA UTARA","KAB. LANGKAT","SELESAI","SUMATERA UTARA","LANGKAT","PKD","SELESAI","PKD019","SU"
"SUMATERA UTARA","KAB. LANGKAT","STABAT","SUMATERA UTARA","STABAT","SBX","STABAT","SBX001","SU"
"SUMATERA UTARA","KAB. LANGKAT","WAMPU","SUMATERA UTARA","LANGKAT","PKD","WAMPU","PKD021","SU"
"SUMATERA UTARA","KAB. LANGKAT","SECANGGANG","SUMATERA UTARA","LANGKAT","PKD","SECANGGANG","PKD016","SU"
"SUMATERA UTARA","KAB. LANGKAT","HINAI","SUMATERA UTARA","LANGKAT","PKD","HINAI","PKD008","SU"
"SUMATERA UTARA","KAB. LANGKAT","TANJUNG PURA","SUMATERA UTARA","LANGKAT","PKD","TANJUNGPURA","PKD022","SU"
"SUMATERA UTARA","KAB. LANGKAT","PADANG TUALANG","SUMATERA UTARA","LANGKAT","PKD","PADANG TUALANG","PKD011","SU"
"SUMATERA UTARA","KAB. LANGKAT","GEBANG","SUMATERA UTARA","LANGKAT","PKD","GEBANG-PKD","PKD007","SU"
"SUMATERA UTARA","KAB. LANGKAT","BABALAN","SUMATERA UTARA","LANGKAT","PKD","BABALAN","PKD001","SU"
"SUMATERA UTARA","KAB. LANGKAT","PANGKALAN SUSU","SUMATERA UTARA","LANGKAT","PKD","PANGKALAN SUSU","PKD012","SU"
"SUMATERA UTARA","KAB. LANGKAT","BESITANG","SUMATERA UTARA","LANGKAT","PKD","BESITANG","PKD004","SU"
"SUMATERA UTARA","KAB. LANGKAT","SEI LEPAN","SUMATERA UTARA","LANGKAT","PKD","SEI LEPAN","PKD018","SU"
"SUMATERA UTARA","KAB. LANGKAT","BERANDAN BARAT","SUMATERA UTARA","LANGKAT","PKD","BRANDAN BARAT","PKD006","SU"
"SUMATERA UTARA","KAB. LANGKAT","BATANG SERANGAN","SUMATERA UTARA","LANGKAT","PKD","BATANG SERANGAN","PKD003","SU"
"SUMATERA UTARA","KAB. LANGKAT","SAWIT SEBERANG","SUMATERA UTARA","LANGKAT","PKD","SAWIT SEBERANG","PKD015","SU"
"SUMATERA UTARA","KAB. LANGKAT","SIRAPIT","SUMATERA UTARA","LANGKAT","PKD","SIRAPIT","PKD020","SU"
"SUMATERA UTARA","KAB. LANGKAT","KUTAMBARU","SUMATERA UTARA","LANGKAT","PKD","KUTAMBARU","PKD010","SU"
"SUMATERA UTARA","KAB. LANGKAT","PEMATANG JAYA","SUMATERA UTARA","LANGKAT","PKD","PEMATANG JAYA","PKD013","SU"
"SUMATERA UTARA","KAB. MANDAILING NATAL","PANYABUNGAN","SUMATERA UTARA","MANDAILING NATAL","PYY","PANYABUNGAN KOTA","PYY011","SU"
"SUMATERA UTARA","KAB. MANDAILING NATAL","PANYABUNGAN UTARA","SUMATERA UTARA","MANDAILING NATAL","PYY","PANYABUNGAN UTARA","PYY014","SU"
"SUMATERA UTARA","KAB. MANDAILING NATAL","PANYABUNGAN TIMUR","SUMATERA UTARA","MANDAILING NATAL","PYY","PANYABUNGAN TIMUR","PYY013","SU"
"SUMATERA UTARA","KAB. MANDAILING NATAL","PANYABUNGAN SELATAN","SUMATERA UTARA","MANDAILING NATAL","PYY","PANYABUNGAN SELATAN","PYY012","SU"
"SUMATERA UTARA","KAB. MANDAILING NATAL","PANYABUNGAN BARAT","SUMATERA UTARA","MANDAILING NATAL","PYY","PANYABUNGAN BARAT","PYY010","SU"
"SUMATERA UTARA","KAB. MANDAILING NATAL","SIABU","SUMATERA UTARA","MANDAILING NATAL","PYY","SIABU","PYY015","SU"
"SUMATERA UTARA","KAB. MANDAILING NATAL","BUKIT MALINTANG","SUMATERA UTARA","MANDAILING NATAL","PYY","BUKIT MALINTANG","PYY003","SU"
"SUMATERA UTARA","KAB. MANDAILING NATAL","KOTANOPAN","SUMATERA UTARA","MANDAILING NATAL","PYY","KOTANOPAN","PYY004","SU"
"SUMATERA UTARA","KAB. MANDAILING NATAL","LEMBAH SORIK MARAPI","SUMATERA UTARA","MANDAILING NATAL","PYY","LEMBAH SORIK MERAPI","PYY006","SU"
"SUMATERA UTARA","KAB. MANDAILING NATAL","TAMBANGAN","SUMATERA UTARA","MANDAILING NATAL","PYY","TAMBANGAN","PYY016","SU"
"SUMATERA UTARA","KAB. MANDAILING NATAL","ULU PUNGKUT","SUMATERA UTARA","MANDAILING NATAL","PYY","ULU PUNGKUT","PYY017","SU"
"SUMATERA UTARA","KAB. MANDAILING NATAL","MUARA SIPONGI","SUMATERA UTARA","MANDAILING NATAL","PYY","MUARA SIPONGI","PYY008","SU"
"SUMATERA UTARA","KAB. MANDAILING NATAL","BATANG NATAL","SUMATERA UTARA","MANDAILING NATAL","PYY","BATANG NATAL","PYY002","SU"
"SUMATERA UTARA","KAB. MANDAILING NATAL","LINGGA BAYU","SUMATERA UTARA","MANDAILING NATAL","PYY","LANGGA BAYU","PYY005","SU"
"SUMATERA UTARA","KAB. MANDAILING NATAL","BATAHAN","SUMATERA UTARA","MANDAILING NATAL","PYY","BATAHAN","PYY001","SU"
"SUMATERA UTARA","KAB. MANDAILING NATAL","NATAL","SUMATERA UTARA","MANDAILING NATAL","PYY","NATAL","PYY009","SU"
"SUMATERA UTARA","KAB. MANDAILING NATAL","MUARA BATANG GADIS","SUMATERA UTARA","MANDAILING NATAL","PYY","MUARA BATANG GADIS","PYY007","SU"
"SUMATERA UTARA","KAB. MANDAILING NATAL","RANTO BAEK","SUMATERA UTARA","MANDAILING NATAL","PYY","RANTO BAEK","PYY021","SU"
"SUMATERA UTARA","KAB. MANDAILING NATAL","HUTA BARGOT","SUMATERA UTARA","MANDAILING NATAL","PYY","HUTA BARGOT","PYY018","SU"
"SUMATERA UTARA","KAB. MANDAILING NATAL","PUNCAK SORIK MARAPI","SUMATERA UTARA","MANDAILING NATAL","PYY","PUNCAK SORIK MARAPI","PYY022","SU"
"SUMATERA UTARA","KAB. MANDAILING NATAL","PAKANTAN","SUMATERA UTARA","MANDAILING NATAL","PYY","PAKANTAN","PYY020","SU"
"SUMATERA UTARA","KAB. MANDAILING NATAL","SINUNUKAN","SUMATERA UTARA","MANDAILING NATAL","PYY","SINUNUKAN","PYY023","SU"
"SUMATERA UTARA","KAB. MANDAILING NATAL","NAGA JUANG","SUMATERA UTARA","MANDAILING NATAL","PYY","NAGA JUANG","PYY019","SU"
"SUMATERA UTARA","KAB. NIAS","HILIDUHO","SUMATERA UTARA","NIAS BARAT","LHM","HILIDUHO","LHM013","SU"
"SUMATERA UTARA","KAB. NIAS","GIDO","SUMATERA UTARA","NIAS BARAT","LHM","GIDO","LHM011","SU"
"SUMATERA UTARA","KAB. NIAS","IDANOGAWO","SUMATERA UTARA","NIAS BARAT","LHM","IDANO GAWO","LHM014","SU"
"SUMATERA UTARA","KAB. NIAS","BAWOLATO","SUMATERA UTARA","NIAS BARAT","LHM","BAWOLATO","LHM009","SU"
"SUMATERA UTARA","KAB. NIAS","HILISERANGKAI","SUMATERA UTARA","NIAS BARAT","LHM","HILI SERANGKAI","LHM012","SU"
"SUMATERA UTARA","KAB. NIAS","BOTOMUZOI","SUMATERA UTARA","NIAS BARAT","LHM","BOTOMUZOI","LHM010","SU"
"SUMATERA UTARA","KAB. NIAS","ULUGAWO","SUMATERA UTARA","NIAS BARAT","LHM","ULUGAWO","LHM017","SU"
"SUMATERA UTARA","KAB. NIAS","MA'U","SUMATERA UTARA","NIAS BARAT","LHM","MA U","LHM015","SU"
"SUMATERA UTARA","KAB. NIAS","SOMOLO-MOLO","SUMATERA UTARA","NIAS SELATAN","TED","SOMOLO-MOLO","TED032","SU"
"SUMATERA UTARA","KAB. NIAS","SOGAE'ADU","SUMATERA UTARA","NIAS BARAT","LHM","SOGAE ADU","LHM016","SU"
"SUMATERA UTARA","KAB. NIAS BARAT","LAHOMI","SUMATERA UTARA","NIAS BARAT","LHM","LAHOMI","LHM008","SU"
"SUMATERA UTARA","KAB. NIAS BARAT","SIROMBU","SUMATERA UTARA","NIAS BARAT","LHM","SIROMBU","LHM006","SU"
"SUMATERA UTARA","KAB. NIAS BARAT","MANDREHE BARAT","SUMATERA UTARA","NIAS BARAT","LHM","MANDREHE BARAT","LHM003","SU"
"SUMATERA UTARA","KAB. NIAS BARAT","MORO'O","SUMATERA UTARA","NIAS BARAT","LHM","MORO O","LHM005","SU"
"SUMATERA UTARA","KAB. NIAS BARAT","MANDREHE","SUMATERA UTARA","NIAS BARAT","LHM","MANDREHE","LHM002","SU"
"SUMATERA UTARA","KAB. NIAS BARAT","MANDREHE UTARA","SUMATERA UTARA","NIAS BARAT","LHM","MANDREHE UTARA","LHM004","SU"
"SUMATERA UTARA","KAB. NIAS BARAT","LOLOFITU MOI","SUMATERA UTARA","NIAS BARAT","LHM","LOLOFITU MOI","LHM001","SU"
"SUMATERA UTARA","KAB. NIAS BARAT","ULU MORO'O","SUMATERA UTARA","NIAS BARAT","LHM","ULU MORO O","LHM007","SU"
"SUMATERA UTARA","KAB. NIAS SELATAN","MANIAMOLO","SUMATERA UTARA","NIAS SELATAN","TED","MANIAMOLO","TED010","SU"
"SUMATERA UTARA","KAB. NIAS SELATAN","LOLOMATUA","SUMATERA UTARA","NIAS SELATAN","TED","LOLOMATUA","TED008","SU"
"SUMATERA UTARA","KAB. NIAS SELATAN","GOMO","SUMATERA UTARA","NIAS SELATAN","TED","GOMO","TED004","SU"
"SUMATERA UTARA","KAB. NIAS SELATAN","LAHUSA","SUMATERA UTARA","NIAS SELATAN","TED","LAHUSA","TED007","SU"
"SUMATERA UTARA","KAB. NIAS SELATAN","HIBALA","SUMATERA UTARA","NIAS SELATAN","TED","HIBALA","TED005","SU"
"SUMATERA UTARA","KAB. NIAS SELATAN","PULAU-PULAU BATU","SUMATERA UTARA","NIAS SELATAN","TED","PULAU PULAU BATU","TED013","SU"
"SUMATERA UTARA","KAB. NIAS SELATAN","TELUK DALAM","SUMATERA UTARA","NIAS SELATAN","TED","TELUK DALAM-TED","TED016","SU"
"SUMATERA UTARA","KAB. NIAS SELATAN","AMANDRAYA","SUMATERA UTARA","NIAS SELATAN","TED","AMANDRAYA","TED001","SU"
"SUMATERA UTARA","KAB. NIAS SELATAN","LOLOWAU","SUMATERA UTARA","NIAS SELATAN","TED","LOLOWAU","TED009","SU"
"SUMATERA UTARA","KAB. NIAS SELATAN","SUSUA","SUMATERA UTARA","NIAS SELATAN","TED","SUSUA","TED015","SU"
"SUMATERA UTARA","KAB. NIAS SELATAN","HILIMEGAI","SUMATERA UTARA","NIAS SELATAN","TED","HILIMEGAI","TED006","SU"
"SUMATERA UTARA","KAB. NIAS SELATAN","TOMA","SUMATERA UTARA","NIAS SELATAN","TED","TOMA","TED017","SU"
"SUMATERA UTARA","KAB. NIAS SELATAN","MAZINO","SUMATERA UTARA","NIAS SELATAN","TED","MAZINO","TED011","SU"
"SUMATERA UTARA","KAB. NIAS SELATAN","UMBUNASI","SUMATERA UTARA","NIAS SELATAN","TED","UMBUNASI","TED018","SU"
"SUMATERA UTARA","KAB. NIAS SELATAN","ARAMO","SUMATERA UTARA","NIAS SELATAN","TED","ARAMO","TED002","SU"
"SUMATERA UTARA","KAB. NIAS SELATAN","PULAU-PULAU BATU TIMUR","SUMATERA UTARA","NIAS SELATAN","TED","PULAU PULAU BATU TIMUR","TED014","SU"
"SUMATERA UTARA","KAB. NIAS SELATAN","MAZO","SUMATERA UTARA","NIAS SELATAN","TED","MAZO","TED012","SU"
"SUMATERA UTARA","KAB. NIAS SELATAN","FANAYAMA","SUMATERA UTARA","NIAS SELATAN","TED","FANAYAMA","TED003","SU"
"SUMATERA UTARA","KAB. NIAS SELATAN","ULUNOYO","SUMATERA UTARA","NIAS SELATAN","TED","ULUNOYO","TED030","SU"
"SUMATERA UTARA","KAB. NIAS SELATAN","HURUNA","SUMATERA UTARA","NIAS SELATAN","TED","HURUNA","TED021","SU"
"SUMATERA UTARA","KAB. NIAS SELATAN","O'O'U","SUMATERA UTARA","NIAS SELATAN","TED","OOU","TED022","SU"
"SUMATERA UTARA","KAB. NIAS SELATAN","ONOHAZUMBA","SUMATERA UTARA","NIAS SELATAN","TED","ONOHAZUMBA","TED023","SU"
"SUMATERA UTARA","KAB. NIAS SELATAN","HILISALAWA'AHE","SUMATERA UTARA","NIAS SELATAN","TED","HILISALAWA AHE","TED020","SU"
"SUMATERA UTARA","KAB. NIAS SELATAN","ULUSUSUA","SUMATERA UTARA","NIAS SELATAN","TED","ULUSUSUA","TED031","SU"
"SUMATERA UTARA","KAB. NIAS SELATAN","SIDUA'ORI","SUMATERA UTARA","NIAS SELATAN","TED","SIDUAORI","TED026","SU"
"SUMATERA UTARA","KAB. NIAS SELATAN","SOMAMBAWA","SUMATERA UTARA","NIAS SELATAN","TED","SOMAMBAWA","TED028","SU"
"SUMATERA UTARA","KAB. NIAS SELATAN","BORONADU","SUMATERA UTARA","NIAS SELATAN","TED","BOROMADU","TED019","SU"
"SUMATERA UTARA","KAB. NIAS SELATAN","SIMUK","SUMATERA UTARA","NIAS SELATAN","TED","SIMUK","TED027","SU"
"SUMATERA UTARA","KAB. NIAS SELATAN","PULAU-PULAU BATU BARAT","SUMATERA UTARA","NIAS SELATAN","TED","PULAU PULAU BATU BARAT","TED025","SU"
"SUMATERA UTARA","KAB. NIAS SELATAN","PULAU-PULAU BATU UTARA","SUMATERA UTARA","NIAS SELATAN","TED","PULAU PULAU BATU UTARA","TED024","SU"
"SUMATERA UTARA","KAB. NIAS SELATAN","TANAH MASA","SUMATERA UTARA","NIAS SELATAN","TED","TANAH MASA","TED029","SU"
"SUMATERA UTARA","KAB. NIAS UTARA","LOTU","SUMATERA UTARA","NIAS UTARA","LOT","LOTU","LOT005","SU"
"SUMATERA UTARA","KAB. NIAS UTARA","SAWO","SUMATERA UTARA","NIAS UTARA","LOT","SAWO","LOT007","SU"
"SUMATERA UTARA","KAB. NIAS UTARA","TUHEMBERUA","SUMATERA UTARA","NIAS UTARA","LOT","TUHEMBERUA","LOT010","SU"
"SUMATERA UTARA","KAB. NIAS UTARA","SITOLU ORI","SUMATERA UTARA","NIAS UTARA","LOT","SITOLU ARI","LOT008","SU"
"SUMATERA UTARA","KAB. NIAS UTARA","NAMOHALU ESIWA","SUMATERA UTARA","NIAS UTARA","LOT","NAMOHALU ESIWA","LOT006","SU"
"SUMATERA UTARA","KAB. NIAS UTARA","ALASA TALUMUZOI","SUMATERA UTARA","NIAS UTARA","LOT","ALASA TALUMUZOI","LOT002","SU"
"SUMATERA UTARA","KAB. NIAS UTARA","ALASA","SUMATERA UTARA","NIAS UTARA","LOT","ALASA","LOT001","SU"
"SUMATERA UTARA","KAB. NIAS UTARA","TUGALA OYO","SUMATERA UTARA","NIAS UTARA","LOT","TUGALA OYO","LOT009","SU"
"SUMATERA UTARA","KAB. NIAS UTARA","AFULU","SUMATERA UTARA","NIAS UTARA","LOT","AFULU","LOT011","SU"
"SUMATERA UTARA","KAB. NIAS UTARA","LAHEWA","SUMATERA UTARA","NIAS UTARA","LOT","LAHEWA","LOT003","SU"
"SUMATERA UTARA","KAB. NIAS UTARA","LAHEWA TIMUR","SUMATERA UTARA","NIAS UTARA","LOT","LAHEWA TIMUR","LOT004","SU"
"SUMATERA UTARA","KAB. PADANG LAWAS","SOSOPAN","SUMATERA UTARA","PADANG LAWAS","SBH","SOSOPAN","SBH008","SU"
"SUMATERA UTARA","KAB. PADANG LAWAS","BARUMUN TENGAH","SUMATERA UTARA","PADANG LAWAS","SBH","BARUMUN TENGAH","SBH002","SU"
"SUMATERA UTARA","KAB. PADANG LAWAS","HURISTAK","SUMATERA UTARA","PADANG LAWAS","SBH","HURISTAK","SBH004","SU"
"SUMATERA UTARA","KAB. PADANG LAWAS","LUBUK BARUMUN","SUMATERA UTARA","PADANG LAWAS","SBH","LUBUK BARUMUN","SBH006","SU"
"SUMATERA UTARA","KAB. PADANG LAWAS","HUTA RAJA TINGGI","SUMATERA UTARA","PADANG LAWAS","SBH","HUTA RAJA TINGGI","SBH005","SU"
"SUMATERA UTARA","KAB. PADANG LAWAS","ULU BARUMUN","SUMATERA UTARA","PADANG LAWAS","SBH","ULU BARUMUN","SBH009","SU"
"SUMATERA UTARA","KAB. PADANG LAWAS","BARUMUN","SUMATERA UTARA","PADANG LAWAS","SBH","BARUMUN","SBH001","SU"
"SUMATERA UTARA","KAB. PADANG LAWAS","SOSA","SUMATERA UTARA","PADANG LAWAS","SBH","SOSA","SBH007","SU"
"SUMATERA UTARA","KAB. PADANG LAWAS","BATANG LUBU SUTAM","SUMATERA UTARA","PADANG LAWAS","SBH","BATANG LUBU SUTAM","SBH003","SU"
"SUMATERA UTARA","KAB. PADANG LAWAS","BARUMUN SELATAN","SUMATERA UTARA","PADANG LAWAS","SBH","BARUMUN SELATAN","SBH011","SU"
"SUMATERA UTARA","KAB. PADANG LAWAS","AEK NABARA BARUMUN","SUMATERA UTARA","PADANG LAWAS","SBH","AEK NABARA BARUMUN","SBH010","SU"
"SUMATERA UTARA","KAB. PADANG LAWAS","SIHAPAS BARUMUN","SUMATERA UTARA","PADANG LAWAS","SBH","SIHAPAS BARUMUN","SBH012","SU"
"SUMATERA UTARA","KAB. PADANG LAWAS UTARA","DOLOK SIGOMPULON","SUMATERA UTARA","PADANG LAWAS UTARA","GNT","DOLOK SIGOMPULON","GNT003","SU"
"SUMATERA UTARA","KAB. PADANG LAWAS UTARA","DOLOK","SUMATERA UTARA","PADANG LAWAS UTARA","GNT","DOLOK","GNT002","SU"
"SUMATERA UTARA","KAB. PADANG LAWAS UTARA","HALONGONAN","SUMATERA UTARA","PADANG LAWAS UTARA","GNT","HALONGONAN","GNT004","SU"
"SUMATERA UTARA","KAB. PADANG LAWAS UTARA","PADANG BOLAK","SUMATERA UTARA","PADANG LAWAS UTARA","GNT","PADANG BOLAK","GNT006","SU"
"SUMATERA UTARA","KAB. PADANG LAWAS UTARA","PADANG BOLAK JULU","SUMATERA UTARA","PADANG LAWAS UTARA","GNT","PADANG BOLAK JULU","GNT007","SU"
"SUMATERA UTARA","KAB. PADANG LAWAS UTARA","PORTIBI","SUMATERA UTARA","PADANG LAWAS UTARA","GNT","PORTIBI","GNT008","SU"
"SUMATERA UTARA","KAB. PADANG LAWAS UTARA","BATANG ONANG","SUMATERA UTARA","PADANG LAWAS UTARA","GNT","BATANG ONANG","GNT001","SU"
"SUMATERA UTARA","KAB. PADANG LAWAS UTARA","SIMANGAMBAT","SUMATERA UTARA","PADANG LAWAS UTARA","GNT","SIMANGAMBAT","GNT009","SU"
"SUMATERA UTARA","KAB. PADANG LAWAS UTARA","HULU SIHAPAS","SUMATERA UTARA","PADANG LAWAS UTARA","GNT","HULU SIHAPAS","GNT005","SU"
"SUMATERA UTARA","KAB. PAKPAK BHARAT","SITELU TALI URANG JEHE","SUMATERA UTARA","PAKPAK BHARAT","SLK","SITELLU TALI URANG JEHE","SLK006","SU"
"SUMATERA UTARA","KAB. PAKPAK BHARAT","KERAJAAN","SUMATERA UTARA","PAKPAK BHARAT","SLK","KERAJAAN","SLK001","SU"
"SUMATERA UTARA","KAB. PAKPAK BHARAT","SALAK","SUMATERA UTARA","PAKPAK BHARAT","SLK","SALAK","SLK004","SU"
"SUMATERA UTARA","KAB. PAKPAK BHARAT","SITELU TALI URANG JULU","SUMATERA UTARA","PAKPAK BHARAT","SLK","SITELLU TALI URANG JULU","SLK007","SU"
"SUMATERA UTARA","KAB. PAKPAK BHARAT","PERGETTENG GETTENG SENGKUT","SUMATERA UTARA","PAKPAK BHARAT","SLK","PERGETTENG GETTENG SENGKUT","SLK003","SU"
"SUMATERA UTARA","KAB. PAKPAK BHARAT","PAGINDAR","SUMATERA UTARA","PAKPAK BHARAT","SLK","PAGINDAR","SLK002","SU"
"SUMATERA UTARA","KAB. PAKPAK BHARAT","TINADA","SUMATERA UTARA","PAKPAK BHARAT","SLK","TINADA","SLK008","SU"
"SUMATERA UTARA","KAB. PAKPAK BHARAT","SIEMPAT RUBE","SUMATERA UTARA","PAKPAK BHARAT","SLK","SIEMPAT RUBE","SLK005","SU"
"SUMATERA UTARA","KAB. SAMOSIR","SIMANINDO","SUMATERA UTARA","SAMOSIR","PNG","SIMANINDO","PNG008","SU"
"SUMATERA UTARA","KAB. SAMOSIR","ONAN RUNGGU","SUMATERA UTARA","SAMOSIR","PNG","ONAN RUNGGU","PNG003","SU"
"SUMATERA UTARA","KAB. SAMOSIR","NAINGGOLAN","SUMATERA UTARA","SAMOSIR","PNG","NAINGGOLAN","PNG002","SU"
"SUMATERA UTARA","KAB. SAMOSIR","PALIPI","SUMATERA UTARA","SAMOSIR","PNG","PALIPI","PNG004","SU"
"SUMATERA UTARA","KAB. SAMOSIR","HARIAN","SUMATERA UTARA","SAMOSIR","PNG","HARIAN","PNG001","SU"
"SUMATERA UTARA","KAB. SAMOSIR","SIANJAR MULA MULA","SUMATERA UTARA","SAMOSIR","PNG","SIANJUR MULA-MULA","PNG007","SU"
"SUMATERA UTARA","KAB. SAMOSIR","RONGGUR NIHUTA","SUMATERA UTARA","SAMOSIR","PNG","RONGGUR NIHUTA","PNG006","SU"
"SUMATERA UTARA","KAB. SAMOSIR","PANGURURAN","SUMATERA UTARA","SAMOSIR","PNG","PANGURURAN","PNG005","SU"
"SUMATERA UTARA","KAB. SAMOSIR","SITIO-TIO","SUMATERA UTARA","SAMOSIR","PNG","SITIO-TIO","PNG009","SU"
"SUMATERA UTARA","KAB. SERDANG BEDAGAI","PANTAI CERMIN","SUMATERA UTARA","SERDANG BEDAGAI","SER","PANTAI CERMIN-SER","SER006","SU"
"SUMATERA UTARA","KAB. SERDANG BEDAGAI","PERBAUNGAN","SUMATERA UTARA","SERDANG BEDAGAI","SER","PERBAUNGAN","SER008","SU"
"SUMATERA UTARA","KAB. SERDANG BEDAGAI","TELUK MENGKUDU","SUMATERA UTARA","SERDANG BEDAGAI","SER","TELUK MENGKUDU","SER017","SU"
"SUMATERA UTARA","KAB. SERDANG BEDAGAI","SEI RAMPAH","SUMATERA UTARA","SERDANG BEDAGAI","SER","SEI RAMPAH","SER010","SU"
"SUMATERA UTARA","KAB. SERDANG BEDAGAI","TANJUNG BERINGIN","SUMATERA UTARA","SERDANG BEDAGAI","SER","TANJUNG BERINGIN","SER014","SU"
"SUMATERA UTARA","KAB. SERDANG BEDAGAI","BANDAR KHALIFAH","SUMATERA UTARA","SERDANG BEDAGAI","SER","BANDAR KHALIFAH","SER001","SU"
"SUMATERA UTARA","KAB. SERDANG BEDAGAI","DOLOK MERAWAN","SUMATERA UTARA","SERDANG BEDAGAI","SER","DOLOK MERAWAN","SER004","SU"
"SUMATERA UTARA","KAB. SERDANG BEDAGAI","SIPISPIS","SUMATERA UTARA","SERDANG BEDAGAI","SER","SIPISPIS","SER013","SU"
"SUMATERA UTARA","KAB. SERDANG BEDAGAI","DOLOK MASIHUL","SUMATERA UTARA","SERDANG BEDAGAI","SER","DOLOK MASIHUL","SER003","SU"
"SUMATERA UTARA","KAB. SERDANG BEDAGAI","KOTARIH","SUMATERA UTARA","SERDANG BEDAGAI","SER","KOTARIH","SER005","SU"
"SUMATERA UTARA","KAB. SERDANG BEDAGAI","SILINDA","SUMATERA UTARA","SERDANG BEDAGAI","SER","SILINDA","SER012","SU"
"SUMATERA UTARA","KAB. SERDANG BEDAGAI","SERBA JADI","SUMATERA UTARA","SERDANG BEDAGAI","SER","SERBA JADI-SER","SER011","SU"
"SUMATERA UTARA","KAB. SERDANG BEDAGAI","TEBING TINGGI","SUMATERA UTARA","SERDANG BEDAGAI","SER","TEBING TINGGI-SER","SER016","SU"
"SUMATERA UTARA","KAB. SERDANG BEDAGAI","PEGAJAHAN","SUMATERA UTARA","SERDANG BEDAGAI","SER","PEGAJAHAN","SER007","SU"
"SUMATERA UTARA","KAB. SERDANG BEDAGAI","SEI BAMBAN","SUMATERA UTARA","SERDANG BEDAGAI","SER","SEI BAMBAN","SER009","SU"
"SUMATERA UTARA","KAB. SERDANG BEDAGAI","TEBING SYAHBANDAR","SUMATERA UTARA","SERDANG BEDAGAI","SER","TEBING SYAHBANDAR","SER015","SU"
"SUMATERA UTARA","KAB. SERDANG BEDAGAI","BINTANG BAYU","SUMATERA UTARA","SERDANG BEDAGAI","SER","BINTANG KAYU","SER002","SU"
"SUMATERA UTARA","KAB. SIMALUNGUN","SIANTAR","SUMATERA UTARA","SIMALUNGUN","RYA","SIANTAR","RYA025","SU"
"SUMATERA UTARA","KAB. SIMALUNGUN","GUNUNG MALELA","SUMATERA UTARA","SIMALUNGUN","RYA","GUNUNG MALELA","RYA010","SU"
"SUMATERA UTARA","KAB. SIMALUNGUN","GUNUNG MALIGAS","SUMATERA UTARA","SIMALUNGUN","RYA","GUNUNG MALIGAS","RYA011","SU"
"SUMATERA UTARA","KAB. SIMALUNGUN","PANEI","SUMATERA UTARA","SIMALUNGUN","RYA","PANEI","RYA018","SU"
"SUMATERA UTARA","KAB. SIMALUNGUN","PANOMBEIAN PANE","SUMATERA UTARA","SIMALUNGUN","RYA","PANOMBEIAN PANEI","RYA019","SU"
"SUMATERA UTARA","KAB. SIMALUNGUN","JORLANG HATARAN","SUMATERA UTARA","SIMALUNGUN","RYA","JORLANG HATARAN","RYA016","SU"
"SUMATERA UTARA","KAB. SIMALUNGUN","RAYA KAHEAN","SUMATERA UTARA","SIMALUNGUN","RYA","RAYA KAHEAN","RYA024","SU"
"SUMATERA UTARA","KAB. SIMALUNGUN","BOSAR MALIGAS","SUMATERA UTARA","SIMALUNGUN","RYA","BOSAR MALIGAS","RYA004","SU"
"SUMATERA UTARA","KAB. SIMALUNGUN","SIDAMANIK","SUMATERA UTARA","SIMALUNGUN","RYA","SIDAMANIK","RYA026","SU"
"SUMATERA UTARA","KAB. SIMALUNGUN","PEMATANG SIDAMANIK","SUMATERA UTARA","SIMALUNGUN","RYA","PEMATANG SIDAMANIK","RYA021","SU"
"SUMATERA UTARA","KAB. SIMALUNGUN","TANAH JAWA","SUMATERA UTARA","SIMALUNGUN","RYA","TANAH JAWA","RYA029","SU"
"SUMATERA UTARA","KAB. SIMALUNGUN","HATONDUHAN","SUMATERA UTARA","SIMALUNGUN","RYA","HATONDUHAN","RYA013","SU"
"SUMATERA UTARA","KAB. SIMALUNGUN","DOLOK PANRIBUAN","SUMATERA UTARA","SIMALUNGUN","RYA","DOLOK PANRIBUAN","RYA006","SU"
"SUMATERA UTARA","KAB. SIMALUNGUN","PURBA","SUMATERA UTARA","SIMALUNGUN","RYA","PURBA","RYA022","SU"
"SUMATERA UTARA","KAB. SIMALUNGUN","HARANGGAOL HORISON","SUMATERA UTARA","SIMALUNGUN","RYA","HARANGGAOL HORISON","RYA012","SU"
"SUMATERA UTARA","KAB. SIMALUNGUN","GIRSANG SIPANGAN BOLON","SUMATERA UTARA","SIMALUNGUN","RYA","GIRSANG SIPANGAN BOLON","RYA009","SU"
"SUMATERA UTARA","KAB. SIMALUNGUN","DOLOK BATU NANGGAR","SUMATERA UTARA","SIMALUNGUN","RYA","DOLOK BATU NANGGAR","RYA005","SU"
"SUMATERA UTARA","KAB. SIMALUNGUN","HUTA BAYU RAJA","SUMATERA UTARA","SIMALUNGUN","RYA","HUTA BAYU RAJA","RYA014","SU"
"SUMATERA UTARA","KAB. SIMALUNGUN","JAWA MARAJA BAH JAMBI","SUMATERA UTARA","SIMALUNGUN","RYA","JAWA MARAJA BAH JAMBI","RYA015","SU"
"SUMATERA UTARA","KAB. SIMALUNGUN","DOLOK PARDAMEAN","SUMATERA UTARA","SIMALUNGUN","RYA","DOLOK PARDAMEAN","RYA007","SU"
"SUMATERA UTARA","KAB. SIMALUNGUN","PEMATANG BANDAR","SUMATERA UTARA","SIMALUNGUN","RYA","PEMATANG BANDAR","RYA020","SU"
"SUMATERA UTARA","KAB. SIMALUNGUN","BANDAR HULUAN","SUMATERA UTARA","SIMALUNGUN","RYA","BANDAR HULUAN","RYA002","SU"
"SUMATERA UTARA","KAB. SIMALUNGUN","BANDAR","SUMATERA UTARA","SIMALUNGUN","RYA","BANDAR-RYA","RYA001","SU"
"SUMATERA UTARA","KAB. SIMALUNGUN","BANDAR MASILAM","SUMATERA UTARA","SIMALUNGUN","RYA","BANDAR MASILAM","RYA003","SU"
"SUMATERA UTARA","KAB. SIMALUNGUN","SILIMAKUTA","SUMATERA UTARA","SIMALUNGUN","RYA","SILIMAKUTA","RYA027","SU"
"SUMATERA UTARA","KAB. SIMALUNGUN","DOLOK SILAU","SUMATERA UTARA","SIMALUNGUN","RYA","DOLOK SILAU","RYA008","SU"
"SUMATERA UTARA","KAB. SIMALUNGUN","SILOU KAHEAN","SUMATERA UTARA","SIMALUNGUN","RYA","SILOU KAHEAN","RYA028","SU"
"SUMATERA UTARA","KAB. SIMALUNGUN","TAPIAN DOLOK","SUMATERA UTARA","SIMALUNGUN","RYA","TAPIAN DOLOK","RYA030","SU"
"SUMATERA UTARA","KAB. SIMALUNGUN","RAYA","SUMATERA UTARA","SIMALUNGUN","RYA","RAYA","RYA023","SU"
"SUMATERA UTARA","KAB. SIMALUNGUN","UJUNG PADANG","SUMATERA UTARA","SIMALUNGUN","RYA","UJUNG PADANG","RYA031","SU"
"SUMATERA UTARA","KAB. SIMALUNGUN","PAMATANG SILIMA HUTA","SUMATERA UTARA","SIMALUNGUN","RYA","PEMATANG SILIMA HUTA","RYA017","SU"
"SUMATERA UTARA","KAB. TAPANULI SELATAN","ANGKOLA BARAT","SUMATERA UTARA","SIPIROK","SIK","ANGKOLA BARAT","SIK002","SU"
"SUMATERA UTARA","KAB. TAPANULI SELATAN","BATANG TORU","SUMATERA UTARA","SIPIROK","SIK","BATANG TORU","SIK008","SU"
"SUMATERA UTARA","KAB. TAPANULI SELATAN","ANGKOLA TIMUR","SUMATERA UTARA","SIPIROK","SIK","ANGKOLA TIMUR","SIK005","SU"
"SUMATERA UTARA","KAB. TAPANULI SELATAN","SIPIROK","SUMATERA UTARA","SIPIROK","SIK","SIPIROK","SIK013","SU"
"SUMATERA UTARA","KAB. TAPANULI SELATAN","SAIPAR DOLOK HOLE","SUMATERA UTARA","SIPIROK","SIK","SAIPAR DOLOK HOLE","SIK011","SU"
"SUMATERA UTARA","KAB. TAPANULI SELATAN","ANGKOLA SELATAN","SUMATERA UTARA","SIPIROK","SIK","ANGKOLA SELATAN","SIK004","SU"
"SUMATERA UTARA","KAB. TAPANULI SELATAN","BATANG ANGKOLA","SUMATERA UTARA","SIPIROK","SIK","BATANG ANGKOLA","SIK007","SU"
"SUMATERA UTARA","KAB. TAPANULI SELATAN","ARSE","SUMATERA UTARA","SIPIROK","SIK","ARSE","SIK006","SU"
"SUMATERA UTARA","KAB. TAPANULI SELATAN","MARANCAR","SUMATERA UTARA","SIPIROK","SIK","MARANCAR","SIK009","SU"
"SUMATERA UTARA","KAB. TAPANULI SELATAN","SAYUR MATINGGI","SUMATERA UTARA","SIPIROK","SIK","SAYUR MATINGGI","SIK012","SU"
"SUMATERA UTARA","KAB. TAPANULI SELATAN","AEK BILAH","SUMATERA UTARA","SIPIROK","SIK","AEK BILAH","SIK001","SU"
"SUMATERA UTARA","KAB. TAPANULI SELATAN","MUARA BATANG TORU","SUMATERA UTARA","SIPIROK","SIK","MUARA BATANG TORU","SIK010","SU"
"SUMATERA UTARA","KAB. TAPANULI SELATAN","TANO TOMBANGAN ANGKOLA","SUMATERA UTARA","SIPIROK","SIK","TANO TOMBANGAN ANGKOLA","SIK014","SU"
"SUMATERA UTARA","KAB. TAPANULI SELATAN","ANGKOLA SANGKUNUR","SUMATERA UTARA","SIPIROK","SIK","ANGKOLA SANGKUNUR","SIK003","SU"
"SUMATERA UTARA","KAB. TAPANULI TENGAH","BARUS","SUMATERA UTARA","TAPANULI TENGAH","PDN","BARUS","PDN003","SU"
"SUMATERA UTARA","KAB. TAPANULI TENGAH","SORKAM","SUMATERA UTARA","TAPANULI TENGAH","PDN","SORKAM","PDN015","SU"
"SUMATERA UTARA","KAB. TAPANULI TENGAH","PANDAN","SUMATERA UTARA","TAPANULI TENGAH","PDN","PANDAN","PDN008","SU"
"SUMATERA UTARA","KAB. TAPANULI TENGAH","PINANGSORI","SUMATERA UTARA","TAPANULI TENGAH","PDN","PINANGSORI","PDN010","SU"
"SUMATERA UTARA","KAB. TAPANULI TENGAH","MANDUAMAS","SUMATERA UTARA","TAPANULI TENGAH","PDN","MANDUAMAS","PDN007","SU"
"SUMATERA UTARA","KAB. TAPANULI TENGAH","KOLANG","SUMATERA UTARA","TAPANULI TENGAH","PDN","KOLANG","PDN005","SU"
"SUMATERA UTARA","KAB. TAPANULI TENGAH","TAPIAN NAULI","SUMATERA UTARA","TAPANULI TENGAH","PDN","TAPIAN NAULI","PDN019","SU"
"SUMATERA UTARA","KAB. TAPANULI TENGAH","SIBABANGUN","SUMATERA UTARA","TAPANULI TENGAH","PDN","SIBABANGUN","PDN012","SU"
"SUMATERA UTARA","KAB. TAPANULI TENGAH","SOSORGADONG","SUMATERA UTARA","TAPANULI TENGAH","PDN","SOSOR GADONG","PDN017","SU"
"SUMATERA UTARA","KAB. TAPANULI TENGAH","SORKAM BARAT","SUMATERA UTARA","TAPANULI TENGAH","PDN","SORKAM BARAT","PDN016","SU"
"SUMATERA UTARA","KAB. TAPANULI TENGAH","SIRANDORUNG","SUMATERA UTARA","TAPANULI TENGAH","PDN","SIRANDORUNG","PDN013","SU"
"SUMATERA UTARA","KAB. TAPANULI TENGAH","ANDAM DEWI","SUMATERA UTARA","TAPANULI TENGAH","PDN","ANDAM DEWI","PDN001","SU"
"SUMATERA UTARA","KAB. TAPANULI TENGAH","SITAHUIS","SUMATERA UTARA","TAPANULI TENGAH","PDN","SITAHUIS","PDN014","SU"
"SUMATERA UTARA","KAB. TAPANULI TENGAH","TUKKA","SUMATERA UTARA","TAPANULI TENGAH","PDN","TUKKA","PDN020","SU"
"SUMATERA UTARA","KAB. TAPANULI TENGAH","BADIRI","SUMATERA UTARA","TAPANULI TENGAH","PDN","BADIRI","PDN002","SU"
"SUMATERA UTARA","KAB. TAPANULI TENGAH","PASARIBU TOBING","SUMATERA UTARA","TAPANULI TENGAH","PDN","PASARIBU TOBING","PDN009","SU"
"SUMATERA UTARA","KAB. TAPANULI TENGAH","BARUS UTARA","SUMATERA UTARA","TAPANULI TENGAH","PDN","BARUS UTARA","PDN004","SU"
"SUMATERA UTARA","KAB. TAPANULI TENGAH","SUKA BANGUN","SUMATERA UTARA","TAPANULI TENGAH","PDN","SUKA BANGUN","PDN018","SU"
"SUMATERA UTARA","KAB. TAPANULI TENGAH","LUMUT","SUMATERA UTARA","TAPANULI TENGAH","PDN","LUMUT","PDN006","SU"
"SUMATERA UTARA","KAB. TAPANULI TENGAH","SARUDIK","SUMATERA UTARA","TAPANULI TENGAH","PDN","SARUDIK","PDN011","SU"
"SUMATERA UTARA","KAB. TAPANULI UTARA","TARUTUNG","SUMATERA UTARA","TAPANULI UTARA","SIB","TARUTUNG","SIB015","SU"
"SUMATERA UTARA","KAB. TAPANULI UTARA","SIATAS BARITA","SUMATERA UTARA","TAPANULI UTARA","SIB","SIATAS BARITA","SIB010","SU"
"SUMATERA UTARA","KAB. TAPANULI UTARA","ADIAN KOTING","SUMATERA UTARA","TAPANULI UTARA","SIB","ADIAN KOTING","SIB001","SU"
"SUMATERA UTARA","KAB. TAPANULI UTARA","SIPOHOLON","SUMATERA UTARA","TAPANULI UTARA","SIB","SIPOHOLON","SIB014","SU"
"SUMATERA UTARA","KAB. TAPANULI UTARA","PAHAE JULU","SUMATERA UTARA","TAPANULI UTARA","SIB","PAHAE JULU","SIB006","SU"
"SUMATERA UTARA","KAB. TAPANULI UTARA","PAHAE JAE","SUMATERA UTARA","TAPANULI UTARA","SIB","PAHAE JAE","SIB005","SU"
"SUMATERA UTARA","KAB. TAPANULI UTARA","SIMANGUMBAN","SUMATERA UTARA","TAPANULI UTARA","SIB","SIMANGUMBAN","SIB012","SU"
"SUMATERA UTARA","KAB. TAPANULI UTARA","PURBA TUA","SUMATERA UTARA","TAPANULI UTARA","SIB","PURBATUA","SIB009","SU"
"SUMATERA UTARA","KAB. TAPANULI UTARA","SIBORONG-BORONG","SUMATERA UTARA","TAPANULI UTARA","SIB","SIBORONG-BORONG","SIB011","SU"
"SUMATERA UTARA","KAB. TAPANULI UTARA","PAGARAN","SUMATERA UTARA","TAPANULI UTARA","SIB","PAGARAN","SIB004","SU"
"SUMATERA UTARA","KAB. TAPANULI UTARA","PARMONANGAN","SUMATERA UTARA","TAPANULI UTARA","SIB","PARMONANGAN","SIB008","SU"
"SUMATERA UTARA","KAB. TAPANULI UTARA","SIPAHUTAR","SUMATERA UTARA","TAPANULI UTARA","SIB","SIPAHUTAR","SIB013","SU"
"SUMATERA UTARA","KAB. TAPANULI UTARA","PANGARIBUAN","SUMATERA UTARA","TAPANULI UTARA","SIB","PANGARIBUAN","SIB007","SU"
"SUMATERA UTARA","KAB. TAPANULI UTARA","GAROGA","SUMATERA UTARA","TAPANULI UTARA","SIB","GAROGA","SIB002","SU"
"SUMATERA UTARA","KAB. TAPANULI UTARA","MUARA","SUMATERA UTARA","TAPANULI UTARA","SIB","MUARA-SIB","SIB003","SU"
"SUMATERA UTARA","KAB. TOBA SAMOSIR","BALIGE","SUMATERA UTARA","TOBA SAMOSIR","BAE","BALIGE","BAE002","SU"
"SUMATERA UTARA","KAB. TOBA SAMOSIR","LAGUBOTI","SUMATERA UTARA","TOBA SAMOSIR","BAE","LAGUBOTI","BAE006","SU"
"SUMATERA UTARA","KAB. TOBA SAMOSIR","SILAEN","SUMATERA UTARA","TOBA SAMOSIR","BAE","SILAEN","BAE014","SU"
"SUMATERA UTARA","KAB. TOBA SAMOSIR","HABINSARAN","SUMATERA UTARA","TOBA SAMOSIR","BAE","HABINSARAN","BAE005","SU"
"SUMATERA UTARA","KAB. TOBA SAMOSIR","PINTU POHAN MERANTI","SUMATERA UTARA","TOBA SAMOSIR","BAE","PINTU POHAN MERANTI","BAE010","SU"
"SUMATERA UTARA","KAB. TOBA SAMOSIR","BORBOR","SUMATERA UTARA","TOBA SAMOSIR","BAE","BOR-BOR","BAE004","SU"
"SUMATERA UTARA","KAB. TOBA SAMOSIR","PORSEA","SUMATERA UTARA","TOBA SAMOSIR","BAE","PORSEA","BAE011","SU"
"SUMATERA UTARA","KAB. TOBA SAMOSIR","AJIBATA","SUMATERA UTARA","TOBA SAMOSIR","BAE","AJIBATA","BAE001","SU"
"SUMATERA UTARA","KAB. TOBA SAMOSIR","LUMBAN JULU","SUMATERA UTARA","TOBA SAMOSIR","BAE","LUMBAN JULU","BAE007","SU"
"SUMATERA UTARA","KAB. TOBA SAMOSIR","ULUAN","SUMATERA UTARA","TOBA SAMOSIR","BAE","ULUAN","BAE016","SU"
"SUMATERA UTARA","KAB. TOBA SAMOSIR","SIGUMPAR","SUMATERA UTARA","TOBA SAMOSIR","BAE","SIGUMPAR","BAE013","SU"
"SUMATERA UTARA","KAB. TOBA SAMOSIR","SIANTAR NARUMONDA","SUMATERA UTARA","TOBA SAMOSIR","BAE","SIANTAR NARUMONDA","BAE012","SU"
"SUMATERA UTARA","KAB. TOBA SAMOSIR","NASSAU","SUMATERA UTARA","TOBA SAMOSIR","BAE","NASSAU","BAE008","SU"
"SUMATERA UTARA","KAB. TOBA SAMOSIR","TAMPAHAN","SUMATERA UTARA","TOBA SAMOSIR","BAE","TAMPAHAN","BAE015","SU"
"SUMATERA UTARA","KAB. TOBA SAMOSIR","BONATUA LUNASI","SUMATERA UTARA","TOBA SAMOSIR","BAE","BONATUA LUNASI","BAE003","SU"
"SUMATERA UTARA","KAB. TOBA SAMOSIR","PARMAKSIAN","SUMATERA UTARA","TOBA SAMOSIR","BAE","PARMAKSIAN","BAE009","SU"
"SUMATERA UTARA","KOTA BINJAI","BINJAI UTARA","SUMATERA UTARA","BINJAI","BJI","BINJAI UTARA","BJI002","SU"
"SUMATERA UTARA","KOTA BINJAI","BINJAI KOTA","SUMATERA UTARA","BINJAI","BJI","BINJAI KOTA","BJI001","SU"
"SUMATERA UTARA","KOTA BINJAI","BINJAI BARAT","SUMATERA UTARA","BINJAI","BJI","BINJAI BARAT","BJI004","SU"
"SUMATERA UTARA","KOTA BINJAI","BINJAI TIMUR","SUMATERA UTARA","BINJAI","BJI","BINJAI TIMUR","BJI005","SU"
"SUMATERA UTARA","KOTA BINJAI","BINJAI SELATAN","SUMATERA UTARA","BINJAI","BJI","BINJAI SELATAN","BJI003","SU"
"SUMATERA UTARA","KOTA GUNUNGSITOLI","GUNUNGSITOLI","SUMATERA UTARA","GUNUNG SITOLI","GNS","GUNUNG SITOLI","GNS001","SU"
"SUMATERA UTARA","KOTA GUNUNGSITOLI","GUNUNGSITOLI SELATAN","SUMATERA UTARA","GUNUNG SITOLI","GNS","GUNUNG SITOLI SELATAN","GNS005","SU"
"SUMATERA UTARA","KOTA GUNUNGSITOLI","GUNUNGSITOLI UTARA","SUMATERA UTARA","GUNUNG SITOLI","GNS","GUNUNG SITOLI UTARA","GNS006","SU"
"SUMATERA UTARA","KOTA GUNUNGSITOLI","GUNUNGSITOLI IDANOI","SUMATERA UTARA","GUNUNG SITOLI","GNS","GUNUNG SITOLI IDANOI","GNS004","SU"
"SUMATERA UTARA","KOTA GUNUNGSITOLI","GUNUNGSITOLI ALO'OA","SUMATERA UTARA","GUNUNG SITOLI","GNS","GUNUNG SITOLI ALO OA","GNS002","SU"
"SUMATERA UTARA","KOTA GUNUNGSITOLI","GUNUNGSITOLI BARAT","SUMATERA UTARA","GUNUNG SITOLI","GNS","GUNUNG SITOLI BARAT","GNS003","SU"
"SUMATERA UTARA","KOTA MEDAN","MEDAN KOTA","SUMATERA UTARA","MEDAN","MES","MEDAN KOTA","MES007","SU"
"SUMATERA UTARA","KOTA MEDAN","MEDAN SUNGGAL","SUMATERA UTARA","MEDAN","MES","SUNGGAL-MES","MES019","SU"
"SUMATERA UTARA","KOTA MEDAN","MEDAN HELVETIA","SUMATERA UTARA","MEDAN","MES","HELVETIA","MES021","SU"
"SUMATERA UTARA","KOTA MEDAN","MEDAN DENAI","SUMATERA UTARA","MEDAN","MES","DENAI","MES010","SU"
"SUMATERA UTARA","KOTA MEDAN","MEDAN BARAT","SUMATERA UTARA","MEDAN","MES","BARAT-MES","MES016","SU"
"SUMATERA UTARA","KOTA MEDAN","MEDAN DELI","SUMATERA UTARA","MEDAN","MES","DELI","MES017","SU"
"SUMATERA UTARA","KOTA MEDAN","MEDAN TUNTUNGAN","SUMATERA UTARA","MEDAN","MES","TUNTUNGAN","MES020","SU"
"SUMATERA UTARA","KOTA MEDAN","MEDAN BELAWAN","SUMATERA UTARA","MEDAN","MES","BELAWAN","MES008","SU"
"SUMATERA UTARA","KOTA MEDAN","MEDAN AMPLAS","SUMATERA UTARA","MEDAN","MES","AMPLAS","MES001","SU"
"SUMATERA UTARA","KOTA MEDAN","MEDAN AREA","SUMATERA UTARA","MEDAN","MES","AREA","MES009","SU"
"SUMATERA UTARA","KOTA MEDAN","MEDAN JOHOR","SUMATERA UTARA","MEDAN","MES","JOHOR","MES003","SU"
"SUMATERA UTARA","KOTA MEDAN","MEDAN MARELAN","SUMATERA UTARA","MEDAN","MES","MARELAN","MES022","SU"
"SUMATERA UTARA","KOTA MEDAN","MEDAN LABUHAN","SUMATERA UTARA","MEDAN","MES","LABUHAN","MES004","SU"
"SUMATERA UTARA","KOTA MEDAN","MEDAN TEMBUNG","SUMATERA UTARA","MEDAN","MES","TEMBUNG","MES011","SU"
"SUMATERA UTARA","KOTA MEDAN","MEDAN MAIMUN","SUMATERA UTARA","MEDAN","MES","MAIMUN","MES005","SU"
"SUMATERA UTARA","KOTA MEDAN","MEDAN POLONIA","SUMATERA UTARA","MEDAN","MES","POLONIA","MES006","SU"
"SUMATERA UTARA","KOTA MEDAN","MEDAN BARU","SUMATERA UTARA","MEDAN","MES","BARU","MES002","SU"
"SUMATERA UTARA","KOTA MEDAN","MEDAN PERJUANGAN","SUMATERA UTARA","MEDAN","MES","PERJUANGAN","MES014","SU"
"SUMATERA UTARA","KOTA MEDAN","MEDAN PETISAH","SUMATERA UTARA","MEDAN","MES","PETISAH","MES015","SU"
"SUMATERA UTARA","KOTA MEDAN","MEDAN TIMUR","SUMATERA UTARA","MEDAN","MES","MEDAN TIMUR","MES013","SU"
"SUMATERA UTARA","KOTA MEDAN","MEDAN SELAYANG","SUMATERA UTARA","MEDAN","MES","SELAYANG","MES018","SU"
"SUMATERA UTARA","KOTA PADANGSIDIMPUAN","PADANGSIDIMPUAN UTARA","SUMATERA UTARA","TAPANULI SELATAN","PDS","PADANG SIDEMPUN UTARA","PDS006","SU"
"SUMATERA UTARA","KOTA PADANGSIDIMPUAN","PADANGSIDIMPUAN SELATAN","SUMATERA UTARA","TAPANULI SELATAN","PDS","PADANG SIDEMPUN SELATAN","PDS004","SU"
"SUMATERA UTARA","KOTA PADANGSIDIMPUAN","PADANGSIDIMPUAN BATUNADUA","SUMATERA UTARA","TAPANULI SELATAN","PDS","PADANG SIDEMPUN BATUNADUA","PDS002","SU"
"SUMATERA UTARA","KOTA PADANGSIDIMPUAN","PADANGSIDIMPUAN HUTAIMBARU","SUMATERA UTARA","TAPANULI SELATAN","PDS","PADANG SIDEMPUN HUTAIMBARU","PDS003","SU"
"SUMATERA UTARA","KOTA PADANGSIDIMPUAN","PADANGSIDIMPUAN TENGGARA","SUMATERA UTARA","TAPANULI SELATAN","PDS","PADANG SIDEMPUN TENGGARA","PDS005","SU"
"SUMATERA UTARA","KOTA PADANGSIDIMPUAN","PADANGSIDIMPUAN ANGKOLA JULU","SUMATERA UTARA","TAPANULI SELATAN","PDS","PADANG SIDEMPUN ANGKOLA JULU","PDS001","SU"
"SUMATERA UTARA","KOTA PEMATANGSIANTAR","SIANTAR TIMUR","SUMATERA UTARA","PEMATANG SIANTAR","PMS","SIANTAR TIMUR","PMS005","SU"
"SUMATERA UTARA","KOTA PEMATANGSIANTAR","SIANTAR BARAT","SUMATERA UTARA","PEMATANG SIANTAR","PMS","SIANTAR BARAT","PMS001","SU"
"SUMATERA UTARA","KOTA PEMATANGSIANTAR","SIANTAR UTARA","SUMATERA UTARA","PEMATANG SIANTAR","PMS","SIANTAR UTARA","PMS006","SU"
"SUMATERA UTARA","KOTA PEMATANGSIANTAR","SIANTAR SELATAN","SUMATERA UTARA","PEMATANG SIANTAR","PMS","SIANTAR SELATAN","PMS004","SU"
"SUMATERA UTARA","KOTA PEMATANGSIANTAR","SIANTAR MARIHAT","SUMATERA UTARA","PEMATANG SIANTAR","PMS","SIANTAR MARIHAT","PMS002","SU"
"SUMATERA UTARA","KOTA PEMATANGSIANTAR","SIANTAR MARTOBA","SUMATERA UTARA","PEMATANG SIANTAR","PMS","SIANTAR MARTOBA","PMS003","SU"
"SUMATERA UTARA","KOTA PEMATANGSIANTAR","SIANTAR SITALASARI","SUMATERA UTARA","PEMATANG SIANTAR","PMS","SIANTAR SITALASARI","PMS008","SU"
"SUMATERA UTARA","KOTA PEMATANGSIANTAR","SIANTAR MARIMBUN","SUMATERA UTARA","PEMATANG SIANTAR","PMS","SIANTAR MARIMBUN","PMS007","SU"
"SUMATERA UTARA","KOTA SIBOLGA","SIBOLGA UTARA","SUMATERA UTARA","SIBOLGA","SOB","SIBOLGA UTARA","SOB004","SU"
"SUMATERA UTARA","KOTA SIBOLGA","SIBOLGA KOTA","SUMATERA UTARA","SIBOLGA","SOB","SIBOLGA KOTA","SOB001","SU"
"SUMATERA UTARA","KOTA SIBOLGA","SIBOLGA SELATAN","SUMATERA UTARA","SIBOLGA","SOB","SIBOLGA SELATAN","SOB003","SU"
"SUMATERA UTARA","KOTA SIBOLGA","SIBOLGA SAMBAS","SUMATERA UTARA","SIBOLGA","SOB","SIBOLGA SAMBAS","SOB002","SU"
"SUMATERA UTARA","KOTA TANJUNG BALAI","TANJUNG BALAI SELATAN","SUMATERA UTARA","TANJUNG BALAI","TJB","TANJUNG BALAI SELATAN","TJB004","SU"
"SUMATERA UTARA","KOTA TANJUNG BALAI","TANJUNG BALAI UTARA","SUMATERA UTARA","TANJUNG BALAI","TJB","TANJUNG BALAI UTARA","TJB005","SU"
"SUMATERA UTARA","KOTA TANJUNG BALAI","SEI TUALANG RASO","SUMATERA UTARA","TANJUNG BALAI","TJB","SEI TUALANG RASO","TJB003","SU"
"SUMATERA UTARA","KOTA TANJUNG BALAI","TELUK NIBUNG","SUMATERA UTARA","TANJUNG BALAI","TJB","TELUK NIBUNG","TJB006","SU"
"SUMATERA UTARA","KOTA TANJUNG BALAI","DATUK BANDAR","SUMATERA UTARA","TANJUNG BALAI","TJB","DATUK BANDAR","TJB001","SU"
"SUMATERA UTARA","KOTA TANJUNG BALAI","DATUK BANDAR TIMUR","SUMATERA UTARA","TANJUNG BALAI","TJB","DATUK BANDAR TIMUR","TJB002","SU"
"SUMATERA UTARA","KOTA TEBING TINGGI","PADANG HULU","SUMATERA UTARA","TEBING TINGGI","TTG","PADANG HULU","TTG004","SU"
"SUMATERA UTARA","KOTA TEBING TINGGI","RAMBUTAN","SUMATERA UTARA","TEBING TINGGI","TTG","RAMBUTAN-TTG","TTG005","SU"
"SUMATERA UTARA","KOTA TEBING TINGGI","PADANG HILIR","SUMATERA UTARA","TEBING TINGGI","TTG","PADANG HILIR","TTG003","SU"
"SUMATERA UTARA","KOTA TEBING TINGGI","BAJENIS","SUMATERA UTARA","TEBING TINGGI","TTG","BAJENIS","TTG002","SU"
"SUMATERA UTARA","KOTA TEBING TINGGI","TEBING TINGGI KOTA","SUMATERA UTARA","TEBING TINGGI","TTG","TEBING TINGGI-TTG","TTG001","SU"
